ISO-10303-21;
HEADER;
FILE_DESCRIPTION(('FreeCAD Model'),'2;1');
FILE_NAME('Open CASCADE Shape Model','2026-10-08T17:29:46',(''),(''),
  'Open CASCADE STEP processor 7.8','FreeCAD','Unknown');
FILE_SCHEMA(('AUTOMOTIVE_DESIGN { 1 0 10303 214 1 1 1 1 }'));
ENDSEC;
DATA;
#1 = APPLICATION_PROTOCOL_DEFINITION('international standard',
  'automotive_design',2000,#2);
#2 = APPLICATION_CONTEXT(
  'core data for automotive mechanical design processes');
#3 = SHAPE_DEFINITION_REPRESENTATION(#4,#10);
#4 = PRODUCT_DEFINITION_SHAPE('','',#5);
#5 = PRODUCT_DEFINITION('design','',#6,#9);
#6 = PRODUCT_DEFINITION_FORMATION('','',#7);
#7 = PRODUCT('foot','foot','',(#8));
#8 = PRODUCT_CONTEXT('',#2,'mechanical');
#9 = PRODUCT_DEFINITION_CONTEXT('part definition',#2,'design');
#10 = ADVANCED_BREP_SHAPE_REPRESENTATION('',(#11,#15),#7199);
#11 = AXIS2_PLACEMENT_3D('',#12,#13,#14);
#12 = CARTESIAN_POINT('',(0.,0.,0.));
#13 = DIRECTION('',(0.,0.,1.));
#14 = DIRECTION('',(1.,0.,-0.));
#15 = MANIFOLD_SOLID_BREP('',#16);
#16 = CLOSED_SHELL('',(#17,#106,#322,#1149,#1198,#1275,#1307,#1356,#1433
    ,#1460,#1534,#1558,#1650,#1677,#1780,#1787,#1868,#1921,#1969,#2580,
    #2747,#2956,#3448,#3497,#3598,#3647,#3696,#3745,#3799,#3848,#3897,
    #3951,#4000,#4049,#4098,#4147,#4201,#4250,#4299,#4353,#4402,#4451,
    #4478,#4505,#4672,#4703,#4756,#4782,#4828,#4878,#4928,#4956,#5446,
    #5453,#5460,#5467,#5474,#5481,#5667,#6382,#6392,#6451,#6504,#6557,
    #6605,#6884,#6911,#7007,#7057,#7151,#7179,#7185,#7192));
#17 = ADVANCED_FACE('',(#18),#32,.T.);
#18 = FACE_BOUND('',#19,.T.);
#19 = EDGE_LOOP('',(#20,#55,#84));
#20 = ORIENTED_EDGE('',*,*,#21,.T.);
#21 = EDGE_CURVE('',#22,#24,#26,.T.);
#22 = VERTEX_POINT('',#23);
#23 = CARTESIAN_POINT('',(24.798658394199,10.753073981927,
    10.208333333333));
#24 = VERTEX_POINT('',#25);
#25 = CARTESIAN_POINT('',(19.746926018073,5.701341605801,10.208333333333
    ));
#26 = SURFACE_CURVE('',#27,(#31,#43),.PCURVE_S1.);
#27 = LINE('',#28,#29);
#28 = CARTESIAN_POINT('',(24.798658394199,10.753073981927,
    10.208333333333));
#29 = VECTOR('',#30,1.);
#30 = DIRECTION('',(-0.707106781187,-0.707106781187,0.));
#31 = PCURVE('',#32,#37);
#32 = PLANE('',#33);
#33 = AXIS2_PLACEMENT_3D('',#34,#35,#36);
#34 = CARTESIAN_POINT('',(21.,9.5,10.208333333333));
#35 = DIRECTION('',(0.,0.,1.));
#36 = DIRECTION('',(1.,0.,0.));
#37 = DEFINITIONAL_REPRESENTATION('',(#38),#42);
#38 = LINE('',#39,#40);
#39 = CARTESIAN_POINT('',(3.798658394199,1.253073981927));
#40 = VECTOR('',#41,1.);
#41 = DIRECTION('',(-0.707106781187,-0.707106781187));
#42 = ( GEOMETRIC_REPRESENTATION_CONTEXT(2) 
PARAMETRIC_REPRESENTATION_CONTEXT() REPRESENTATION_CONTEXT('2D SPACE',''
  ) );
#43 = PCURVE('',#44,#49);
#44 = PLANE('',#45);
#45 = AXIS2_PLACEMENT_3D('',#46,#47,#48);
#46 = CARTESIAN_POINT('',(22.272792206136,8.227207793864,10.055312669498
    ));
#47 = DIRECTION('',(-0.707106781187,0.707106781187,1.058855115102E-14));
#48 = DIRECTION('',(0.707106781187,0.707106781187,0.));
#49 = DEFINITIONAL_REPRESENTATION('',(#50),#54);
#50 = LINE('',#51,#52);
#51 = CARTESIAN_POINT('',(3.572114219898,-0.153020663835));
#52 = VECTOR('',#53,1.);
#53 = DIRECTION('',(-1.,-2.351130657057E-30));
#54 = ( GEOMETRIC_REPRESENTATION_CONTEXT(2) 
PARAMETRIC_REPRESENTATION_CONTEXT() REPRESENTATION_CONTEXT('2D SPACE',''
  ) );
#55 = ORIENTED_EDGE('',*,*,#56,.T.);
#56 = EDGE_CURVE('',#24,#57,#59,.T.);
#57 = VERTEX_POINT('',#58);
#58 = CARTESIAN_POINT('',(25.,9.5,10.208333333333));
#59 = SURFACE_CURVE('',#60,(#65,#72),.PCURVE_S1.);
#60 = CIRCLE('',#61,4.);
#61 = AXIS2_PLACEMENT_3D('',#62,#63,#64);
#62 = CARTESIAN_POINT('',(21.,9.5,10.208333333333));
#63 = DIRECTION('',(0.,0.,1.));
#64 = DIRECTION('',(1.,0.,0.));
#65 = PCURVE('',#32,#66);
#66 = DEFINITIONAL_REPRESENTATION('',(#67),#71);
#67 = CIRCLE('',#68,4.);
#68 = AXIS2_PLACEMENT_2D('',#69,#70);
#69 = CARTESIAN_POINT('',(0.,0.));
#70 = DIRECTION('',(1.,0.));
#71 = ( GEOMETRIC_REPRESENTATION_CONTEXT(2) 
PARAMETRIC_REPRESENTATION_CONTEXT() REPRESENTATION_CONTEXT('2D SPACE',''
  ) );
#72 = PCURVE('',#73,#78);
#73 = CYLINDRICAL_SURFACE('',#74,4.);
#74 = AXIS2_PLACEMENT_3D('',#75,#76,#77);
#75 = CARTESIAN_POINT('',(21.,9.5,25.625));
#76 = DIRECTION('',(-0.,-0.,-1.));
#77 = DIRECTION('',(1.,0.,0.));
#78 = DEFINITIONAL_REPRESENTATION('',(#79),#83);
#79 = LINE('',#80,#81);
#80 = CARTESIAN_POINT('',(8.881784197001E-16,15.416666666667));
#81 = VECTOR('',#82,1.);
#82 = DIRECTION('',(-1.,0.));
#83 = ( GEOMETRIC_REPRESENTATION_CONTEXT(2) 
PARAMETRIC_REPRESENTATION_CONTEXT() REPRESENTATION_CONTEXT('2D SPACE',''
  ) );
#84 = ORIENTED_EDGE('',*,*,#85,.T.);
#85 = EDGE_CURVE('',#57,#22,#86,.T.);
#86 = SURFACE_CURVE('',#87,(#92,#99),.PCURVE_S1.);
#87 = CIRCLE('',#88,4.);
#88 = AXIS2_PLACEMENT_3D('',#89,#90,#91);
#89 = CARTESIAN_POINT('',(21.,9.5,10.208333333333));
#90 = DIRECTION('',(0.,0.,1.));
#91 = DIRECTION('',(1.,0.,0.));
#92 = PCURVE('',#32,#93);
#93 = DEFINITIONAL_REPRESENTATION('',(#94),#98);
#94 = CIRCLE('',#95,4.);
#95 = AXIS2_PLACEMENT_2D('',#96,#97);
#96 = CARTESIAN_POINT('',(0.,0.));
#97 = DIRECTION('',(1.,0.));
#98 = ( GEOMETRIC_REPRESENTATION_CONTEXT(2) 
PARAMETRIC_REPRESENTATION_CONTEXT() REPRESENTATION_CONTEXT('2D SPACE',''
  ) );
#99 = PCURVE('',#73,#100);
#100 = DEFINITIONAL_REPRESENTATION('',(#101),#105);
#101 = LINE('',#102,#103);
#102 = CARTESIAN_POINT('',(-6.28318530718,15.416666666667));
#103 = VECTOR('',#104,1.);
#104 = DIRECTION('',(-1.,0.));
#105 = ( GEOMETRIC_REPRESENTATION_CONTEXT(2) 
PARAMETRIC_REPRESENTATION_CONTEXT() REPRESENTATION_CONTEXT('2D SPACE',''
  ) );
#106 = ADVANCED_FACE('',(#107),#44,.T.);
#107 = FACE_BOUND('',#108,.T.);
#108 = EDGE_LOOP('',(#109,#110,#133,#161,#189,#217,#245,#273,#301));
#109 = ORIENTED_EDGE('',*,*,#21,.F.);
#110 = ORIENTED_EDGE('',*,*,#111,.T.);
#111 = EDGE_CURVE('',#22,#112,#114,.T.);
#112 = VERTEX_POINT('',#113);
#113 = CARTESIAN_POINT('',(24.798658394199,10.753073981927,
    10.008333333333));
#114 = SURFACE_CURVE('',#115,(#119,#126),.PCURVE_S1.);
#115 = LINE('',#116,#117);
#116 = CARTESIAN_POINT('',(24.798658394199,10.753073981927,
    10.208333333333));
#117 = VECTOR('',#118,1.);
#118 = DIRECTION('',(-0.,-0.,-1.));
#119 = PCURVE('',#44,#120);
#120 = DEFINITIONAL_REPRESENTATION('',(#121),#125);
#121 = LINE('',#122,#123);
#122 = CARTESIAN_POINT('',(3.572114219898,-0.153020663835));
#123 = VECTOR('',#124,1.);
#124 = DIRECTION('',(0.,1.));
#125 = ( GEOMETRIC_REPRESENTATION_CONTEXT(2) 
PARAMETRIC_REPRESENTATION_CONTEXT() REPRESENTATION_CONTEXT('2D SPACE',''
  ) );
#126 = PCURVE('',#73,#127);
#127 = DEFINITIONAL_REPRESENTATION('',(#128),#132);
#128 = LINE('',#129,#130);
#129 = CARTESIAN_POINT('',(-6.60181813153,15.416666666667));
#130 = VECTOR('',#131,1.);
#131 = DIRECTION('',(-0.,1.));
#132 = ( GEOMETRIC_REPRESENTATION_CONTEXT(2) 
PARAMETRIC_REPRESENTATION_CONTEXT() REPRESENTATION_CONTEXT('2D SPACE',''
  ) );
#133 = ORIENTED_EDGE('',*,*,#134,.T.);
#134 = EDGE_CURVE('',#112,#135,#137,.T.);
#135 = VERTEX_POINT('',#136);
#136 = CARTESIAN_POINT('',(23.545584412272,9.5,10.008333333333));
#137 = SURFACE_CURVE('',#138,(#142,#149),.PCURVE_S1.);
#138 = LINE('',#139,#140);
#139 = CARTESIAN_POINT('',(24.798658394199,10.753073981927,
    10.008333333333));
#140 = VECTOR('',#141,1.);
#141 = DIRECTION('',(-0.707106781187,-0.707106781187,0.));
#142 = PCURVE('',#44,#143);
#143 = DEFINITIONAL_REPRESENTATION('',(#144),#148);
#144 = LINE('',#145,#146);
#145 = CARTESIAN_POINT('',(3.572114219898,4.697933616512E-02));
#146 = VECTOR('',#147,1.);
#147 = DIRECTION('',(-1.,-2.351130657057E-30));
#148 = ( GEOMETRIC_REPRESENTATION_CONTEXT(2) 
PARAMETRIC_REPRESENTATION_CONTEXT() REPRESENTATION_CONTEXT('2D SPACE',''
  ) );
#149 = PCURVE('',#150,#155);
#150 = PLANE('',#151);
#151 = AXIS2_PLACEMENT_3D('',#152,#153,#154);
#152 = CARTESIAN_POINT('',(21.,9.5,10.008333333333));
#153 = DIRECTION('',(0.,0.,1.));
#154 = DIRECTION('',(1.,0.,0.));
#155 = DEFINITIONAL_REPRESENTATION('',(#156),#160);
#156 = LINE('',#157,#158);
#157 = CARTESIAN_POINT('',(3.798658394199,1.253073981927));
#158 = VECTOR('',#159,1.);
#159 = DIRECTION('',(-0.707106781187,-0.707106781187));
#160 = ( GEOMETRIC_REPRESENTATION_CONTEXT(2) 
PARAMETRIC_REPRESENTATION_CONTEXT() REPRESENTATION_CONTEXT('2D SPACE',''
  ) );
#161 = ORIENTED_EDGE('',*,*,#162,.T.);
#162 = EDGE_CURVE('',#135,#163,#165,.T.);
#163 = VERTEX_POINT('',#164);
#164 = CARTESIAN_POINT('',(23.545584412272,9.5,9.808333333333));
#165 = SURFACE_CURVE('',#166,(#170,#177),.PCURVE_S1.);
#166 = LINE('',#167,#168);
#167 = CARTESIAN_POINT('',(23.545584412272,9.5,10.008333333333));
#168 = VECTOR('',#169,1.);
#169 = DIRECTION('',(-0.,-0.,-1.));
#170 = PCURVE('',#44,#171);
#171 = DEFINITIONAL_REPRESENTATION('',(#172),#176);
#172 = LINE('',#173,#174);
#173 = CARTESIAN_POINT('',(1.8,4.697933616512E-02));
#174 = VECTOR('',#175,1.);
#175 = DIRECTION('',(0.,1.));
#176 = ( GEOMETRIC_REPRESENTATION_CONTEXT(2) 
PARAMETRIC_REPRESENTATION_CONTEXT() REPRESENTATION_CONTEXT('2D SPACE',''
  ) );
#177 = PCURVE('',#178,#183);
#178 = PLANE('',#179);
#179 = AXIS2_PLACEMENT_3D('',#180,#181,#182);
#180 = CARTESIAN_POINT('',(22.272792206136,10.772792206136,
    9.908333333333));
#181 = DIRECTION('',(-0.707106781187,-0.707106781187,-4.648300042156E-16
    ));
#182 = DIRECTION('',(0.707106781187,-0.707106781187,0.));
#183 = DEFINITIONAL_REPRESENTATION('',(#184),#188);
#184 = LINE('',#185,#186);
#185 = CARTESIAN_POINT('',(1.8,9.999999999999E-02));
#186 = VECTOR('',#187,1.);
#187 = DIRECTION('',(0.,-1.));
#188 = ( GEOMETRIC_REPRESENTATION_CONTEXT(2) 
PARAMETRIC_REPRESENTATION_CONTEXT() REPRESENTATION_CONTEXT('2D SPACE',''
  ) );
#189 = ORIENTED_EDGE('',*,*,#190,.T.);
#190 = EDGE_CURVE('',#163,#191,#193,.T.);
#191 = VERTEX_POINT('',#192);
#192 = CARTESIAN_POINT('',(22.272792206136,8.227207793864,9.808333333333
    ));
#193 = SURFACE_CURVE('',#194,(#198,#205),.PCURVE_S1.);
#194 = LINE('',#195,#196);
#195 = CARTESIAN_POINT('',(23.545584412272,9.5,9.808333333333));
#196 = VECTOR('',#197,1.);
#197 = DIRECTION('',(-0.707106781187,-0.707106781187,0.));
#198 = PCURVE('',#44,#199);
#199 = DEFINITIONAL_REPRESENTATION('',(#200),#204);
#200 = LINE('',#201,#202);
#201 = CARTESIAN_POINT('',(1.8,0.246979336165));
#202 = VECTOR('',#203,1.);
#203 = DIRECTION('',(-1.,3.056469854174E-29));
#204 = ( GEOMETRIC_REPRESENTATION_CONTEXT(2) 
PARAMETRIC_REPRESENTATION_CONTEXT() REPRESENTATION_CONTEXT('2D SPACE',''
  ) );
#205 = PCURVE('',#206,#211);
#206 = PLANE('',#207);
#207 = AXIS2_PLACEMENT_3D('',#208,#209,#210);
#208 = CARTESIAN_POINT('',(21.,9.5,9.808333333333));
#209 = DIRECTION('',(0.,0.,1.));
#210 = DIRECTION('',(1.,0.,0.));
#211 = DEFINITIONAL_REPRESENTATION('',(#212),#216);
#212 = LINE('',#213,#214);
#213 = CARTESIAN_POINT('',(2.545584412272,-1.42108547152E-14));
#214 = VECTOR('',#215,1.);
#215 = DIRECTION('',(-0.707106781187,-0.707106781187));
#216 = ( GEOMETRIC_REPRESENTATION_CONTEXT(2) 
PARAMETRIC_REPRESENTATION_CONTEXT() REPRESENTATION_CONTEXT('2D SPACE',''
  ) );
#217 = ORIENTED_EDGE('',*,*,#218,.T.);
#218 = EDGE_CURVE('',#191,#219,#221,.T.);
#219 = VERTEX_POINT('',#220);
#220 = CARTESIAN_POINT('',(21.,6.954415587728,9.808333333333));
#221 = SURFACE_CURVE('',#222,(#226,#233),.PCURVE_S1.);
#222 = LINE('',#223,#224);
#223 = CARTESIAN_POINT('',(23.545584412272,9.5,9.808333333333));
#224 = VECTOR('',#225,1.);
#225 = DIRECTION('',(-0.707106781187,-0.707106781187,0.));
#226 = PCURVE('',#44,#227);
#227 = DEFINITIONAL_REPRESENTATION('',(#228),#232);
#228 = LINE('',#229,#230);
#229 = CARTESIAN_POINT('',(1.8,0.246979336165));
#230 = VECTOR('',#231,1.);
#231 = DIRECTION('',(-1.,3.056469854174E-29));
#232 = ( GEOMETRIC_REPRESENTATION_CONTEXT(2) 
PARAMETRIC_REPRESENTATION_CONTEXT() REPRESENTATION_CONTEXT('2D SPACE',''
  ) );
#233 = PCURVE('',#234,#239);
#234 = PLANE('',#235);
#235 = AXIS2_PLACEMENT_3D('',#236,#237,#238);
#236 = CARTESIAN_POINT('',(21.,9.5,9.808333333333));
#237 = DIRECTION('',(0.,0.,1.));
#238 = DIRECTION('',(1.,0.,0.));
#239 = DEFINITIONAL_REPRESENTATION('',(#240),#244);
#240 = LINE('',#241,#242);
#241 = CARTESIAN_POINT('',(2.545584412272,-1.42108547152E-14));
#242 = VECTOR('',#243,1.);
#243 = DIRECTION('',(-0.707106781187,-0.707106781187));
#244 = ( GEOMETRIC_REPRESENTATION_CONTEXT(2) 
PARAMETRIC_REPRESENTATION_CONTEXT() REPRESENTATION_CONTEXT('2D SPACE',''
  ) );
#245 = ORIENTED_EDGE('',*,*,#246,.F.);
#246 = EDGE_CURVE('',#247,#219,#249,.T.);
#247 = VERTEX_POINT('',#248);
#248 = CARTESIAN_POINT('',(21.,6.954415587728,10.008333333333));
#249 = SURFACE_CURVE('',#250,(#254,#261),.PCURVE_S1.);
#250 = LINE('',#251,#252);
#251 = CARTESIAN_POINT('',(21.,6.954415587728,10.008333333333));
#252 = VECTOR('',#253,1.);
#253 = DIRECTION('',(-0.,-0.,-1.));
#254 = PCURVE('',#44,#255);
#255 = DEFINITIONAL_REPRESENTATION('',(#256),#260);
#256 = LINE('',#257,#258);
#257 = CARTESIAN_POINT('',(-1.8,4.697933616512E-02));
#258 = VECTOR('',#259,1.);
#259 = DIRECTION('',(0.,1.));
#260 = ( GEOMETRIC_REPRESENTATION_CONTEXT(2) 
PARAMETRIC_REPRESENTATION_CONTEXT() REPRESENTATION_CONTEXT('2D SPACE',''
  ) );
#261 = PCURVE('',#262,#267);
#262 = PLANE('',#263);
#263 = AXIS2_PLACEMENT_3D('',#264,#265,#266);
#264 = CARTESIAN_POINT('',(19.727207793864,8.227207793864,9.908333333333
    ));
#265 = DIRECTION('',(0.707106781187,0.707106781187,4.183470037943E-16));
#266 = DIRECTION('',(0.707106781187,-0.707106781187,0.));
#267 = DEFINITIONAL_REPRESENTATION('',(#268),#272);
#268 = LINE('',#269,#270);
#269 = CARTESIAN_POINT('',(1.8,-1.E-01));
#270 = VECTOR('',#271,1.);
#271 = DIRECTION('',(0.,1.));
#272 = ( GEOMETRIC_REPRESENTATION_CONTEXT(2) 
PARAMETRIC_REPRESENTATION_CONTEXT() REPRESENTATION_CONTEXT('2D SPACE',''
  ) );
#273 = ORIENTED_EDGE('',*,*,#274,.T.);
#274 = EDGE_CURVE('',#247,#275,#277,.T.);
#275 = VERTEX_POINT('',#276);
#276 = CARTESIAN_POINT('',(19.746926018073,5.701341605801,
    10.008333333333));
#277 = SURFACE_CURVE('',#278,(#282,#289),.PCURVE_S1.);
#278 = LINE('',#279,#280);
#279 = CARTESIAN_POINT('',(24.798658394199,10.753073981927,
    10.008333333333));
#280 = VECTOR('',#281,1.);
#281 = DIRECTION('',(-0.707106781187,-0.707106781187,0.));
#282 = PCURVE('',#44,#283);
#283 = DEFINITIONAL_REPRESENTATION('',(#284),#288);
#284 = LINE('',#285,#286);
#285 = CARTESIAN_POINT('',(3.572114219898,4.697933616512E-02));
#286 = VECTOR('',#287,1.);
#287 = DIRECTION('',(-1.,-2.351130657057E-30));
#288 = ( GEOMETRIC_REPRESENTATION_CONTEXT(2) 
PARAMETRIC_REPRESENTATION_CONTEXT() REPRESENTATION_CONTEXT('2D SPACE',''
  ) );
#289 = PCURVE('',#290,#295);
#290 = PLANE('',#291);
#291 = AXIS2_PLACEMENT_3D('',#292,#293,#294);
#292 = CARTESIAN_POINT('',(21.,9.5,10.008333333333));
#293 = DIRECTION('',(0.,0.,1.));
#294 = DIRECTION('',(1.,0.,0.));
#295 = DEFINITIONAL_REPRESENTATION('',(#296),#300);
#296 = LINE('',#297,#298);
#297 = CARTESIAN_POINT('',(3.798658394199,1.253073981927));
#298 = VECTOR('',#299,1.);
#299 = DIRECTION('',(-0.707106781187,-0.707106781187));
#300 = ( GEOMETRIC_REPRESENTATION_CONTEXT(2) 
PARAMETRIC_REPRESENTATION_CONTEXT() REPRESENTATION_CONTEXT('2D SPACE',''
  ) );
#301 = ORIENTED_EDGE('',*,*,#302,.F.);
#302 = EDGE_CURVE('',#24,#275,#303,.T.);
#303 = SURFACE_CURVE('',#304,(#308,#315),.PCURVE_S1.);
#304 = LINE('',#305,#306);
#305 = CARTESIAN_POINT('',(19.746926018073,5.701341605801,
    10.208333333333));
#306 = VECTOR('',#307,1.);
#307 = DIRECTION('',(-0.,-0.,-1.));
#308 = PCURVE('',#44,#309);
#309 = DEFINITIONAL_REPRESENTATION('',(#310),#314);
#310 = LINE('',#311,#312);
#311 = CARTESIAN_POINT('',(-3.572114219898,-0.153020663835));
#312 = VECTOR('',#313,1.);
#313 = DIRECTION('',(0.,1.));
#314 = ( GEOMETRIC_REPRESENTATION_CONTEXT(2) 
PARAMETRIC_REPRESENTATION_CONTEXT() REPRESENTATION_CONTEXT('2D SPACE',''
  ) );
#315 = PCURVE('',#73,#316);
#316 = DEFINITIONAL_REPRESENTATION('',(#317),#321);
#317 = LINE('',#318,#319);
#318 = CARTESIAN_POINT('',(-4.393756156035,15.416666666667));
#319 = VECTOR('',#320,1.);
#320 = DIRECTION('',(-0.,1.));
#321 = ( GEOMETRIC_REPRESENTATION_CONTEXT(2) 
PARAMETRIC_REPRESENTATION_CONTEXT() REPRESENTATION_CONTEXT('2D SPACE',''
  ) );
#322 = ADVANCED_FACE('',(#323),#73,.F.);
#323 = FACE_BOUND('',#324,.T.);
#324 = EDGE_LOOP('',(#325,#349,#350,#351,#352,#353,#377,#405,#434,#876,
    #933,#1104,#1128));
#325 = ORIENTED_EDGE('',*,*,#326,.F.);
#326 = EDGE_CURVE('',#112,#327,#329,.T.);
#327 = VERTEX_POINT('',#328);
#328 = CARTESIAN_POINT('',(22.253073981927,13.298658394199,
    10.008333333333));
#329 = SURFACE_CURVE('',#330,(#335,#342),.PCURVE_S1.);
#330 = CIRCLE('',#331,4.);
#331 = AXIS2_PLACEMENT_3D('',#332,#333,#334);
#332 = CARTESIAN_POINT('',(21.,9.5,10.008333333333));
#333 = DIRECTION('',(0.,0.,1.));
#334 = DIRECTION('',(1.,0.,0.));
#335 = PCURVE('',#73,#336);
#336 = DEFINITIONAL_REPRESENTATION('',(#337),#341);
#337 = LINE('',#338,#339);
#338 = CARTESIAN_POINT('',(-6.28318530718,15.616666666667));
#339 = VECTOR('',#340,1.);
#340 = DIRECTION('',(-1.,0.));
#341 = ( GEOMETRIC_REPRESENTATION_CONTEXT(2) 
PARAMETRIC_REPRESENTATION_CONTEXT() REPRESENTATION_CONTEXT('2D SPACE',''
  ) );
#342 = PCURVE('',#150,#343);
#343 = DEFINITIONAL_REPRESENTATION('',(#344),#348);
#344 = CIRCLE('',#345,4.);
#345 = AXIS2_PLACEMENT_2D('',#346,#347);
#346 = CARTESIAN_POINT('',(-3.552713678801E-15,-1.7763568394E-15));
#347 = DIRECTION('',(1.,0.));
#348 = ( GEOMETRIC_REPRESENTATION_CONTEXT(2) 
PARAMETRIC_REPRESENTATION_CONTEXT() REPRESENTATION_CONTEXT('2D SPACE',''
  ) );
#349 = ORIENTED_EDGE('',*,*,#111,.F.);
#350 = ORIENTED_EDGE('',*,*,#85,.F.);
#351 = ORIENTED_EDGE('',*,*,#56,.F.);
#352 = ORIENTED_EDGE('',*,*,#302,.T.);
#353 = ORIENTED_EDGE('',*,*,#354,.F.);
#354 = EDGE_CURVE('',#355,#275,#357,.T.);
#355 = VERTEX_POINT('',#356);
#356 = CARTESIAN_POINT('',(17.201341605801,8.246926018073,
    10.008333333333));
#357 = SURFACE_CURVE('',#358,(#363,#370),.PCURVE_S1.);
#358 = CIRCLE('',#359,4.);
#359 = AXIS2_PLACEMENT_3D('',#360,#361,#362);
#360 = CARTESIAN_POINT('',(21.,9.5,10.008333333333));
#361 = DIRECTION('',(0.,0.,1.));
#362 = DIRECTION('',(1.,0.,0.));
#363 = PCURVE('',#73,#364);
#364 = DEFINITIONAL_REPRESENTATION('',(#365),#369);
#365 = LINE('',#366,#367);
#366 = CARTESIAN_POINT('',(-0.,15.616666666667));
#367 = VECTOR('',#368,1.);
#368 = DIRECTION('',(-1.,0.));
#369 = ( GEOMETRIC_REPRESENTATION_CONTEXT(2) 
PARAMETRIC_REPRESENTATION_CONTEXT() REPRESENTATION_CONTEXT('2D SPACE',''
  ) );
#370 = PCURVE('',#290,#371);
#371 = DEFINITIONAL_REPRESENTATION('',(#372),#376);
#372 = CIRCLE('',#373,4.);
#373 = AXIS2_PLACEMENT_2D('',#374,#375);
#374 = CARTESIAN_POINT('',(-3.552713678801E-15,-1.7763568394E-15));
#375 = DIRECTION('',(1.,0.));
#376 = ( GEOMETRIC_REPRESENTATION_CONTEXT(2) 
PARAMETRIC_REPRESENTATION_CONTEXT() REPRESENTATION_CONTEXT('2D SPACE',''
  ) );
#377 = ORIENTED_EDGE('',*,*,#378,.F.);
#378 = EDGE_CURVE('',#379,#355,#381,.T.);
#379 = VERTEX_POINT('',#380);
#380 = CARTESIAN_POINT('',(17.201341605801,8.246926018073,
    10.208333333333));
#381 = SURFACE_CURVE('',#382,(#386,#393),.PCURVE_S1.);
#382 = LINE('',#383,#384);
#383 = CARTESIAN_POINT('',(17.201341605801,8.246926018073,
    10.208333333333));
#384 = VECTOR('',#385,1.);
#385 = DIRECTION('',(-0.,-0.,-1.));
#386 = PCURVE('',#73,#387);
#387 = DEFINITIONAL_REPRESENTATION('',(#388),#392);
#388 = LINE('',#389,#390);
#389 = CARTESIAN_POINT('',(-3.46022547794,15.416666666667));
#390 = VECTOR('',#391,1.);
#391 = DIRECTION('',(-0.,1.));
#392 = ( GEOMETRIC_REPRESENTATION_CONTEXT(2) 
PARAMETRIC_REPRESENTATION_CONTEXT() REPRESENTATION_CONTEXT('2D SPACE',''
  ) );
#393 = PCURVE('',#394,#399);
#394 = PLANE('',#395);
#395 = AXIS2_PLACEMENT_3D('',#396,#397,#398);
#396 = CARTESIAN_POINT('',(19.727207793864,10.772792206136,
    10.055312669498));
#397 = DIRECTION('',(0.707106781187,-0.707106781187,1.236526063686E-14)
  );
#398 = DIRECTION('',(0.707106781187,0.707106781187,0.));
#399 = DEFINITIONAL_REPRESENTATION('',(#400),#404);
#400 = LINE('',#401,#402);
#401 = CARTESIAN_POINT('',(-3.572114219898,0.153020663835));
#402 = VECTOR('',#403,1.);
#403 = DIRECTION('',(0.,-1.));
#404 = ( GEOMETRIC_REPRESENTATION_CONTEXT(2) 
PARAMETRIC_REPRESENTATION_CONTEXT() REPRESENTATION_CONTEXT('2D SPACE',''
  ) );
#405 = ORIENTED_EDGE('',*,*,#406,.F.);
#406 = EDGE_CURVE('',#407,#379,#409,.T.);
#407 = VERTEX_POINT('',#408);
#408 = CARTESIAN_POINT('',(17.068056158896,10.234722825562,
    10.208333333333));
#409 = SURFACE_CURVE('',#410,(#415,#422),.PCURVE_S1.);
#410 = CIRCLE('',#411,4.);
#411 = AXIS2_PLACEMENT_3D('',#412,#413,#414);
#412 = CARTESIAN_POINT('',(21.,9.5,10.208333333333));
#413 = DIRECTION('',(0.,0.,1.));
#414 = DIRECTION('',(1.,0.,0.));
#415 = PCURVE('',#73,#416);
#416 = DEFINITIONAL_REPRESENTATION('',(#417),#421);
#417 = LINE('',#418,#419);
#418 = CARTESIAN_POINT('',(-0.,15.416666666667));
#419 = VECTOR('',#420,1.);
#420 = DIRECTION('',(-1.,0.));
#421 = ( GEOMETRIC_REPRESENTATION_CONTEXT(2) 
PARAMETRIC_REPRESENTATION_CONTEXT() REPRESENTATION_CONTEXT('2D SPACE',''
  ) );
#422 = PCURVE('',#423,#428);
#423 = PLANE('',#424);
#424 = AXIS2_PLACEMENT_3D('',#425,#426,#427);
#425 = CARTESIAN_POINT('',(21.,9.5,10.208333333333));
#426 = DIRECTION('',(0.,0.,1.));
#427 = DIRECTION('',(1.,0.,0.));
#428 = DEFINITIONAL_REPRESENTATION('',(#429),#433);
#429 = CIRCLE('',#430,4.);
#430 = AXIS2_PLACEMENT_2D('',#431,#432);
#431 = CARTESIAN_POINT('',(0.,0.));
#432 = DIRECTION('',(1.,0.));
#433 = ( GEOMETRIC_REPRESENTATION_CONTEXT(2) 
PARAMETRIC_REPRESENTATION_CONTEXT() REPRESENTATION_CONTEXT('2D SPACE',''
  ) );
#434 = ORIENTED_EDGE('',*,*,#435,.T.);
#435 = EDGE_CURVE('',#407,#436,#438,.T.);
#436 = VERTEX_POINT('',#437);
#437 = CARTESIAN_POINT('',(25.,9.5,17.366071428571));
#438 = SURFACE_CURVE('',#439,(#562,#745),.PCURVE_S1.);
#439 = B_SPLINE_CURVE_WITH_KNOTS('',7,(#440,#441,#442,#443,#444,#445,
    #446,#447,#448,#449,#450,#451,#452,#453,#454,#455,#456,#457,#458,
    #459,#460,#461,#462,#463,#464,#465,#466,#467,#468,#469,#470,#471,
    #472,#473,#474,#475,#476,#477,#478,#479,#480,#481,#482,#483,#484,
    #485,#486,#487,#488,#489,#490,#491,#492,#493,#494,#495,#496,#497,
    #498,#499,#500,#501,#502,#503,#504,#505,#506,#507,#508,#509,#510,
    #511,#512,#513,#514,#515,#516,#517,#518,#519,#520,#521,#522,#523,
    #524,#525,#526,#527,#528,#529,#530,#531,#532,#533,#534,#535,#536,
    #537,#538,#539,#540,#541,#542,#543,#544,#545,#546,#547,#548,#549,
    #550,#551,#552,#553,#554,#555,#556,#557,#558,#559,#560,#561),
  .UNSPECIFIED.,.F.,.F.,(8,6,6,6,6,6,6,6,6,6,6,6,6,6,6,6,6,6,6,6,8),(0.,
    1.988074717912E-02,0.106264835585,0.190179053856,0.350657523049,
    0.515251774595,0.59716311272,0.682362851244,0.736173845392,
    0.769827775525,0.793714198934,0.804808781194,0.824844977547,
    0.844055528507,0.853782847334,0.874107254272,0.91717479307,
    0.949684343554,0.970761779815,0.984594899088,1.),.UNSPECIFIED.);
#440 = CARTESIAN_POINT('',(17.068122464891,10.235077580195,
    10.208095105664));
#441 = CARTESIAN_POINT('',(17.060345686014,10.193480197823,
    10.236027300515));
#442 = CARTESIAN_POINT('',(17.053173005518,10.15227157564,
    10.264137341641));
#443 = CARTESIAN_POINT('',(17.046580072293,10.111441454352,
    10.29241359071));
#444 = CARTESIAN_POINT('',(17.040544988983,10.070980573593,
    10.320845610925));
#445 = CARTESIAN_POINT('',(17.035047075778,10.030879744032,
    10.349423912379));
#446 = CARTESIAN_POINT('',(17.030067525463,9.991130399453,
    10.378140037107));
#447 = CARTESIAN_POINT('',(17.006127554206,9.780498939805,
    10.532327203858));
#448 = CARTESIAN_POINT('',(16.996124219385,9.615791342398,
    10.660096349298));
#449 = CARTESIAN_POINT('',(16.994119428502,9.456828833425,
    10.789726607541));
#450 = CARTESIAN_POINT('',(16.999169005596,9.303143058831,
    10.920825000676));
#451 = CARTESIAN_POINT('',(17.010516321869,9.154330731872,
    11.053099706024));
#452 = CARTESIAN_POINT('',(17.027586604127,9.010048576472,
    11.186359531769));
#453 = CARTESIAN_POINT('',(17.071631611005,8.733900613959,
    11.450804618096));
#454 = CARTESIAN_POINT('',(17.098303186401,8.601835953761,
    11.581903741243));
#455 = CARTESIAN_POINT('',(17.129520959954,8.473515927106,
    11.713664870879));
#456 = CARTESIAN_POINT('',(17.164960582363,8.348745050465,
    11.845981577684));
#457 = CARTESIAN_POINT('',(17.204361257362,8.227366102693,
    11.978768319704));
#458 = CARTESIAN_POINT('',(17.247507198645,8.109244759421,
    12.111957818109));
#459 = CARTESIAN_POINT('',(17.383568378005,7.774383116798,12.50088961305
    ));
#460 = CARTESIAN_POINT('',(17.485959574056,7.566032737058,
    12.757528860914));
#461 = CARTESIAN_POINT('',(17.600173825114,7.368413362798,13.01507002468
    ));
#462 = CARTESIAN_POINT('',(17.725457672291,7.18111600062,13.273228612765
    ));
#463 = CARTESIAN_POINT('',(17.861286246809,7.003904127487,
    13.531766482475));
#464 = CARTESIAN_POINT('',(18.007352730715,6.836704217114,
    13.790490959894));
#465 = CARTESIAN_POINT('',(18.323781035352,6.518476219225,
    14.314649066891));
#466 = CARTESIAN_POINT('',(18.494633155533,6.368009746986,
    14.580023797237));
#467 = CARTESIAN_POINT('',(18.676014701213,6.228293174265,
    14.845216439666));
#468 = CARTESIAN_POINT('',(18.867999785679,6.099650709358,
    15.110020442498));
#469 = CARTESIAN_POINT('',(19.070842230081,5.982647519836,
    15.374178666944));
#470 = CARTESIAN_POINT('',(19.284982938611,5.878097918043,15.63738271788
    ));
#471 = CARTESIAN_POINT('',(19.623938218276,5.742184212844,
    16.029573620558));
#472 = CARTESIAN_POINT('',(19.739577503146,5.700442862507,
    16.159553163028));
#473 = CARTESIAN_POINT('',(19.858332153794,5.662287525862,
    16.289144000748));
#474 = CARTESIAN_POINT('',(19.980328550045,5.627921644269,
    16.418282489145));
#475 = CARTESIAN_POINT('',(20.105714262122,5.597590251349,
    16.546888133897));
#476 = CARTESIAN_POINT('',(20.234671826881,5.571596585547,
    16.674861248423));
#477 = CARTESIAN_POINT('',(20.505546353216,5.528214878314,16.93440322704
    ));
#478 = CARTESIAN_POINT('',(20.647738379472,5.511220119212,
    17.065874456018));
#479 = CARTESIAN_POINT('',(20.794328412891,5.499780691656,
    17.196389859055));
#480 = CARTESIAN_POINT('',(20.94564312672,5.494445481248,17.325765912556
    ));
#481 = CARTESIAN_POINT('',(21.102064812571,5.49593256144,17.453725296692
    ));
#482 = CARTESIAN_POINT('',(21.264038299137,5.505137628755,17.57989564295
    ));
#483 = CARTESIAN_POINT('',(21.538547902517,5.534979025896,
    17.781965366852));
#484 = CARTESIAN_POINT('',(21.647267107458,5.550150182333,
    17.859226031911));
#485 = CARTESIAN_POINT('',(21.75864554457,5.56927999727,17.935413510047)
  );
#486 = CARTESIAN_POINT('',(21.872876035607,5.592790557333,
    18.010338453039));
#487 = CARTESIAN_POINT('',(21.990137936961,5.621179751682,
    18.083737786949));
#488 = CARTESIAN_POINT('',(22.110625279566,5.655068081174,
    18.155259293315));
#489 = CARTESIAN_POINT('',(22.312146009996,5.720460575014,18.26768663157
    ));
#490 = CARTESIAN_POINT('',(22.391023206116,5.748093618813,
    18.310008810942));
#491 = CARTESIAN_POINT('',(22.471310666037,5.778405034315,
    18.351283669056));
#492 = CARTESIAN_POINT('',(22.553051999091,5.8116255797,18.391356641015)
  );
#493 = CARTESIAN_POINT('',(22.636261504529,5.848009090188,
    18.430029895773));
#494 = CARTESIAN_POINT('',(22.720925919624,5.887836627658,
    18.467060352739));
#495 = CARTESIAN_POINT('',(22.868107040291,5.962364307514,
    18.527064310553));
#496 = CARTESIAN_POINT('',(22.929905431619,5.995190316125,
    18.550992394492));
#497 = CARTESIAN_POINT('',(22.992387019991,6.030014805026,
    18.573834195395));
#498 = CARTESIAN_POINT('',(23.0555042243,6.066944319941,18.595462421011)
  );
#499 = CARTESIAN_POINT('',(23.119177357284,6.106077037518,
    18.615730174807));
#500 = CARTESIAN_POINT('',(23.183292352806,6.147493965462,
    18.634476346691));
#501 = CARTESIAN_POINT('',(23.2776117868,6.211566881246,18.659456730033)
  );
#502 = CARTESIAN_POINT('',(23.307586966507,6.232390716446,
    18.667014760095));
#503 = CARTESIAN_POINT('',(23.33760639024,6.253720996171,18.674191062065
    ));
#504 = CARTESIAN_POINT('',(23.367651086616,6.275559748257,
    18.680968292841));
#505 = CARTESIAN_POINT('',(23.397699673571,6.297906556866,
    18.687329136565));
#506 = CARTESIAN_POINT('',(23.427728352604,6.320758078187,
    18.693256699853));
#507 = CARTESIAN_POINT('',(23.511857715671,6.386275410147,
    18.708628243402));
#508 = CARTESIAN_POINT('',(23.565865421113,6.430076207317,
    18.717058056037));
#509 = CARTESIAN_POINT('',(23.619563146784,6.475458158914,
    18.723925994446));
#510 = CARTESIAN_POINT('',(23.672770585778,6.522342871346,
    18.729147889152));
#511 = CARTESIAN_POINT('',(23.725300664611,6.570619540037,
    18.732660750206));
#512 = CARTESIAN_POINT('',(23.776962210989,6.620139143308,
    18.734429765719));
#513 = CARTESIAN_POINT('',(23.876077906081,6.719194277129,18.73447978284
    ));
#514 = CARTESIAN_POINT('',(23.923631469197,6.768658797333,
    18.732901537031));
#515 = CARTESIAN_POINT('',(23.970053622073,6.818933573531,
    18.729719682947));
#516 = CARTESIAN_POINT('',(24.015211069479,6.869850440579,
    18.724963019404));
#517 = CARTESIAN_POINT('',(24.059002406192,6.921243865208,
    18.718684509295));
#518 = CARTESIAN_POINT('',(24.101353613366,6.972953119712,
    18.710955764848));
#519 = CARTESIAN_POINT('',(24.162903106155,7.051089658746,
    18.697256641833));
#520 = CARTESIAN_POINT('',(24.183212069539,7.077398805571,
    18.692301133187));
#521 = CARTESIAN_POINT('',(24.203135443405,7.103733734888,
    18.687005875338));
#522 = CARTESIAN_POINT('',(24.222669917789,7.130077681518,
    18.681381980848));
#523 = CARTESIAN_POINT('',(24.241813874411,7.156415276341,
    18.675440806442));
#524 = CARTESIAN_POINT('',(24.260567386679,7.18273254629,18.669193953));
#525 = CARTESIAN_POINT('',(24.317303979264,7.26393587015,18.648987054402
    ));
#526 = CARTESIAN_POINT('',(24.353975790286,7.318707762516,
    18.634038326506));
#527 = CARTESIAN_POINT('',(24.388966710603,7.373224568324,18.61791203715
    ));
#528 = CARTESIAN_POINT('',(24.422315371846,7.427400453938,
    18.600710981308));
#529 = CARTESIAN_POINT('',(24.454074733654,7.481170740034,
    18.582532316159));
#530 = CARTESIAN_POINT('',(24.484306837884,7.534490866404,
    18.563464083589));
#531 = CARTESIAN_POINT('',(24.574042899593,7.699313145146,
    18.501450913271));
#532 = CARTESIAN_POINT('',(24.628403521179,7.809074913668,18.45569550174
    ));
#533 = CARTESIAN_POINT('',(24.676859561549,7.916479722654,
    18.407010134802));
#534 = CARTESIAN_POINT('',(24.720014032037,8.021458780057,
    18.355949650072));
#535 = CARTESIAN_POINT('',(24.758403191095,8.12402751412,18.302944197501
    ));
#536 = CARTESIAN_POINT('',(24.792506923127,8.2242895156,18.248304555323)
  );
#537 = CARTESIAN_POINT('',(24.84555991828,8.396515510658,18.149880425938
    ));
#538 = CARTESIAN_POINT('',(24.866164292042,8.469356297989,
    18.106738745088));
#539 = CARTESIAN_POINT('',(24.88472388544,8.541005959108,18.062892037373
    ));
#540 = CARTESIAN_POINT('',(24.901386006147,8.611510807818,
    18.018423712905));
#541 = CARTESIAN_POINT('',(24.916278033981,8.680914787424,
    17.973402681308));
#542 = CARTESIAN_POINT('',(24.929511823133,8.749262033996,
    17.927884870492));
#543 = CARTESIAN_POINT('',(24.948758374344,8.860257375649,
    17.852110199816));
#544 = CARTESIAN_POINT('',(24.955673736742,8.903489390698,
    17.822116535796));
#545 = CARTESIAN_POINT('',(24.96196094347,8.946306835731,17.79194647291)
  );
#546 = CARTESIAN_POINT('',(24.967644855394,8.988720563087,17.7616115807)
  );
#547 = CARTESIAN_POINT('',(24.972748442347,9.030740926491,17.73112227872
    ));
#548 = CARTESIAN_POINT('',(24.977292783129,9.072377781052,
    17.700487836537));
#549 = CARTESIAN_POINT('',(24.983925075627,9.140721190528,
    17.649521065818));
#550 = CARTESIAN_POINT('',(24.986320527604,9.167640711306,
    17.629266812568));
#551 = CARTESIAN_POINT('',(24.988488900533,9.194401679172,
    17.608955964071));
#552 = CARTESIAN_POINT('',(24.990435421026,9.22100664071,17.588590733743
    ));
#553 = CARTESIAN_POINT('',(24.992165063217,9.24745805552,17.568173198321
    ));
#554 = CARTESIAN_POINT('',(24.993682548759,9.273758296212,
    17.547705297862));
#555 = CARTESIAN_POINT('',(24.996450989017,9.329032813736,
    17.504340903692));
#556 = CARTESIAN_POINT('',(24.997652086784,9.357971444068,
    17.481432673671));
#557 = CARTESIAN_POINT('',(24.998601811214,9.386728515262,
    17.458466784603));
#558 = CARTESIAN_POINT('',(24.999306036331,9.415306982438,
    17.435445647188));
#559 = CARTESIAN_POINT('',(24.999770339087,9.443709779977,
    17.412371443907));
#560 = CARTESIAN_POINT('',(24.99999999937,9.471939821528,17.389246129021
    ));
#561 = CARTESIAN_POINT('',(25.,9.5,17.366071428571));
#562 = PCURVE('',#73,#563);
#563 = DEFINITIONAL_REPRESENTATION('',(#564),#744);
#564 = B_SPLINE_CURVE_WITH_KNOTS('',3,(#565,#566,#567,#568,#569,#570,
    #571,#572,#573,#574,#575,#576,#577,#578,#579,#580,#581,#582,#583,
    #584,#585,#586,#587,#588,#589,#590,#591,#592,#593,#594,#595,#596,
    #597,#598,#599,#600,#601,#602,#603,#604,#605,#606,#607,#608,#609,
    #610,#611,#612,#613,#614,#615,#616,#617,#618,#619,#620,#621,#622,
    #623,#624,#625,#626,#627,#628,#629,#630,#631,#632,#633,#634,#635,
    #636,#637,#638,#639,#640,#641,#642,#643,#644,#645,#646,#647,#648,
    #649,#650,#651,#652,#653,#654,#655,#656,#657,#658,#659,#660,#661,
    #662,#663,#664,#665,#666,#667,#668,#669,#670,#671,#672,#673,#674,
    #675,#676,#677,#678,#679,#680,#681,#682,#683,#684,#685,#686,#687,
    #688,#689,#690,#691,#692,#693,#694,#695,#696,#697,#698,#699,#700,
    #701,#702,#703,#704,#705,#706,#707,#708,#709,#710,#711,#712,#713,
    #714,#715,#716,#717,#718,#719,#720,#721,#722,#723,#724,#725,#726,
    #727,#728,#729,#730,#731,#732,#733,#734,#735,#736,#737,#738,#739,
    #740,#741,#742,#743),.UNSPECIFIED.,.F.,.F.,(4,1,1,1,1,1,1,1,1,1,1,1,
    1,1,1,1,1,1,1,1,1,1,1,1,1,1,1,1,1,1,1,1,1,1,1,1,1,1,1,1,1,1,1,1,1,1,
    1,1,1,1,1,1,1,1,1,1,1,1,1,1,1,1,1,1,1,1,1,1,1,1,1,1,1,1,1,1,1,1,1,1,
    1,1,1,1,1,1,1,1,1,1,1,1,1,1,1,1,1,1,1,1,1,1,1,1,1,1,1,1,1,1,1,1,1,1,
    1,1,1,1,1,1,1,1,1,1,1,1,1,1,1,1,1,1,1,1,1,1,1,1,1,1,1,1,1,1,1,1,1,1,
    1,1,1,1,1,1,1,1,1,1,1,1,1,1,1,1,1,1,1,1,1,1,1,1,1,1,1,1,4),(
    2.422208901843E-05,5.705902645331E-03,1.138758320164E-02,
    1.706926375796E-02,2.275094431427E-02,2.843262487058E-02,
    3.411430542689E-02,3.979598598321E-02,4.547766653952E-02,
    5.115934709583E-02,5.684102765214E-02,6.252270820845E-02,
    6.820438876477E-02,7.388606932108E-02,7.956774987739E-02,
    8.52494304337E-02,9.093111099002E-02,9.661279154633E-02,
    0.102294472103,0.107976152659,0.113657833215,0.119339513772,
    0.125021194328,0.130702874884,0.136384555441,0.142066235997,
    0.147747916553,0.153429597109,0.159111277666,0.164792958222,
    0.170474638778,0.176156319335,0.181837999891,0.187519680447,
    0.193201361004,0.19888304156,0.204564722116,0.210246402673,
    0.215928083229,0.221609763785,0.227291444342,0.232973124898,
    0.238654805454,0.24433648601,0.250018166567,0.255699847123,
    0.261381527679,0.267063208236,0.272744888792,0.278426569348,
    0.284108249905,0.289789930461,0.295471611017,0.301153291574,
    0.30683497213,0.312516652686,0.318198333243,0.323880013799,
    0.329561694355,0.335243374911,0.340925055468,0.346606736024,
    0.35228841658,0.357970097137,0.363651777693,0.369333458249,
    0.375015138806,0.380696819362,0.386378499918,0.392060180475,
    0.397741861031,0.403423541587,0.409105222144,0.4147869027,
    0.420468583256,0.426150263812,0.431831944369,0.437513624925,
    0.443195305481,0.448876986038,0.454558666594,0.46024034715,
    0.465922027707,0.471603708263,0.477285388819,0.482967069376,
    0.488648749932,0.494330430488,0.500012111045,0.505693791601,
    0.511375472157,0.517057152713,0.52273883327,0.528420513826,
    0.534102194382,0.539783874939,0.545465555495,0.551147236051,
    0.556828916608,0.562510597164,0.56819227772,0.573873958277,
    0.579555638833,0.585237319389,0.590918999946,0.596600680502,
    0.602282361058,0.607964041614,0.613645722171,0.619327402727,
    0.625009083283,0.63069076384,0.636372444396,0.642054124952,
    0.647735805509,0.653417486065,0.659099166621,0.664780847178,
    0.670462527734,0.67614420829,0.681825888847,0.687507569403,
    0.693189249959,0.698870930515,0.704552611072,0.710234291628,
    0.715915972184,0.721597652741,0.727279333297,0.732961013853,
    0.73864269441,0.744324374966,0.750006055522,0.755687736079,
    0.761369416635,0.767051097191,0.772732777748,0.778414458304,
    0.78409613886,0.789777819416,0.795459499973,0.801141180529,
    0.806822861085,0.812504541642,0.818186222198,0.823867902754,
    0.829549583311,0.835231263867,0.840912944423,0.84659462498,
    0.852276305536,0.857957986092,0.863639666649,0.869321347205,
    0.875003027761,0.880684708317,0.886366388874,0.89204806943,
    0.897729749986,0.903411430543,0.909093111099,0.914774791655,
    0.920456472212,0.926138152768,0.931819833324,0.937501513881,
    0.943183194437,0.948864874993,0.95454655555,0.960228236106,
    0.965909916662,0.971591597218,0.977273277775,0.982954958331,
    0.988636638887,0.994318319444,1.),.UNSPECIFIED.);
#565 = CARTESIAN_POINT('',(-2.956863088649,15.416666666722));
#566 = CARTESIAN_POINT('',(-2.963917150585,15.398039039667));
#567 = CARTESIAN_POINT('',(-2.977885015217,15.360582379477));
#568 = CARTESIAN_POINT('',(-2.998439662704,15.303840500834));
#569 = CARTESIAN_POINT('',(-3.018621470516,15.246591396257));
#570 = CARTESIAN_POINT('',(-3.038452363082,15.188876564269));
#571 = CARTESIAN_POINT('',(-3.057951189199,15.130738344311));
#572 = CARTESIAN_POINT('',(-3.077137935819,15.072206926746));
#573 = CARTESIAN_POINT('',(-3.096030370942,15.013311404482));
#574 = CARTESIAN_POINT('',(-3.114644844623,14.95407825501));
#575 = CARTESIAN_POINT('',(-3.132996350187,14.894531941594));
#576 = CARTESIAN_POINT('',(-3.151098744207,14.834694918771));
#577 = CARTESIAN_POINT('',(-3.168964889474,14.774587772422));
#578 = CARTESIAN_POINT('',(-3.186606788754,14.714229302094));
#579 = CARTESIAN_POINT('',(-3.204035696011,14.653636598523));
#580 = CARTESIAN_POINT('',(-3.221262211303,14.592825110736));
#581 = CARTESIAN_POINT('',(-3.238296367019,14.531808686141));
#582 = CARTESIAN_POINT('',(-3.255147686113,14.470599669534));
#583 = CARTESIAN_POINT('',(-3.271825297782,14.409208747745));
#584 = CARTESIAN_POINT('',(-3.288337802068,14.347645721004));
#585 = CARTESIAN_POINT('',(-3.304694043983,14.285916803891));
#586 = CARTESIAN_POINT('',(-3.320899950167,14.224036857019));
#587 = CARTESIAN_POINT('',(-3.336962408498,14.162015049513));
#588 = CARTESIAN_POINT('',(-3.352888196373,14.099858962967));
#589 = CARTESIAN_POINT('',(-3.368683636257,14.037576070406));
#590 = CARTESIAN_POINT('',(-3.384354732859,13.975173358671));
#591 = CARTESIAN_POINT('',(-3.399907177481,13.912657446866));
#592 = CARTESIAN_POINT('',(-3.41534638435,13.850034570474));
#593 = CARTESIAN_POINT('',(-3.430677514959,13.787310600093));
#594 = CARTESIAN_POINT('',(-3.445905502441,13.724491049357));
#595 = CARTESIAN_POINT('',(-3.461035072816,13.661581084873));
#596 = CARTESIAN_POINT('',(-3.476070764764,13.598585532232));
#597 = CARTESIAN_POINT('',(-3.491016945592,13.535508889083));
#598 = CARTESIAN_POINT('',(-3.505877832152,13.472355307207));
#599 = CARTESIAN_POINT('',(-3.520657485257,13.409128684896));
#600 = CARTESIAN_POINT('',(-3.535359895786,13.345832342459));
#601 = CARTESIAN_POINT('',(-3.549988288617,13.282472140702));
#602 = CARTESIAN_POINT('',(-3.564546415693,13.219050930595));
#603 = CARTESIAN_POINT('',(-3.579037795052,13.155571875889));
#604 = CARTESIAN_POINT('',(-3.593465838557,13.09203795621));
#605 = CARTESIAN_POINT('',(-3.607833830827,13.028452102774));
#606 = CARTESIAN_POINT('',(-3.622144947145,12.964817164407));
#607 = CARTESIAN_POINT('',(-3.636402260094,12.901135918865));
#608 = CARTESIAN_POINT('',(-3.650608748441,12.837411071842));
#609 = CARTESIAN_POINT('',(-3.664767304706,12.773645259131));
#610 = CARTESIAN_POINT('',(-3.678880742429,12.709841047781));
#611 = CARTESIAN_POINT('',(-3.692951802926,12.646000937389));
#612 = CARTESIAN_POINT('',(-3.706983161632,12.582127361218));
#613 = CARTESIAN_POINT('',(-3.720977434066,12.518222687249));
#614 = CARTESIAN_POINT('',(-3.734937181459,12.45428921912));
#615 = CARTESIAN_POINT('',(-3.748864916074,12.390329197005));
#616 = CARTESIAN_POINT('',(-3.762763106263,12.326344798395));
#617 = CARTESIAN_POINT('',(-3.776634181285,12.262338138829));
#618 = CARTESIAN_POINT('',(-3.790480535919,12.198311272546));
#619 = CARTESIAN_POINT('',(-3.804304534899,12.134266193098));
#620 = CARTESIAN_POINT('',(-3.818108517205,12.070204833874));
#621 = CARTESIAN_POINT('',(-3.831894800193,12.006129068719));
#622 = CARTESIAN_POINT('',(-3.845665683726,11.942040712002));
#623 = CARTESIAN_POINT('',(-3.859423453808,11.877941520571));
#624 = CARTESIAN_POINT('',(-3.873170387663,11.81383318854));
#625 = CARTESIAN_POINT('',(-3.886908753053,11.749717368719));
#626 = CARTESIAN_POINT('',(-3.900640828822,11.685595594551));
#627 = CARTESIAN_POINT('',(-3.91436884594,11.621469573296));
#628 = CARTESIAN_POINT('',(-3.92809522505,11.557340093718));
#629 = CARTESIAN_POINT('',(-3.94182154634,11.493211856194));
#630 = CARTESIAN_POINT('',(-3.95555001616,11.42908663691));
#631 = CARTESIAN_POINT('',(-3.969282928573,11.364965820111));
#632 = CARTESIAN_POINT('',(-3.983022547277,11.300850967246));
#633 = CARTESIAN_POINT('',(-3.996771141893,11.236743664976));
#634 = CARTESIAN_POINT('',(-4.01053098295,11.172645566408));
#635 = CARTESIAN_POINT('',(-4.024304347985,11.10855838055));
#636 = CARTESIAN_POINT('',(-4.038093524748,11.044483875656));
#637 = CARTESIAN_POINT('',(-4.051900815253,10.980423878872));
#638 = CARTESIAN_POINT('',(-4.0657285397,10.916380276889));
#639 = CARTESIAN_POINT('',(-4.07957904055,10.852355016382));
#640 = CARTESIAN_POINT('',(-4.09345468669,10.788350104531));
#641 = CARTESIAN_POINT('',(-4.107357877741,10.724367609594));
#642 = CARTESIAN_POINT('',(-4.121291048515,10.66040966151));
#643 = CARTESIAN_POINT('',(-4.135256673663,10.596478452577));
#644 = CARTESIAN_POINT('',(-4.149257272522,10.532576238185));
#645 = CARTESIAN_POINT('',(-4.163295414215,10.468705337621));
#646 = CARTESIAN_POINT('',(-4.177373723012,10.40486813495));
#647 = CARTESIAN_POINT('',(-4.191494884011,10.341067079984));
#648 = CARTESIAN_POINT('',(-4.205661649162,10.27730468934));
#649 = CARTESIAN_POINT('',(-4.219876843678,10.213583547577));
#650 = CARTESIAN_POINT('',(-4.234143372855,10.149906308528));
#651 = CARTESIAN_POINT('',(-4.248464229444,10.086275696384));
#652 = CARTESIAN_POINT('',(-4.262842501224,10.022694508253));
#653 = CARTESIAN_POINT('',(-4.277281380317,9.959165611744));
#654 = CARTESIAN_POINT('',(-4.291784168678,9.895691961752));
#655 = CARTESIAN_POINT('',(-4.306354300793,9.83227654617));
#656 = CARTESIAN_POINT('',(-4.320995305293,9.768922597541));
#657 = CARTESIAN_POINT('',(-4.335710997939,9.70563281286));
#658 = CARTESIAN_POINT('',(-4.350504656899,9.642412957769));
#659 = CARTESIAN_POINT('',(-4.365380210273,9.579266766075));
#660 = CARTESIAN_POINT('',(-4.3803417661,9.516198083352));
#661 = CARTESIAN_POINT('',(-4.395393560977,9.453211139169));
#662 = CARTESIAN_POINT('',(-4.41053999157,9.39031047963));
#663 = CARTESIAN_POINT('',(-4.425785625871,9.327500992311));
#664 = CARTESIAN_POINT('',(-4.441135222062,9.264787908016));
#665 = CARTESIAN_POINT('',(-4.456593747941,9.20217680961));
#666 = CARTESIAN_POINT('',(-4.472166402374,9.139673642438));
#667 = CARTESIAN_POINT('',(-4.487858641171,9.077284718051));
#668 = CARTESIAN_POINT('',(-4.503676197364,9.015016749867));
#669 = CARTESIAN_POINT('',(-4.51962513469,8.952876774495));
#670 = CARTESIAN_POINT('',(-4.53571179003,8.890872505219));
#671 = CARTESIAN_POINT('',(-4.551943143942,8.8290110779));
#672 = CARTESIAN_POINT('',(-4.568325607795,8.767303801787));
#673 = CARTESIAN_POINT('',(-4.584865808436,8.705763258378));
#674 = CARTESIAN_POINT('',(-4.601572539346,8.644396289183));
#675 = CARTESIAN_POINT('',(-4.618454438042,8.583213011889));
#676 = CARTESIAN_POINT('',(-4.635520661352,8.522224504263));
#677 = CARTESIAN_POINT('',(-4.652780777291,8.461443472536));
#678 = CARTESIAN_POINT('',(-4.670244874784,8.400884124007));
#679 = CARTESIAN_POINT('',(-4.687923625313,8.340562260052));
#680 = CARTESIAN_POINT('',(-4.705828371182,8.280495318409));
#681 = CARTESIAN_POINT('',(-4.723971221551,8.220702446472));
#682 = CARTESIAN_POINT('',(-4.742365172727,8.161204563165));
#683 = CARTESIAN_POINT('',(-4.76102422308,8.102024510781));
#684 = CARTESIAN_POINT('',(-4.779963603646,8.043186947059));
#685 = CARTESIAN_POINT('',(-4.799199690336,7.984719288386));
#686 = CARTESIAN_POINT('',(-4.818751234723,7.926648823725));
#687 = CARTESIAN_POINT('',(-4.838635822404,7.869014223338));
#688 = CARTESIAN_POINT('',(-4.858871723405,7.81185989181));
#689 = CARTESIAN_POINT('',(-4.879483677146,7.75522145575));
#690 = CARTESIAN_POINT('',(-4.900496017845,7.699146957622));
#691 = CARTESIAN_POINT('',(-4.921934802253,7.643691534035));
#692 = CARTESIAN_POINT('',(-4.943827688456,7.588919217271));
#693 = CARTESIAN_POINT('',(-4.966204491701,7.534903090917));
#694 = CARTESIAN_POINT('',(-4.989097879461,7.481725672269));
#695 = CARTESIAN_POINT('',(-5.012543487405,7.429480799951));
#696 = CARTESIAN_POINT('',(-5.036582918313,7.378270040336));
#697 = CARTESIAN_POINT('',(-5.061251494681,7.328230995469));
#698 = CARTESIAN_POINT('',(-5.086596457658,7.279501457521));
#699 = CARTESIAN_POINT('',(-5.112663318036,7.232251751377));
#700 = CARTESIAN_POINT('',(-5.139497979394,7.186681640602));
#701 = CARTESIAN_POINT('',(-5.167146480526,7.143022756139));
#702 = CARTESIAN_POINT('',(-5.195658650841,7.101536040946));
#703 = CARTESIAN_POINT('',(-5.22507128466,7.06253705612));
#704 = CARTESIAN_POINT('',(-5.255417500134,7.026378658015));
#705 = CARTESIAN_POINT('',(-5.286710741716,6.993465763232));
#706 = CARTESIAN_POINT('',(-5.318947292039,6.96423954876));
#707 = CARTESIAN_POINT('',(-5.352088237867,6.939177259119));
#708 = CARTESIAN_POINT('',(-5.386051661695,6.918765933826));
#709 = CARTESIAN_POINT('',(-5.420715869999,6.903464631036));
#710 = CARTESIAN_POINT('',(-5.455893683496,6.89367054049));
#711 = CARTESIAN_POINT('',(-5.491369104044,6.889657026716));
#712 = CARTESIAN_POINT('',(-5.526889841311,6.891544228058));
#713 = CARTESIAN_POINT('',(-5.562202283136,6.899274830008));
#714 = CARTESIAN_POINT('',(-5.597075287249,6.912627293702));
#715 = CARTESIAN_POINT('',(-5.631308746648,6.93124375491));
#716 = CARTESIAN_POINT('',(-5.664758612611,6.954681837082));
#717 = CARTESIAN_POINT('',(-5.697328247481,6.982460393401));
#718 = CARTESIAN_POINT('',(-5.728965502473,7.014096144428));
#719 = CARTESIAN_POINT('',(-5.759653516981,7.049131975684));
#720 = CARTESIAN_POINT('',(-5.789402678611,7.087151963791));
#721 = CARTESIAN_POINT('',(-5.818229841196,7.127770235287));
#722 = CARTESIAN_POINT('',(-5.846180511427,7.170669788463));
#723 = CARTESIAN_POINT('',(-5.873301981214,7.215574195951));
#724 = CARTESIAN_POINT('',(-5.899639281243,7.262238180541));
#725 = CARTESIAN_POINT('',(-5.92523741287,7.310448908295));
#726 = CARTESIAN_POINT('',(-5.95014189389,7.36002526004));
#727 = CARTESIAN_POINT('',(-5.974398771447,7.41081603363));
#728 = CARTESIAN_POINT('',(-5.998057545714,7.462706006347));
#729 = CARTESIAN_POINT('',(-6.021148701349,7.515562619827));
#730 = CARTESIAN_POINT('',(-6.04371044418,7.56929019419));
#731 = CARTESIAN_POINT('',(-6.06577614527,7.623801346081));
#732 = CARTESIAN_POINT('',(-6.087376965873,7.679020453956));
#733 = CARTESIAN_POINT('',(-6.10854199727,7.734882225698));
#734 = CARTESIAN_POINT('',(-6.129298594317,7.791330218513));
#735 = CARTESIAN_POINT('',(-6.149670612773,7.848311598526));
#736 = CARTESIAN_POINT('',(-6.169681041727,7.905781506566));
#737 = CARTESIAN_POINT('',(-6.18935091924,7.963699597711));
#738 = CARTESIAN_POINT('',(-6.208699712955,8.022030247969));
#739 = CARTESIAN_POINT('',(-6.22774543817,8.080741139774));
#740 = CARTESIAN_POINT('',(-6.246504885579,8.139803770882));
#741 = CARTESIAN_POINT('',(-6.264993550018,8.199191644301));
#742 = CARTESIAN_POINT('',(-6.277148276802,8.238985281658));
#743 = CARTESIAN_POINT('',(-6.28318530718,8.258928571429));
#744 = ( GEOMETRIC_REPRESENTATION_CONTEXT(2) 
PARAMETRIC_REPRESENTATION_CONTEXT() REPRESENTATION_CONTEXT('2D SPACE',''
  ) );
#745 = PCURVE('',#746,#751);
#746 = B_SPLINE_SURFACE_WITH_KNOTS('',1,1,(
    (#747,#748)
    ,(#749,#750
    )),.UNSPECIFIED.,.F.,.F.,.F.,(2,2),(2,2),(0.,36.31481274907),(0.,1.)
  ,.PIECEWISE_BEZIER_KNOTS.);
#747 = CARTESIAN_POINT('',(28.,30.5,2.5));
#748 = CARTESIAN_POINT('',(0.,2.5,2.5));
#749 = CARTESIAN_POINT('',(28.,2.5,25.625));
#750 = CARTESIAN_POINT('',(28.,2.5,25.625));
#751 = DEFINITIONAL_REPRESENTATION('',(#752),#875);
#752 = B_SPLINE_CURVE_WITH_KNOTS('',7,(#753,#754,#755,#756,#757,#758,
    #759,#760,#761,#762,#763,#764,#765,#766,#767,#768,#769,#770,#771,
    #772,#773,#774,#775,#776,#777,#778,#779,#780,#781,#782,#783,#784,
    #785,#786,#787,#788,#789,#790,#791,#792,#793,#794,#795,#796,#797,
    #798,#799,#800,#801,#802,#803,#804,#805,#806,#807,#808,#809,#810,
    #811,#812,#813,#814,#815,#816,#817,#818,#819,#820,#821,#822,#823,
    #824,#825,#826,#827,#828,#829,#830,#831,#832,#833,#834,#835,#836,
    #837,#838,#839,#840,#841,#842,#843,#844,#845,#846,#847,#848,#849,
    #850,#851,#852,#853,#854,#855,#856,#857,#858,#859,#860,#861,#862,
    #863,#864,#865,#866,#867,#868,#869,#870,#871,#872,#873,#874),
  .UNSPECIFIED.,.F.,.F.,(8,6,6,6,6,6,6,6,6,6,6,6,6,6,6,6,6,6,6,6,8),(0.,
    1.988074717912E-02,0.106264835585,0.190179053856,0.350657523049,
    0.515251774595,0.59716311272,0.682362851244,0.736173845392,
    0.769827775525,0.793714198934,0.804808781194,0.824844977547,
    0.844055528507,0.853782847334,0.874107254272,0.91717479307,
    0.949684343554,0.970761779815,0.984594899088,1.),.UNSPECIFIED.);
#753 = CARTESIAN_POINT('',(12.104563477371,0.585627162456));
#754 = CARTESIAN_POINT('',(12.148427366049,0.587104802637));
#755 = CARTESIAN_POINT('',(12.192570539232,0.588563626323));
#756 = CARTESIAN_POINT('',(12.23697472043,0.590002206094));
#757 = CARTESIAN_POINT('',(12.281623520006,0.591425187894));
#758 = CARTESIAN_POINT('',(12.326502035292,0.592829198691));
#759 = CARTESIAN_POINT('',(12.371596984151,0.59421738757));
#760 = CARTESIAN_POINT('',(12.613727928534,0.601551071191));
#761 = CARTESIAN_POINT('',(12.814372797367,0.607209048738));
#762 = CARTESIAN_POINT('',(13.017940302436,0.612613844522));
#763 = CARTESIAN_POINT('',(13.223813322908,0.61779553914));
#764 = CARTESIAN_POINT('',(13.431533589119,0.622778302361));
#765 = CARTESIAN_POINT('',(13.640800859126,0.627580944018));
#766 = CARTESIAN_POINT('',(14.056077563661,0.636725682726));
#767 = CARTESIAN_POINT('',(14.261951730522,0.641075754491));
#768 = CARTESIAN_POINT('',(14.468865492699,0.645283467904));
#769 = CARTESIAN_POINT('',(14.67665171675,0.649358383612));
#770 = CARTESIAN_POINT('',(14.885176070135,0.653307553751));
#771 = CARTESIAN_POINT('',(15.094332900177,0.657136353113));
#772 = CARTESIAN_POINT('',(15.705099832304,0.66794789899));
#773 = CARTESIAN_POINT('',(16.108118480098,0.67461975143));
#774 = CARTESIAN_POINT('',(16.512553469821,0.680891055262));
#775 = CARTESIAN_POINT('',(16.917958044345,0.686764551407));
#776 = CARTESIAN_POINT('',(17.323958231462,0.692228565667));
#777 = CARTESIAN_POINT('',(17.730251461778,0.69725584044));
#778 = CARTESIAN_POINT('',(18.553373775572,0.706457620165));
#779 = CARTESIAN_POINT('',(18.970110365448,0.710605895269));
#780 = CARTESIAN_POINT('',(19.386561009869,0.714191834082));
#781 = CARTESIAN_POINT('',(19.802401346216,0.717140002523));
#782 = CARTESIAN_POINT('',(20.217227571379,0.719342887433));
#783 = CARTESIAN_POINT('',(20.630555390819,0.720654423913));
#784 = CARTESIAN_POINT('',(21.246440328878,0.720939018109));
#785 = CARTESIAN_POINT('',(21.450556339517,0.720755802428));
#786 = CARTESIAN_POINT('',(21.654061939767,0.720266553408));
#787 = CARTESIAN_POINT('',(21.856857184085,0.719437592067));
#788 = CARTESIAN_POINT('',(22.058815666577,0.718229017211));
#789 = CARTESIAN_POINT('',(22.259780842402,0.716592199795));
#790 = CARTESIAN_POINT('',(22.667357852304,0.712253554069));
#791 = CARTESIAN_POINT('',(22.873816363103,0.709512211086));
#792 = CARTESIAN_POINT('',(23.078773873251,0.706171901164));
#793 = CARTESIAN_POINT('',(23.281942182745,0.702148362766));
#794 = CARTESIAN_POINT('',(23.482885796775,0.697335760457));
#795 = CARTESIAN_POINT('',(23.681019958886,0.69160435774));
#796 = CARTESIAN_POINT('',(23.998344248001,0.680451519654));
#797 = CARTESIAN_POINT('',(24.119672100303,0.675695623403));
#798 = CARTESIAN_POINT('',(24.239314651754,0.670454214943));
#799 = CARTESIAN_POINT('',(24.356974555537,0.664672709676));
#800 = CARTESIAN_POINT('',(24.472238688158,0.658289413021));
#801 = CARTESIAN_POINT('',(24.584553936211,0.6512319214));
#802 = CARTESIAN_POINT('',(24.761106486982,0.638516994392));
#803 = CARTESIAN_POINT('',(24.827567979697,0.633327201403));
#804 = CARTESIAN_POINT('',(24.892384790234,0.627817536194));
#805 = CARTESIAN_POINT('',(24.955314194471,0.621965075394));
#806 = CARTESIAN_POINT('',(25.016045524414,0.615747001841));
#807 = CARTESIAN_POINT('',(25.074197053528,0.609141172493));
#808 = CARTESIAN_POINT('',(25.168425485623,0.597147951056));
#809 = CARTESIAN_POINT('',(25.206001437524,0.591964559868));
#810 = CARTESIAN_POINT('',(25.241871522827,0.586569377918));
#811 = CARTESIAN_POINT('',(25.275835845566,0.58095771464));
#812 = CARTESIAN_POINT('',(25.307663723791,0.575128095274));
#813 = CARTESIAN_POINT('',(25.337102155,0.569083414213));
#814 = CARTESIAN_POINT('',(25.376330606609,0.559929002793));
#815 = CARTESIAN_POINT('',(25.388199512402,0.556981250117));
#816 = CARTESIAN_POINT('',(25.399468963744,0.553990176068));
#817 = CARTESIAN_POINT('',(25.410111725541,0.550957142796));
#818 = CARTESIAN_POINT('',(25.420100605488,0.547883893438));
#819 = CARTESIAN_POINT('',(25.429409074715,0.544772587435));
#820 = CARTESIAN_POINT('',(25.453548089877,0.535942978102));
#821 = CARTESIAN_POINT('',(25.466786017115,0.530143342025));
#822 = CARTESIAN_POINT('',(25.477571223485,0.524243875336));
#823 = CARTESIAN_POINT('',(25.485771531741,0.518264980782));
#824 = CARTESIAN_POINT('',(25.491288024341,0.512230326602));
#825 = CARTESIAN_POINT('',(25.49406603373,0.506166656985));
#826 = CARTESIAN_POINT('',(25.494144579131,0.494290392563));
#827 = CARTESIAN_POINT('',(25.491666148816,0.488476067021));
#828 = CARTESIAN_POINT('',(25.486669459724,0.482686636933));
#829 = CARTESIAN_POINT('',(25.479199736659,0.476945789647));
#830 = CARTESIAN_POINT('',(25.469340150975,0.471274709279));
#831 = CARTESIAN_POINT('',(25.457203160386,0.465691897145));
#832 = CARTESIAN_POINT('',(25.435690464727,0.457438732613));
#833 = CARTESIAN_POINT('',(25.427908481222,0.454690873818));
#834 = CARTESIAN_POINT('',(25.419592965664,0.451971250949));
#835 = CARTESIAN_POINT('',(25.410761368894,0.449281457627));
#836 = CARTESIAN_POINT('',(25.401431525172,0.446622845956));
#837 = CARTESIAN_POINT('',(25.391621652176,0.443996526528));
#838 = CARTESIAN_POINT('',(25.359889339146,0.435985184694));
#839 = CARTESIAN_POINT('',(25.336414301119,0.430712155155));
#840 = CARTESIAN_POINT('',(25.311090055571,0.425591685155));
#841 = CARTESIAN_POINT('',(25.284078028674,0.420627669604));
#842 = CARTESIAN_POINT('',(25.255530793175,0.415821099757));
#843 = CARTESIAN_POINT('',(25.225586607435,0.411170669987));
#844 = CARTESIAN_POINT('',(25.128202967735,0.397143610081));
#845 = CARTESIAN_POINT('',(25.056350029269,0.388308276645));
#846 = CARTESIAN_POINT('',(24.979895975908,0.380128724235));
#847 = CARTESIAN_POINT('',(24.899712108153,0.372560282498));
#848 = CARTESIAN_POINT('',(24.816473920703,0.365555017253));
#849 = CARTESIAN_POINT('',(24.73066945046,0.359064274199));
#850 = CARTESIAN_POINT('',(24.576107122736,0.348494363624));
#851 = CARTESIAN_POINT('',(24.508358709256,0.344216207575));
#852 = CARTESIAN_POINT('',(24.439503142537,0.340187827074));
#853 = CARTESIAN_POINT('',(24.369671407346,0.336392440142));
#854 = CARTESIAN_POINT('',(24.298971717304,0.332814892837));
#855 = CARTESIAN_POINT('',(24.227491899941,0.329441344667));
#856 = CARTESIAN_POINT('',(24.108497609055,0.324195663826));
#857 = CARTESIAN_POINT('',(24.061396450458,0.32221279014));
#858 = CARTESIAN_POINT('',(24.014018280325,0.320306926672));
#859 = CARTESIAN_POINT('',(23.96638126712,0.31847486488));
#860 = CARTESIAN_POINT('',(23.918501773402,0.316713593962));
#861 = CARTESIAN_POINT('',(23.87039435582,0.315020300852));
#862 = CARTESIAN_POINT('',(23.790357653763,0.312323959517));
#863 = CARTESIAN_POINT('',(23.758550976394,0.311283698678));
#864 = CARTESIAN_POINT('',(23.726655423532,0.310270844859));
#865 = CARTESIAN_POINT('',(23.694674471058,0.309284684076));
#866 = CARTESIAN_POINT('',(23.662611380219,0.308324531212));
#867 = CARTESIAN_POINT('',(23.630469197623,0.307389730013));
#868 = CARTESIAN_POINT('',(23.562371041764,0.305466155951));
#869 = CARTESIAN_POINT('',(23.526396986874,0.304483290471));
#870 = CARTESIAN_POINT('',(23.490332204748,0.303530234335));
#871 = CARTESIAN_POINT('',(23.454180243985,0.302606177046));
#872 = CARTESIAN_POINT('',(23.417944587603,0.301710319928));
#873 = CARTESIAN_POINT('',(23.381628653049,0.300841876121));
#874 = CARTESIAN_POINT('',(23.345235792191,0.300000070588));
#875 = ( GEOMETRIC_REPRESENTATION_CONTEXT(2) 
PARAMETRIC_REPRESENTATION_CONTEXT() REPRESENTATION_CONTEXT('2D SPACE',''
  ) );
#876 = ORIENTED_EDGE('',*,*,#877,.T.);
#877 = EDGE_CURVE('',#436,#878,#880,.T.);
#878 = VERTEX_POINT('',#879);
#879 = CARTESIAN_POINT('',(24.575354817696,11.293554551046,
    15.534076113082));
#880 = SURFACE_CURVE('',#881,(#891,#920),.PCURVE_S1.);
#881 = B_SPLINE_CURVE_WITH_KNOTS('',8,(#882,#883,#884,#885,#886,#887,
    #888,#889,#890),.UNSPECIFIED.,.F.,.F.,(9,9),(0.,1.),
  .PIECEWISE_BEZIER_KNOTS.);
#882 = CARTESIAN_POINT('',(25.,9.5,17.366071428571));
#883 = CARTESIAN_POINT('',(25.,9.766576117765,17.145908117024));
#884 = CARTESIAN_POINT('',(24.979697596931,10.017958754586,
    16.921525383186));
#885 = CARTESIAN_POINT('',(24.943132463303,10.256670175162,
    16.69417644333));
#886 = CARTESIAN_POINT('',(24.892423498684,10.483854081594,
    16.464666706078));
#887 = CARTESIAN_POINT('',(24.829292755182,10.700493280972,
    16.233606708611));
#888 = CARTESIAN_POINT('',(24.754877070001,10.907263747836,
    16.00137707411));
#889 = CARTESIAN_POINT('',(24.670051042353,11.104782705301,
    15.768190367654));
#890 = CARTESIAN_POINT('',(24.575354817696,11.293554551046,
    15.534076113082));
#891 = PCURVE('',#73,#892);
#892 = DEFINITIONAL_REPRESENTATION('',(#893),#919);
#893 = B_SPLINE_CURVE_WITH_KNOTS('',3,(#894,#895,#896,#897,#898,#899,
    #900,#901,#902,#903,#904,#905,#906,#907,#908,#909,#910,#911,#912,
    #913,#914,#915,#916,#917,#918),.UNSPECIFIED.,.F.,.F.,(4,1,1,1,1,1,1,
    1,1,1,1,1,1,1,1,1,1,1,1,1,1,1,4),(0.,4.545454545455E-02,
    9.090909090909E-02,0.136363636364,0.181818181818,0.227272727273,
    0.272727272727,0.318181818182,0.363636363636,0.409090909091,
    0.454545454545,0.5,0.545454545455,0.590909090909,0.636363636364,
    0.681818181818,0.727272727273,0.772727272727,0.818181818182,
    0.863636363636,0.909090909091,0.954545454545,1.),
  .QUASI_UNIFORM_KNOTS.);
#894 = CARTESIAN_POINT('',(-6.28318530718,8.258928571429));
#895 = CARTESIAN_POINT('',(-6.291263094891,8.285615271419));
#896 = CARTESIAN_POINT('',(-6.307273241604,8.339150492486));
#897 = CARTESIAN_POINT('',(-6.330880723816,8.419903947995));
#898 = CARTESIAN_POINT('',(-6.354110200082,8.501072128359));
#899 = CARTESIAN_POINT('',(-6.376987259569,8.582622843487));
#900 = CARTESIAN_POINT('',(-6.399535337069,8.664526044438));
#901 = CARTESIAN_POINT('',(-6.42177565251,8.746753998489));
#902 = CARTESIAN_POINT('',(-6.443727624054,8.829281036074));
#903 = CARTESIAN_POINT('',(-6.465409090978,8.912083445636));
#904 = CARTESIAN_POINT('',(-6.486836534832,8.995139356915));
#905 = CARTESIAN_POINT('',(-6.508025257586,9.078428650795));
#906 = CARTESIAN_POINT('',(-6.528989535697,9.161932881384));
#907 = CARTESIAN_POINT('',(-6.549742751631,9.245635210601));
#908 = CARTESIAN_POINT('',(-6.570297507845,9.329520352145));
#909 = CARTESIAN_POINT('',(-6.590665726281,9.413574523149));
#910 = CARTESIAN_POINT('',(-6.610858736013,9.497785401899));
#911 = CARTESIAN_POINT('',(-6.630887350952,9.582142090877));
#912 = CARTESIAN_POINT('',(-6.650761939264,9.66663508309));
#913 = CARTESIAN_POINT('',(-6.670492484936,9.751256236522));
#914 = CARTESIAN_POINT('',(-6.690088644741,9.835998737815));
#915 = CARTESIAN_POINT('',(-6.709559792196,9.92085712669));
#916 = CARTESIAN_POINT('',(-6.728915083027,10.005827117329));
#917 = CARTESIAN_POINT('',(-6.741747305243,10.062546509809));
#918 = CARTESIAN_POINT('',(-6.748147085505,10.090923886918));
#919 = ( GEOMETRIC_REPRESENTATION_CONTEXT(2) 
PARAMETRIC_REPRESENTATION_CONTEXT() REPRESENTATION_CONTEXT('2D SPACE',''
  ) );
#920 = PCURVE('',#746,#921);
#921 = DEFINITIONAL_REPRESENTATION('',(#922),#932);
#922 = B_SPLINE_CURVE_WITH_KNOTS('',8,(#923,#924,#925,#926,#927,#928,
    #929,#930,#931),.UNSPECIFIED.,.F.,.F.,(9,9),(0.,1.),
  .PIECEWISE_BEZIER_KNOTS.);
#923 = CARTESIAN_POINT('',(23.345236767259,0.3));
#924 = CARTESIAN_POINT('',(22.99949884583,0.292002716467));
#925 = CARTESIAN_POINT('',(22.647134869033,0.286369669211));
#926 = CARTESIAN_POINT('',(22.290112850455,0.282506849889));
#927 = CARTESIAN_POINT('',(21.929697579868,0.280075177399));
#928 = CARTESIAN_POINT('',(21.566847826705,0.278805702372));
#929 = CARTESIAN_POINT('',(21.202161310308,0.278511323438));
#930 = CARTESIAN_POINT('',(20.835971836557,0.279042938913));
#931 = CARTESIAN_POINT('',(20.468325768808,0.280290489356));
#932 = ( GEOMETRIC_REPRESENTATION_CONTEXT(2) 
PARAMETRIC_REPRESENTATION_CONTEXT() REPRESENTATION_CONTEXT('2D SPACE',''
  ) );
#933 = ORIENTED_EDGE('',*,*,#934,.T.);
#934 = EDGE_CURVE('',#878,#935,#937,.T.);
#935 = VERTEX_POINT('',#936);
#936 = CARTESIAN_POINT('',(20.265277174438,13.431943841104,
    10.208333333333));
#937 = SURFACE_CURVE('',#938,(#983,#1056),.PCURVE_S1.);
#938 = B_SPLINE_CURVE_WITH_KNOTS('',8,(#939,#940,#941,#942,#943,#944,
    #945,#946,#947,#948,#949,#950,#951,#952,#953,#954,#955,#956,#957,
    #958,#959,#960,#961,#962,#963,#964,#965,#966,#967,#968,#969,#970,
    #971,#972,#973,#974,#975,#976,#977,#978,#979,#980,#981,#982),
  .UNSPECIFIED.,.F.,.F.,(9,7,7,7,7,7,9),(0.,0.271804537631,
    0.565018384882,0.870553325724,0.938654838244,0.969674454866,1.),
  .UNSPECIFIED.);
#939 = CARTESIAN_POINT('',(24.575354817696,11.293554551046,
    15.534076113082));
#940 = CARTESIAN_POINT('',(24.500935143358,11.441906181064,
    15.350090884037));
#941 = CARTESIAN_POINT('',(24.420464525665,11.584767806651,
    15.165642379543));
#942 = CARTESIAN_POINT('',(24.33425302897,11.72233124964,14.98082825525)
  );
#943 = CARTESIAN_POINT('',(24.242532937742,11.854722086623,
    14.795736640432));
#944 = CARTESIAN_POINT('',(24.145477368649,11.98201689258,
    14.610447268182));
#945 = CARTESIAN_POINT('',(24.043211409896,12.104253485529,
    14.425032214321));
#946 = CARTESIAN_POINT('',(23.935815787807,12.221434172214,
    14.239556245021));
#947 = CARTESIAN_POINT('',(23.701969585124,12.454438672584,
    13.853987584017));
#948 = CARTESIAN_POINT('',(23.574695134199,12.569417730245,
    13.653912141658));
#949 = CARTESIAN_POINT('',(23.441542476295,12.678417566466,
    13.453920126422));
#950 = CARTESIAN_POINT('',(23.302500962027,12.781329471746,
    13.254092525455));
#951 = CARTESIAN_POINT('',(23.157512976741,12.877984298865,
    13.05452145271));
#952 = CARTESIAN_POINT('',(23.006468652282,12.968146482688,
    12.855310720424));
#953 = CARTESIAN_POINT('',(22.849188838027,13.051495409351,
    12.656577162076));
#954 = CARTESIAN_POINT('',(22.51472112477,13.206890593008,
    12.252002894535));
#955 = CARTESIAN_POINT('',(22.337055736647,13.278276080496,
    12.046313555304));
#956 = CARTESIAN_POINT('',(22.152027894196,13.341302626258,
    11.841447207892));
#957 = CARTESIAN_POINT('',(21.959195291794,13.39531967276,
    11.637575846082));
#958 = CARTESIAN_POINT('',(21.758053650984,13.439485092574,
    11.434978496898));
#959 = CARTESIAN_POINT('',(21.547925640445,13.472623023117,
    11.234066893777));
#960 = CARTESIAN_POINT('',(21.327974019691,13.493241917761,
    11.035381423469));
#961 = CARTESIAN_POINT('',(21.045073927293,13.500078582546,
    10.79608990526));
#962 = CARTESIAN_POINT('',(20.992949570042,13.500577958395,
    10.752628339976));
#963 = CARTESIAN_POINT('',(20.940248410772,13.500302875439,
    10.709330018021));
#964 = CARTESIAN_POINT('',(20.886954133955,13.499223334683,
    10.66620624047));
#965 = CARTESIAN_POINT('',(20.833049503112,13.497306600752,
    10.623269807753));
#966 = CARTESIAN_POINT('',(20.778516022286,13.49451672671,
    10.580535132506));
#967 = CARTESIAN_POINT('',(20.723333597499,13.490814078887,
    10.538018352425));
#968 = CARTESIAN_POINT('',(20.64203948525,13.484032630843,
    10.476478875292));
#969 = CARTESIAN_POINT('',(20.616641684559,13.481727124369,
    10.457407114443));
#970 = CARTESIAN_POINT('',(20.591287565618,13.479239109461,
    10.438522162451));
#971 = CARTESIAN_POINT('',(20.56597790555,13.476569340454,
    10.419824038137));
#972 = CARTESIAN_POINT('',(20.540713489123,13.473718558834,
    10.401312777247));
#973 = CARTESIAN_POINT('',(20.515495108755,13.470687493234,
    10.382988432461));
#974 = CARTESIAN_POINT('',(20.490323564512,13.467476859439,
    10.364851073386));
#975 = CARTESIAN_POINT('',(20.440637917101,13.46077370219,
    10.329352141779));
#976 = CARTESIAN_POINT('',(20.415944960325,13.457265232248,
    10.311856025421));
#977 = CARTESIAN_POINT('',(20.391118903639,13.453557824405,
    10.294414284189));
#978 = CARTESIAN_POINT('',(20.366157806232,13.449647141563,
    10.27702889716));
#979 = CARTESIAN_POINT('',(20.341059676628,13.445528635678,
    10.259701975784));
#980 = CARTESIAN_POINT('',(20.315822472677,13.441197547758,
    10.242435763884));
#981 = CARTESIAN_POINT('',(20.290444101565,13.436648907864,
    10.225232637654));
#982 = CARTESIAN_POINT('',(20.264922419805,13.431877535109,
    10.208095105664));
#983 = PCURVE('',#73,#984);
#984 = DEFINITIONAL_REPRESENTATION('',(#985),#1055);
#985 = B_SPLINE_CURVE_WITH_KNOTS('',3,(#986,#987,#988,#989,#990,#991,
    #992,#993,#994,#995,#996,#997,#998,#999,#1000,#1001,#1002,#1003,
    #1004,#1005,#1006,#1007,#1008,#1009,#1010,#1011,#1012,#1013,#1014,
    #1015,#1016,#1017,#1018,#1019,#1020,#1021,#1022,#1023,#1024,#1025,
    #1026,#1027,#1028,#1029,#1030,#1031,#1032,#1033,#1034,#1035,#1036,
    #1037,#1038,#1039,#1040,#1041,#1042,#1043,#1044,#1045,#1046,#1047,
    #1048,#1049,#1050,#1051,#1052,#1053,#1054),.UNSPECIFIED.,.F.,.F.,(4,
    1,1,1,1,1,1,1,1,1,1,1,1,1,1,1,1,1,1,1,1,1,1,1,1,1,1,1,1,1,1,1,1,1,1,
    1,1,1,1,1,1,1,1,1,1,1,1,1,1,1,1,1,1,1,1,1,1,1,1,1,1,1,1,1,1,1,4),(0.
    ,1.51507167739E-02,3.03014335478E-02,4.54521503217E-02,
    6.060286709561E-02,7.575358386951E-02,9.090430064341E-02,
    0.106055017417,0.121205734191,0.136356450965,0.151507167739,
    0.166657884513,0.181808601287,0.196959318061,0.212110034835,
    0.227260751609,0.242411468382,0.257562185156,0.27271290193,
    0.287863618704,0.303014335478,0.318165052252,0.333315769026,
    0.3484664858,0.363617202574,0.378767919348,0.393918636121,
    0.409069352895,0.424220069669,0.439370786443,0.454521503217,
    0.469672219991,0.484822936765,0.499973653539,0.515124370313,
    0.530275087087,0.54542580386,0.560576520634,0.575727237408,
    0.590877954182,0.606028670956,0.62117938773,0.636330104504,
    0.651480821278,0.666631538052,0.681782254826,0.696932971599,
    0.712083688373,0.727234405147,0.742385121921,0.757535838695,
    0.772686555469,0.787837272243,0.802987989017,0.818138705791,
    0.833289422565,0.848440139338,0.863590856112,0.878741572886,
    0.89389228966,0.909043006434,0.924193723208,0.939344439982,
    0.954495156756,0.96964587353,0.984796590304,0.999947307077),
  .QUASI_UNIFORM_KNOTS.);
#986 = CARTESIAN_POINT('',(-6.748147085505,10.090923886918));
#987 = CARTESIAN_POINT('',(-6.754314694823,10.118272062854));
#988 = CARTESIAN_POINT('',(-6.76661818415,10.172995236681));
#989 = CARTESIAN_POINT('',(-6.784984606424,10.255155021744));
#990 = CARTESIAN_POINT('',(-6.803268689269,10.337384331681));
#991 = CARTESIAN_POINT('',(-6.821476568692,10.419677869698));
#992 = CARTESIAN_POINT('',(-6.839614191832,10.502030467346));
#993 = CARTESIAN_POINT('',(-6.857687306942,10.584437100236));
#994 = CARTESIAN_POINT('',(-6.875701493598,10.666892879931));
#995 = CARTESIAN_POINT('',(-6.893662180331,10.749393052527));
#996 = CARTESIAN_POINT('',(-6.911574663964,10.831932995729));
#997 = CARTESIAN_POINT('',(-6.929444127007,10.914508216663));
#998 = CARTESIAN_POINT('',(-6.947275654214,10.997114349688));
#999 = CARTESIAN_POINT('',(-6.965074248301,11.079747154878));
#1000 = CARTESIAN_POINT('',(-6.982844844603,11.162402515243));
#1001 = CARTESIAN_POINT('',(-7.000592326328,11.245076439749));
#1002 = CARTESIAN_POINT('',(-7.01832153493,11.327765045831));
#1003 = CARTESIAN_POINT('',(-7.036037296719,11.410464619525));
#1004 = CARTESIAN_POINT('',(-7.053744387559,11.493171387095));
#1005 = CARTESIAN_POINT('',(-7.071447728108,11.575882364439));
#1006 = CARTESIAN_POINT('',(-7.089151712624,11.658592156612));
#1007 = CARTESIAN_POINT('',(-7.106860898706,11.741296123002));
#1008 = CARTESIAN_POINT('',(-7.124580191702,11.823991180472));
#1009 = CARTESIAN_POINT('',(-7.14231439937,11.906673657258));
#1010 = CARTESIAN_POINT('',(-7.160068368482,11.989339867726));
#1011 = CARTESIAN_POINT('',(-7.177846965403,12.071985957704));
#1012 = CARTESIAN_POINT('',(-7.195655098601,12.154607944898));
#1013 = CARTESIAN_POINT('',(-7.213497730238,12.237201706678));
#1014 = CARTESIAN_POINT('',(-7.231379891234,12.319762981589));
#1015 = CARTESIAN_POINT('',(-7.249306696115,12.402287366825));
#1016 = CARTESIAN_POINT('',(-7.267283358874,12.484770316434));
#1017 = CARTESIAN_POINT('',(-7.285315209659,12.567207138875));
#1018 = CARTESIAN_POINT('',(-7.303407712642,12.649592994726));
#1019 = CARTESIAN_POINT('',(-7.321566484798,12.731922892699));
#1020 = CARTESIAN_POINT('',(-7.339797317188,12.814191690541));
#1021 = CARTESIAN_POINT('',(-7.358106193432,12.896394076371));
#1022 = CARTESIAN_POINT('',(-7.376499325915,12.978524621633));
#1023 = CARTESIAN_POINT('',(-7.394983133555,13.06057756544));
#1024 = CARTESIAN_POINT('',(-7.413564446018,13.142547599991));
#1025 = CARTESIAN_POINT('',(-7.432249871635,13.224426918593));
#1026 = CARTESIAN_POINT('',(-7.451043901208,13.306196954013));
#1027 = CARTESIAN_POINT('',(-7.469955511943,13.387857064107));
#1028 = CARTESIAN_POINT('',(-7.488992961323,13.469401358919));
#1029 = CARTESIAN_POINT('',(-7.508165009267,13.550823931422));
#1030 = CARTESIAN_POINT('',(-7.527480642537,13.632117438368));
#1031 = CARTESIAN_POINT('',(-7.546949206521,13.713273457508));
#1032 = CARTESIAN_POINT('',(-7.566580434644,13.794282364007));
#1033 = CARTESIAN_POINT('',(-7.586384512822,13.875133331124));
#1034 = CARTESIAN_POINT('',(-7.606372143175,13.95581429292));
#1035 = CARTESIAN_POINT('',(-7.62655461797,14.036311911955));
#1036 = CARTESIAN_POINT('',(-7.646943902632,14.116611539537));
#1037 = CARTESIAN_POINT('',(-7.667552730545,14.196697170782));
#1038 = CARTESIAN_POINT('',(-7.688394711624,14.276551391469));
#1039 = CARTESIAN_POINT('',(-7.709484458735,14.356155318246));
#1040 = CARTESIAN_POINT('',(-7.730837732063,14.435488519004));
#1041 = CARTESIAN_POINT('',(-7.752471619158,14.514528952705));
#1042 = CARTESIAN_POINT('',(-7.774404706303,14.593252771057));
#1043 = CARTESIAN_POINT('',(-7.796657432087,14.671634557713));
#1044 = CARTESIAN_POINT('',(-7.81925194023,14.749645842552));
#1045 = CARTESIAN_POINT('',(-7.842214013787,14.827259946091));
#1046 = CARTESIAN_POINT('',(-7.865564468221,14.90442293695));
#1047 = CARTESIAN_POINT('',(-7.889339621004,14.981117068261));
#1048 = CARTESIAN_POINT('',(-7.913540380436,15.05720355737));
#1049 = CARTESIAN_POINT('',(-7.93831073683,15.132959865325));
#1050 = CARTESIAN_POINT('',(-7.963272367402,15.20706753706));
#1051 = CARTESIAN_POINT('',(-7.987990931472,15.27821603199));
#1052 = CARTESIAN_POINT('',(-8.012983324892,15.347869701871));
#1053 = CARTESIAN_POINT('',(-8.030030421001,15.393732834401));
#1054 = CARTESIAN_POINT('',(-8.03871119891,15.416666666754));
#1055 = ( GEOMETRIC_REPRESENTATION_CONTEXT(2) 
PARAMETRIC_REPRESENTATION_CONTEXT() REPRESENTATION_CONTEXT('2D SPACE',''
  ) );
#1056 = PCURVE('',#746,#1057);
#1057 = DEFINITIONAL_REPRESENTATION('',(#1058),#1103);
#1058 = B_SPLINE_CURVE_WITH_KNOTS('',8,(#1059,#1060,#1061,#1062,#1063,
    #1064,#1065,#1066,#1067,#1068,#1069,#1070,#1071,#1072,#1073,#1074,
    #1075,#1076,#1077,#1078,#1079,#1080,#1081,#1082,#1083,#1084,#1085,
    #1086,#1087,#1088,#1089,#1090,#1091,#1092,#1093,#1094,#1095,#1096,
    #1097,#1098,#1099,#1100,#1101,#1102),.UNSPECIFIED.,.F.,.F.,(9,7,7,7,
    7,7,9),(0.,0.271804537631,0.565018384882,0.870553325724,
    0.938654838244,0.969674454866,1.),.UNSPECIFIED.);
#1059 = CARTESIAN_POINT('',(20.468325768808,0.280290489356));
#1060 = CARTESIAN_POINT('',(20.179400832966,0.281270911733));
#1061 = CARTESIAN_POINT('',(19.889748383125,0.28269283497));
#1062 = CARTESIAN_POINT('',(19.59952177482,0.284501271487));
#1063 = CARTESIAN_POINT('',(19.30885940364,0.286653433702));
#1064 = CARTESIAN_POINT('',(19.017886480066,0.289115494286));
#1065 = CARTESIAN_POINT('',(18.726716189824,0.291860336712));
#1066 = CARTESIAN_POINT('',(18.435450239788,0.294866296098));
#1067 = CARTESIAN_POINT('',(17.829964673248,0.30162352512));
#1068 = CARTESIAN_POINT('',(17.5157721446,0.305414521177));
#1069 = CARTESIAN_POINT('',(17.201710627428,0.309469015891));
#1070 = CARTESIAN_POINT('',(16.887907301539,0.313772570964));
#1071 = CARTESIAN_POINT('',(16.574506819944,0.318315929723));
#1072 = CARTESIAN_POINT('',(16.261672206298,0.32309460208));
#1073 = CARTESIAN_POINT('',(15.949586932423,0.328109277158));
#1074 = CARTESIAN_POINT('',(15.314255526203,0.338845786632));
#1075 = CARTESIAN_POINT('',(14.991247100747,0.344585876193));
#1076 = CARTESIAN_POINT('',(14.669531077186,0.350597160422));
#1077 = CARTESIAN_POINT('',(14.349377549443,0.356895878352));
#1078 = CARTESIAN_POINT('',(14.031224693268,0.363504025279));
#1079 = CARTESIAN_POINT('',(13.71571908261,0.370455722287));
#1080 = CARTESIAN_POINT('',(13.403709324764,0.377796618206));
#1081 = CARTESIAN_POINT('',(13.027933036063,0.387358190107));
#1082 = CARTESIAN_POINT('',(12.959682285574,0.389124536163));
#1083 = CARTESIAN_POINT('',(12.891687887556,0.390915402444));
#1084 = CARTESIAN_POINT('',(12.823967588884,0.392731781906));
#1085 = CARTESIAN_POINT('',(12.756541490971,0.394574751078));
#1086 = CARTESIAN_POINT('',(12.689432226995,0.396445491769));
#1087 = CARTESIAN_POINT('',(12.622665139109,0.398345312757));
#1088 = CARTESIAN_POINT('',(12.526025373108,0.401154932257));
#1089 = CARTESIAN_POINT('',(12.496075646664,0.402034234583));
#1090 = CARTESIAN_POINT('',(12.466419279298,0.40291357971));
#1091 = CARTESIAN_POINT('',(12.437056300563,0.403792968926));
#1092 = CARTESIAN_POINT('',(12.407986766598,0.404672403564));
#1093 = CARTESIAN_POINT('',(12.379210760126,0.405551885001));
#1094 = CARTESIAN_POINT('',(12.350728390458,0.406431414664));
#1095 = CARTESIAN_POINT('',(12.294981923254,0.40817089258));
#1096 = CARTESIAN_POINT('',(12.267506542091,0.409036991285));
#1097 = CARTESIAN_POINT('',(12.24011655001,0.409909469631));
#1098 = CARTESIAN_POINT('',(12.212815054896,0.41078849349));
#1099 = CARTESIAN_POINT('',(12.185605372506,0.411674215114));
#1100 = CARTESIAN_POINT('',(12.158491026471,0.412566773134));
#1101 = CARTESIAN_POINT('',(12.131475748299,0.413466292561));
#1102 = CARTESIAN_POINT('',(12.104563477371,0.414372884786));
#1103 = ( GEOMETRIC_REPRESENTATION_CONTEXT(2) 
PARAMETRIC_REPRESENTATION_CONTEXT() REPRESENTATION_CONTEXT('2D SPACE',''
  ) );
#1104 = ORIENTED_EDGE('',*,*,#1105,.F.);
#1105 = EDGE_CURVE('',#1106,#935,#1108,.T.);
#1106 = VERTEX_POINT('',#1107);
#1107 = CARTESIAN_POINT('',(22.253073981927,13.298658394199,
    10.208333333333));
#1108 = SURFACE_CURVE('',#1109,(#1114,#1121),.PCURVE_S1.);
#1109 = CIRCLE('',#1110,4.);
#1110 = AXIS2_PLACEMENT_3D('',#1111,#1112,#1113);
#1111 = CARTESIAN_POINT('',(21.,9.5,10.208333333333));
#1112 = DIRECTION('',(0.,0.,1.));
#1113 = DIRECTION('',(1.,0.,0.));
#1114 = PCURVE('',#73,#1115);
#1115 = DEFINITIONAL_REPRESENTATION('',(#1116),#1120);
#1116 = LINE('',#1117,#1118);
#1117 = CARTESIAN_POINT('',(-6.28318530718,15.416666666667));
#1118 = VECTOR('',#1119,1.);
#1119 = DIRECTION('',(-1.,0.));
#1120 = ( GEOMETRIC_REPRESENTATION_CONTEXT(2) 
PARAMETRIC_REPRESENTATION_CONTEXT() REPRESENTATION_CONTEXT('2D SPACE',''
  ) );
#1121 = PCURVE('',#423,#1122);
#1122 = DEFINITIONAL_REPRESENTATION('',(#1123),#1127);
#1123 = CIRCLE('',#1124,4.);
#1124 = AXIS2_PLACEMENT_2D('',#1125,#1126);
#1125 = CARTESIAN_POINT('',(0.,0.));
#1126 = DIRECTION('',(1.,0.));
#1127 = ( GEOMETRIC_REPRESENTATION_CONTEXT(2) 
PARAMETRIC_REPRESENTATION_CONTEXT() REPRESENTATION_CONTEXT('2D SPACE',''
  ) );
#1128 = ORIENTED_EDGE('',*,*,#1129,.T.);
#1129 = EDGE_CURVE('',#1106,#327,#1130,.T.);
#1130 = SURFACE_CURVE('',#1131,(#1135,#1142),.PCURVE_S1.);
#1131 = LINE('',#1132,#1133);
#1132 = CARTESIAN_POINT('',(22.253073981927,13.298658394199,
    10.208333333333));
#1133 = VECTOR('',#1134,1.);
#1134 = DIRECTION('',(-0.,-0.,-1.));
#1135 = PCURVE('',#73,#1136);
#1136 = DEFINITIONAL_REPRESENTATION('',(#1137),#1141);
#1137 = LINE('',#1138,#1139);
#1138 = CARTESIAN_POINT('',(-7.535348809624,15.416666666667));
#1139 = VECTOR('',#1140,1.);
#1140 = DIRECTION('',(-0.,1.));
#1141 = ( GEOMETRIC_REPRESENTATION_CONTEXT(2) 
PARAMETRIC_REPRESENTATION_CONTEXT() REPRESENTATION_CONTEXT('2D SPACE',''
  ) );
#1142 = PCURVE('',#394,#1143);
#1143 = DEFINITIONAL_REPRESENTATION('',(#1144),#1148);
#1144 = LINE('',#1145,#1146);
#1145 = CARTESIAN_POINT('',(3.572114219898,0.153020663835));
#1146 = VECTOR('',#1147,1.);
#1147 = DIRECTION('',(0.,-1.));
#1148 = ( GEOMETRIC_REPRESENTATION_CONTEXT(2) 
PARAMETRIC_REPRESENTATION_CONTEXT() REPRESENTATION_CONTEXT('2D SPACE',''
  ) );
#1149 = ADVANCED_FACE('',(#1150),#150,.T.);
#1150 = FACE_BOUND('',#1151,.T.);
#1151 = EDGE_LOOP('',(#1152,#1175,#1196,#1197));
#1152 = ORIENTED_EDGE('',*,*,#1153,.F.);
#1153 = EDGE_CURVE('',#1154,#327,#1156,.T.);
#1154 = VERTEX_POINT('',#1155);
#1155 = CARTESIAN_POINT('',(21.,12.045584412272,10.008333333333));
#1156 = SURFACE_CURVE('',#1157,(#1161,#1168),.PCURVE_S1.);
#1157 = LINE('',#1158,#1159);
#1158 = CARTESIAN_POINT('',(17.201341605801,8.246926018073,
    10.008333333333));
#1159 = VECTOR('',#1160,1.);
#1160 = DIRECTION('',(0.707106781187,0.707106781187,0.));
#1161 = PCURVE('',#150,#1162);
#1162 = DEFINITIONAL_REPRESENTATION('',(#1163),#1167);
#1163 = LINE('',#1164,#1165);
#1164 = CARTESIAN_POINT('',(-3.798658394199,-1.253073981927));
#1165 = VECTOR('',#1166,1.);
#1166 = DIRECTION('',(0.707106781187,0.707106781187));
#1167 = ( GEOMETRIC_REPRESENTATION_CONTEXT(2) 
PARAMETRIC_REPRESENTATION_CONTEXT() REPRESENTATION_CONTEXT('2D SPACE',''
  ) );
#1168 = PCURVE('',#394,#1169);
#1169 = DEFINITIONAL_REPRESENTATION('',(#1170),#1174);
#1170 = LINE('',#1171,#1172);
#1171 = CARTESIAN_POINT('',(-3.572114219898,-4.697933616512E-02));
#1172 = VECTOR('',#1173,1.);
#1173 = DIRECTION('',(1.,0.));
#1174 = ( GEOMETRIC_REPRESENTATION_CONTEXT(2) 
PARAMETRIC_REPRESENTATION_CONTEXT() REPRESENTATION_CONTEXT('2D SPACE',''
  ) );
#1175 = ORIENTED_EDGE('',*,*,#1176,.T.);
#1176 = EDGE_CURVE('',#1154,#135,#1177,.T.);
#1177 = SURFACE_CURVE('',#1178,(#1182,#1189),.PCURVE_S1.);
#1178 = LINE('',#1179,#1180);
#1179 = CARTESIAN_POINT('',(21.,12.045584412272,10.008333333333));
#1180 = VECTOR('',#1181,1.);
#1181 = DIRECTION('',(0.707106781187,-0.707106781187,0.));
#1182 = PCURVE('',#150,#1183);
#1183 = DEFINITIONAL_REPRESENTATION('',(#1184),#1188);
#1184 = LINE('',#1185,#1186);
#1185 = CARTESIAN_POINT('',(-1.06581410364E-14,2.545584412272));
#1186 = VECTOR('',#1187,1.);
#1187 = DIRECTION('',(0.707106781187,-0.707106781187));
#1188 = ( GEOMETRIC_REPRESENTATION_CONTEXT(2) 
PARAMETRIC_REPRESENTATION_CONTEXT() REPRESENTATION_CONTEXT('2D SPACE',''
  ) );
#1189 = PCURVE('',#178,#1190);
#1190 = DEFINITIONAL_REPRESENTATION('',(#1191),#1195);
#1191 = LINE('',#1192,#1193);
#1192 = CARTESIAN_POINT('',(-1.8,9.999999999999E-02));
#1193 = VECTOR('',#1194,1.);
#1194 = DIRECTION('',(1.,1.032129946434E-31));
#1195 = ( GEOMETRIC_REPRESENTATION_CONTEXT(2) 
PARAMETRIC_REPRESENTATION_CONTEXT() REPRESENTATION_CONTEXT('2D SPACE',''
  ) );
#1196 = ORIENTED_EDGE('',*,*,#134,.F.);
#1197 = ORIENTED_EDGE('',*,*,#326,.T.);
#1198 = ADVANCED_FACE('',(#1199),#178,.T.);
#1199 = FACE_BOUND('',#1200,.T.);
#1200 = EDGE_LOOP('',(#1201,#1202,#1225,#1253,#1274));
#1201 = ORIENTED_EDGE('',*,*,#1176,.F.);
#1202 = ORIENTED_EDGE('',*,*,#1203,.T.);
#1203 = EDGE_CURVE('',#1154,#1204,#1206,.T.);
#1204 = VERTEX_POINT('',#1205);
#1205 = CARTESIAN_POINT('',(21.,12.045584412272,9.808333333333));
#1206 = SURFACE_CURVE('',#1207,(#1211,#1218),.PCURVE_S1.);
#1207 = LINE('',#1208,#1209);
#1208 = CARTESIAN_POINT('',(21.,12.045584412272,10.008333333333));
#1209 = VECTOR('',#1210,1.);
#1210 = DIRECTION('',(-0.,-0.,-1.));
#1211 = PCURVE('',#178,#1212);
#1212 = DEFINITIONAL_REPRESENTATION('',(#1213),#1217);
#1213 = LINE('',#1214,#1215);
#1214 = CARTESIAN_POINT('',(-1.8,9.999999999999E-02));
#1215 = VECTOR('',#1216,1.);
#1216 = DIRECTION('',(0.,-1.));
#1217 = ( GEOMETRIC_REPRESENTATION_CONTEXT(2) 
PARAMETRIC_REPRESENTATION_CONTEXT() REPRESENTATION_CONTEXT('2D SPACE',''
  ) );
#1218 = PCURVE('',#394,#1219);
#1219 = DEFINITIONAL_REPRESENTATION('',(#1220),#1224);
#1220 = LINE('',#1221,#1222);
#1221 = CARTESIAN_POINT('',(1.8,-4.697933616512E-02));
#1222 = VECTOR('',#1223,1.);
#1223 = DIRECTION('',(0.,-1.));
#1224 = ( GEOMETRIC_REPRESENTATION_CONTEXT(2) 
PARAMETRIC_REPRESENTATION_CONTEXT() REPRESENTATION_CONTEXT('2D SPACE',''
  ) );
#1225 = ORIENTED_EDGE('',*,*,#1226,.T.);
#1226 = EDGE_CURVE('',#1204,#1227,#1229,.T.);
#1227 = VERTEX_POINT('',#1228);
#1228 = CARTESIAN_POINT('',(22.272792206136,10.772792206136,
    9.808333333333));
#1229 = SURFACE_CURVE('',#1230,(#1234,#1241),.PCURVE_S1.);
#1230 = LINE('',#1231,#1232);
#1231 = CARTESIAN_POINT('',(21.,12.045584412272,9.808333333333));
#1232 = VECTOR('',#1233,1.);
#1233 = DIRECTION('',(0.707106781187,-0.707106781187,0.));
#1234 = PCURVE('',#178,#1235);
#1235 = DEFINITIONAL_REPRESENTATION('',(#1236),#1240);
#1236 = LINE('',#1237,#1238);
#1237 = CARTESIAN_POINT('',(-1.8,-0.1));
#1238 = VECTOR('',#1239,1.);
#1239 = DIRECTION('',(1.,1.032129946434E-31));
#1240 = ( GEOMETRIC_REPRESENTATION_CONTEXT(2) 
PARAMETRIC_REPRESENTATION_CONTEXT() REPRESENTATION_CONTEXT('2D SPACE',''
  ) );
#1241 = PCURVE('',#1242,#1247);
#1242 = PLANE('',#1243);
#1243 = AXIS2_PLACEMENT_3D('',#1244,#1245,#1246);
#1244 = CARTESIAN_POINT('',(21.,9.5,9.808333333333));
#1245 = DIRECTION('',(0.,0.,1.));
#1246 = DIRECTION('',(1.,0.,0.));
#1247 = DEFINITIONAL_REPRESENTATION('',(#1248),#1252);
#1248 = LINE('',#1249,#1250);
#1249 = CARTESIAN_POINT('',(-1.06581410364E-14,2.545584412272));
#1250 = VECTOR('',#1251,1.);
#1251 = DIRECTION('',(0.707106781187,-0.707106781187));
#1252 = ( GEOMETRIC_REPRESENTATION_CONTEXT(2) 
PARAMETRIC_REPRESENTATION_CONTEXT() REPRESENTATION_CONTEXT('2D SPACE',''
  ) );
#1253 = ORIENTED_EDGE('',*,*,#1254,.T.);
#1254 = EDGE_CURVE('',#1227,#163,#1255,.T.);
#1255 = SURFACE_CURVE('',#1256,(#1260,#1267),.PCURVE_S1.);
#1256 = LINE('',#1257,#1258);
#1257 = CARTESIAN_POINT('',(21.,12.045584412272,9.808333333333));
#1258 = VECTOR('',#1259,1.);
#1259 = DIRECTION('',(0.707106781187,-0.707106781187,0.));
#1260 = PCURVE('',#178,#1261);
#1261 = DEFINITIONAL_REPRESENTATION('',(#1262),#1266);
#1262 = LINE('',#1263,#1264);
#1263 = CARTESIAN_POINT('',(-1.8,-0.1));
#1264 = VECTOR('',#1265,1.);
#1265 = DIRECTION('',(1.,1.032129946434E-31));
#1266 = ( GEOMETRIC_REPRESENTATION_CONTEXT(2) 
PARAMETRIC_REPRESENTATION_CONTEXT() REPRESENTATION_CONTEXT('2D SPACE',''
  ) );
#1267 = PCURVE('',#206,#1268);
#1268 = DEFINITIONAL_REPRESENTATION('',(#1269),#1273);
#1269 = LINE('',#1270,#1271);
#1270 = CARTESIAN_POINT('',(-1.06581410364E-14,2.545584412272));
#1271 = VECTOR('',#1272,1.);
#1272 = DIRECTION('',(0.707106781187,-0.707106781187));
#1273 = ( GEOMETRIC_REPRESENTATION_CONTEXT(2) 
PARAMETRIC_REPRESENTATION_CONTEXT() REPRESENTATION_CONTEXT('2D SPACE',''
  ) );
#1274 = ORIENTED_EDGE('',*,*,#162,.F.);
#1275 = ADVANCED_FACE('',(#1276),#206,.T.);
#1276 = FACE_BOUND('',#1277,.T.);
#1277 = EDGE_LOOP('',(#1278,#1279,#1306));
#1278 = ORIENTED_EDGE('',*,*,#1254,.F.);
#1279 = ORIENTED_EDGE('',*,*,#1280,.F.);
#1280 = EDGE_CURVE('',#191,#1227,#1281,.T.);
#1281 = SURFACE_CURVE('',#1282,(#1287,#1294),.PCURVE_S1.);
#1282 = CIRCLE('',#1283,1.8);
#1283 = AXIS2_PLACEMENT_3D('',#1284,#1285,#1286);
#1284 = CARTESIAN_POINT('',(21.,9.5,9.808333333333));
#1285 = DIRECTION('',(0.,0.,1.));
#1286 = DIRECTION('',(-1.,0.,0.));
#1287 = PCURVE('',#206,#1288);
#1288 = DEFINITIONAL_REPRESENTATION('',(#1289),#1293);
#1289 = CIRCLE('',#1290,1.8);
#1290 = AXIS2_PLACEMENT_2D('',#1291,#1292);
#1291 = CARTESIAN_POINT('',(-3.552713678801E-15,-3.552713678801E-15));
#1292 = DIRECTION('',(-1.,0.));
#1293 = ( GEOMETRIC_REPRESENTATION_CONTEXT(2) 
PARAMETRIC_REPRESENTATION_CONTEXT() REPRESENTATION_CONTEXT('2D SPACE',''
  ) );
#1294 = PCURVE('',#1295,#1300);
#1295 = CYLINDRICAL_SURFACE('',#1296,1.8);
#1296 = AXIS2_PLACEMENT_3D('',#1297,#1298,#1299);
#1297 = CARTESIAN_POINT('',(21.,9.5,0.));
#1298 = DIRECTION('',(0.,0.,1.));
#1299 = DIRECTION('',(-1.,0.,0.));
#1300 = DEFINITIONAL_REPRESENTATION('',(#1301),#1305);
#1301 = LINE('',#1302,#1303);
#1302 = CARTESIAN_POINT('',(-6.28318530718,9.808333333333));
#1303 = VECTOR('',#1304,1.);
#1304 = DIRECTION('',(1.,-0.));
#1305 = ( GEOMETRIC_REPRESENTATION_CONTEXT(2) 
PARAMETRIC_REPRESENTATION_CONTEXT() REPRESENTATION_CONTEXT('2D SPACE',''
  ) );
#1306 = ORIENTED_EDGE('',*,*,#190,.F.);
#1307 = ADVANCED_FACE('',(#1308),#234,.T.);
#1308 = FACE_BOUND('',#1309,.T.);
#1309 = EDGE_LOOP('',(#1310,#1334,#1355));
#1310 = ORIENTED_EDGE('',*,*,#1311,.F.);
#1311 = EDGE_CURVE('',#1312,#191,#1314,.T.);
#1312 = VERTEX_POINT('',#1313);
#1313 = CARTESIAN_POINT('',(19.727207793864,8.227207793864,
    9.808333333333));
#1314 = SURFACE_CURVE('',#1315,(#1320,#1327),.PCURVE_S1.);
#1315 = CIRCLE('',#1316,1.8);
#1316 = AXIS2_PLACEMENT_3D('',#1317,#1318,#1319);
#1317 = CARTESIAN_POINT('',(21.,9.5,9.808333333333));
#1318 = DIRECTION('',(0.,0.,1.));
#1319 = DIRECTION('',(-1.,0.,0.));
#1320 = PCURVE('',#234,#1321);
#1321 = DEFINITIONAL_REPRESENTATION('',(#1322),#1326);
#1322 = CIRCLE('',#1323,1.8);
#1323 = AXIS2_PLACEMENT_2D('',#1324,#1325);
#1324 = CARTESIAN_POINT('',(-3.552713678801E-15,-3.552713678801E-15));
#1325 = DIRECTION('',(-1.,0.));
#1326 = ( GEOMETRIC_REPRESENTATION_CONTEXT(2) 
PARAMETRIC_REPRESENTATION_CONTEXT() REPRESENTATION_CONTEXT('2D SPACE',''
  ) );
#1327 = PCURVE('',#1295,#1328);
#1328 = DEFINITIONAL_REPRESENTATION('',(#1329),#1333);
#1329 = LINE('',#1330,#1331);
#1330 = CARTESIAN_POINT('',(-6.28318530718,9.808333333333));
#1331 = VECTOR('',#1332,1.);
#1332 = DIRECTION('',(1.,-0.));
#1333 = ( GEOMETRIC_REPRESENTATION_CONTEXT(2) 
PARAMETRIC_REPRESENTATION_CONTEXT() REPRESENTATION_CONTEXT('2D SPACE',''
  ) );
#1334 = ORIENTED_EDGE('',*,*,#1335,.T.);
#1335 = EDGE_CURVE('',#1312,#219,#1336,.T.);
#1336 = SURFACE_CURVE('',#1337,(#1341,#1348),.PCURVE_S1.);
#1337 = LINE('',#1338,#1339);
#1338 = CARTESIAN_POINT('',(18.454415587728,9.5,9.808333333333));
#1339 = VECTOR('',#1340,1.);
#1340 = DIRECTION('',(0.707106781187,-0.707106781187,0.));
#1341 = PCURVE('',#234,#1342);
#1342 = DEFINITIONAL_REPRESENTATION('',(#1343),#1347);
#1343 = LINE('',#1344,#1345);
#1344 = CARTESIAN_POINT('',(-2.545584412272,8.881784197001E-15));
#1345 = VECTOR('',#1346,1.);
#1346 = DIRECTION('',(0.707106781187,-0.707106781187));
#1347 = ( GEOMETRIC_REPRESENTATION_CONTEXT(2) 
PARAMETRIC_REPRESENTATION_CONTEXT() REPRESENTATION_CONTEXT('2D SPACE',''
  ) );
#1348 = PCURVE('',#262,#1349);
#1349 = DEFINITIONAL_REPRESENTATION('',(#1350),#1354);
#1350 = LINE('',#1351,#1352);
#1351 = CARTESIAN_POINT('',(-1.8,1.E-01));
#1352 = VECTOR('',#1353,1.);
#1353 = DIRECTION('',(1.,0.));
#1354 = ( GEOMETRIC_REPRESENTATION_CONTEXT(2) 
PARAMETRIC_REPRESENTATION_CONTEXT() REPRESENTATION_CONTEXT('2D SPACE',''
  ) );
#1355 = ORIENTED_EDGE('',*,*,#218,.F.);
#1356 = ADVANCED_FACE('',(#1357),#262,.T.);
#1357 = FACE_BOUND('',#1358,.T.);
#1358 = EDGE_LOOP('',(#1359,#1382,#1383,#1384,#1412));
#1359 = ORIENTED_EDGE('',*,*,#1360,.T.);
#1360 = EDGE_CURVE('',#1361,#247,#1363,.T.);
#1361 = VERTEX_POINT('',#1362);
#1362 = CARTESIAN_POINT('',(18.454415587728,9.5,10.008333333333));
#1363 = SURFACE_CURVE('',#1364,(#1368,#1375),.PCURVE_S1.);
#1364 = LINE('',#1365,#1366);
#1365 = CARTESIAN_POINT('',(18.454415587728,9.5,10.008333333333));
#1366 = VECTOR('',#1367,1.);
#1367 = DIRECTION('',(0.707106781187,-0.707106781187,0.));
#1368 = PCURVE('',#262,#1369);
#1369 = DEFINITIONAL_REPRESENTATION('',(#1370),#1374);
#1370 = LINE('',#1371,#1372);
#1371 = CARTESIAN_POINT('',(-1.8,-1.E-01));
#1372 = VECTOR('',#1373,1.);
#1373 = DIRECTION('',(1.,0.));
#1374 = ( GEOMETRIC_REPRESENTATION_CONTEXT(2) 
PARAMETRIC_REPRESENTATION_CONTEXT() REPRESENTATION_CONTEXT('2D SPACE',''
  ) );
#1375 = PCURVE('',#290,#1376);
#1376 = DEFINITIONAL_REPRESENTATION('',(#1377),#1381);
#1377 = LINE('',#1378,#1379);
#1378 = CARTESIAN_POINT('',(-2.545584412272,1.06581410364E-14));
#1379 = VECTOR('',#1380,1.);
#1380 = DIRECTION('',(0.707106781187,-0.707106781187));
#1381 = ( GEOMETRIC_REPRESENTATION_CONTEXT(2) 
PARAMETRIC_REPRESENTATION_CONTEXT() REPRESENTATION_CONTEXT('2D SPACE',''
  ) );
#1382 = ORIENTED_EDGE('',*,*,#246,.T.);
#1383 = ORIENTED_EDGE('',*,*,#1335,.F.);
#1384 = ORIENTED_EDGE('',*,*,#1385,.F.);
#1385 = EDGE_CURVE('',#1386,#1312,#1388,.T.);
#1386 = VERTEX_POINT('',#1387);
#1387 = CARTESIAN_POINT('',(18.454415587728,9.5,9.808333333333));
#1388 = SURFACE_CURVE('',#1389,(#1393,#1400),.PCURVE_S1.);
#1389 = LINE('',#1390,#1391);
#1390 = CARTESIAN_POINT('',(18.454415587728,9.5,9.808333333333));
#1391 = VECTOR('',#1392,1.);
#1392 = DIRECTION('',(0.707106781187,-0.707106781187,0.));
#1393 = PCURVE('',#262,#1394);
#1394 = DEFINITIONAL_REPRESENTATION('',(#1395),#1399);
#1395 = LINE('',#1396,#1397);
#1396 = CARTESIAN_POINT('',(-1.8,1.E-01));
#1397 = VECTOR('',#1398,1.);
#1398 = DIRECTION('',(1.,0.));
#1399 = ( GEOMETRIC_REPRESENTATION_CONTEXT(2) 
PARAMETRIC_REPRESENTATION_CONTEXT() REPRESENTATION_CONTEXT('2D SPACE',''
  ) );
#1400 = PCURVE('',#1401,#1406);
#1401 = PLANE('',#1402);
#1402 = AXIS2_PLACEMENT_3D('',#1403,#1404,#1405);
#1403 = CARTESIAN_POINT('',(21.,9.5,9.808333333333));
#1404 = DIRECTION('',(0.,0.,1.));
#1405 = DIRECTION('',(1.,0.,0.));
#1406 = DEFINITIONAL_REPRESENTATION('',(#1407),#1411);
#1407 = LINE('',#1408,#1409);
#1408 = CARTESIAN_POINT('',(-2.545584412272,8.881784197001E-15));
#1409 = VECTOR('',#1410,1.);
#1410 = DIRECTION('',(0.707106781187,-0.707106781187));
#1411 = ( GEOMETRIC_REPRESENTATION_CONTEXT(2) 
PARAMETRIC_REPRESENTATION_CONTEXT() REPRESENTATION_CONTEXT('2D SPACE',''
  ) );
#1412 = ORIENTED_EDGE('',*,*,#1413,.F.);
#1413 = EDGE_CURVE('',#1361,#1386,#1414,.T.);
#1414 = SURFACE_CURVE('',#1415,(#1419,#1426),.PCURVE_S1.);
#1415 = LINE('',#1416,#1417);
#1416 = CARTESIAN_POINT('',(18.454415587728,9.5,10.008333333333));
#1417 = VECTOR('',#1418,1.);
#1418 = DIRECTION('',(-0.,-0.,-1.));
#1419 = PCURVE('',#262,#1420);
#1420 = DEFINITIONAL_REPRESENTATION('',(#1421),#1425);
#1421 = LINE('',#1422,#1423);
#1422 = CARTESIAN_POINT('',(-1.8,-1.E-01));
#1423 = VECTOR('',#1424,1.);
#1424 = DIRECTION('',(0.,1.));
#1425 = ( GEOMETRIC_REPRESENTATION_CONTEXT(2) 
PARAMETRIC_REPRESENTATION_CONTEXT() REPRESENTATION_CONTEXT('2D SPACE',''
  ) );
#1426 = PCURVE('',#394,#1427);
#1427 = DEFINITIONAL_REPRESENTATION('',(#1428),#1432);
#1428 = LINE('',#1429,#1430);
#1429 = CARTESIAN_POINT('',(-1.8,-4.697933616512E-02));
#1430 = VECTOR('',#1431,1.);
#1431 = DIRECTION('',(0.,-1.));
#1432 = ( GEOMETRIC_REPRESENTATION_CONTEXT(2) 
PARAMETRIC_REPRESENTATION_CONTEXT() REPRESENTATION_CONTEXT('2D SPACE',''
  ) );
#1433 = ADVANCED_FACE('',(#1434),#290,.T.);
#1434 = FACE_BOUND('',#1435,.T.);
#1435 = EDGE_LOOP('',(#1436,#1457,#1458,#1459));
#1436 = ORIENTED_EDGE('',*,*,#1437,.F.);
#1437 = EDGE_CURVE('',#355,#1361,#1438,.T.);
#1438 = SURFACE_CURVE('',#1439,(#1443,#1450),.PCURVE_S1.);
#1439 = LINE('',#1440,#1441);
#1440 = CARTESIAN_POINT('',(17.201341605801,8.246926018073,
    10.008333333333));
#1441 = VECTOR('',#1442,1.);
#1442 = DIRECTION('',(0.707106781187,0.707106781187,0.));
#1443 = PCURVE('',#290,#1444);
#1444 = DEFINITIONAL_REPRESENTATION('',(#1445),#1449);
#1445 = LINE('',#1446,#1447);
#1446 = CARTESIAN_POINT('',(-3.798658394199,-1.253073981927));
#1447 = VECTOR('',#1448,1.);
#1448 = DIRECTION('',(0.707106781187,0.707106781187));
#1449 = ( GEOMETRIC_REPRESENTATION_CONTEXT(2) 
PARAMETRIC_REPRESENTATION_CONTEXT() REPRESENTATION_CONTEXT('2D SPACE',''
  ) );
#1450 = PCURVE('',#394,#1451);
#1451 = DEFINITIONAL_REPRESENTATION('',(#1452),#1456);
#1452 = LINE('',#1453,#1454);
#1453 = CARTESIAN_POINT('',(-3.572114219898,-4.697933616512E-02));
#1454 = VECTOR('',#1455,1.);
#1455 = DIRECTION('',(1.,0.));
#1456 = ( GEOMETRIC_REPRESENTATION_CONTEXT(2) 
PARAMETRIC_REPRESENTATION_CONTEXT() REPRESENTATION_CONTEXT('2D SPACE',''
  ) );
#1457 = ORIENTED_EDGE('',*,*,#354,.T.);
#1458 = ORIENTED_EDGE('',*,*,#274,.F.);
#1459 = ORIENTED_EDGE('',*,*,#1360,.F.);
#1460 = ADVANCED_FACE('',(#1461),#394,.T.);
#1461 = FACE_BOUND('',#1462,.T.);
#1462 = EDGE_LOOP('',(#1463,#1484,#1485,#1486,#1487,#1510,#1531,#1532,
    #1533));
#1463 = ORIENTED_EDGE('',*,*,#1464,.F.);
#1464 = EDGE_CURVE('',#379,#1106,#1465,.T.);
#1465 = SURFACE_CURVE('',#1466,(#1470,#1477),.PCURVE_S1.);
#1466 = LINE('',#1467,#1468);
#1467 = CARTESIAN_POINT('',(17.201341605801,8.246926018073,
    10.208333333333));
#1468 = VECTOR('',#1469,1.);
#1469 = DIRECTION('',(0.707106781187,0.707106781187,0.));
#1470 = PCURVE('',#394,#1471);
#1471 = DEFINITIONAL_REPRESENTATION('',(#1472),#1476);
#1472 = LINE('',#1473,#1474);
#1473 = CARTESIAN_POINT('',(-3.572114219898,0.153020663835));
#1474 = VECTOR('',#1475,1.);
#1475 = DIRECTION('',(1.,0.));
#1476 = ( GEOMETRIC_REPRESENTATION_CONTEXT(2) 
PARAMETRIC_REPRESENTATION_CONTEXT() REPRESENTATION_CONTEXT('2D SPACE',''
  ) );
#1477 = PCURVE('',#423,#1478);
#1478 = DEFINITIONAL_REPRESENTATION('',(#1479),#1483);
#1479 = LINE('',#1480,#1481);
#1480 = CARTESIAN_POINT('',(-3.798658394199,-1.253073981927));
#1481 = VECTOR('',#1482,1.);
#1482 = DIRECTION('',(0.707106781187,0.707106781187));
#1483 = ( GEOMETRIC_REPRESENTATION_CONTEXT(2) 
PARAMETRIC_REPRESENTATION_CONTEXT() REPRESENTATION_CONTEXT('2D SPACE',''
  ) );
#1484 = ORIENTED_EDGE('',*,*,#378,.T.);
#1485 = ORIENTED_EDGE('',*,*,#1437,.T.);
#1486 = ORIENTED_EDGE('',*,*,#1413,.T.);
#1487 = ORIENTED_EDGE('',*,*,#1488,.T.);
#1488 = EDGE_CURVE('',#1386,#1489,#1491,.T.);
#1489 = VERTEX_POINT('',#1490);
#1490 = CARTESIAN_POINT('',(19.727207793864,10.772792206136,
    9.808333333333));
#1491 = SURFACE_CURVE('',#1492,(#1496,#1503),.PCURVE_S1.);
#1492 = LINE('',#1493,#1494);
#1493 = CARTESIAN_POINT('',(18.454415587728,9.5,9.808333333333));
#1494 = VECTOR('',#1495,1.);
#1495 = DIRECTION('',(0.707106781187,0.707106781187,0.));
#1496 = PCURVE('',#394,#1497);
#1497 = DEFINITIONAL_REPRESENTATION('',(#1498),#1502);
#1498 = LINE('',#1499,#1500);
#1499 = CARTESIAN_POINT('',(-1.8,-0.246979336165));
#1500 = VECTOR('',#1501,1.);
#1501 = DIRECTION('',(1.,-1.166896750485E-29));
#1502 = ( GEOMETRIC_REPRESENTATION_CONTEXT(2) 
PARAMETRIC_REPRESENTATION_CONTEXT() REPRESENTATION_CONTEXT('2D SPACE',''
  ) );
#1503 = PCURVE('',#1401,#1504);
#1504 = DEFINITIONAL_REPRESENTATION('',(#1505),#1509);
#1505 = LINE('',#1506,#1507);
#1506 = CARTESIAN_POINT('',(-2.545584412272,8.881784197001E-15));
#1507 = VECTOR('',#1508,1.);
#1508 = DIRECTION('',(0.707106781187,0.707106781187));
#1509 = ( GEOMETRIC_REPRESENTATION_CONTEXT(2) 
PARAMETRIC_REPRESENTATION_CONTEXT() REPRESENTATION_CONTEXT('2D SPACE',''
  ) );
#1510 = ORIENTED_EDGE('',*,*,#1511,.T.);
#1511 = EDGE_CURVE('',#1489,#1204,#1512,.T.);
#1512 = SURFACE_CURVE('',#1513,(#1517,#1524),.PCURVE_S1.);
#1513 = LINE('',#1514,#1515);
#1514 = CARTESIAN_POINT('',(18.454415587728,9.5,9.808333333333));
#1515 = VECTOR('',#1516,1.);
#1516 = DIRECTION('',(0.707106781187,0.707106781187,0.));
#1517 = PCURVE('',#394,#1518);
#1518 = DEFINITIONAL_REPRESENTATION('',(#1519),#1523);
#1519 = LINE('',#1520,#1521);
#1520 = CARTESIAN_POINT('',(-1.8,-0.246979336165));
#1521 = VECTOR('',#1522,1.);
#1522 = DIRECTION('',(1.,-1.166896750485E-29));
#1523 = ( GEOMETRIC_REPRESENTATION_CONTEXT(2) 
PARAMETRIC_REPRESENTATION_CONTEXT() REPRESENTATION_CONTEXT('2D SPACE',''
  ) );
#1524 = PCURVE('',#1242,#1525);
#1525 = DEFINITIONAL_REPRESENTATION('',(#1526),#1530);
#1526 = LINE('',#1527,#1528);
#1527 = CARTESIAN_POINT('',(-2.545584412272,8.881784197001E-15));
#1528 = VECTOR('',#1529,1.);
#1529 = DIRECTION('',(0.707106781187,0.707106781187));
#1530 = ( GEOMETRIC_REPRESENTATION_CONTEXT(2) 
PARAMETRIC_REPRESENTATION_CONTEXT() REPRESENTATION_CONTEXT('2D SPACE',''
  ) );
#1531 = ORIENTED_EDGE('',*,*,#1203,.F.);
#1532 = ORIENTED_EDGE('',*,*,#1153,.T.);
#1533 = ORIENTED_EDGE('',*,*,#1129,.F.);
#1534 = ADVANCED_FACE('',(#1535),#423,.T.);
#1535 = FACE_BOUND('',#1536,.T.);
#1536 = EDGE_LOOP('',(#1537,#1555,#1556,#1557));
#1537 = ORIENTED_EDGE('',*,*,#1538,.T.);
#1538 = EDGE_CURVE('',#935,#407,#1539,.T.);
#1539 = SURFACE_CURVE('',#1540,(#1543,#1549),.PCURVE_S1.);
#1540 = B_SPLINE_CURVE_WITH_KNOTS('',1,(#1541,#1542),.UNSPECIFIED.,.F.,
  .F.,(2,2),(0.,1.),.PIECEWISE_BEZIER_KNOTS.);
#1541 = CARTESIAN_POINT('',(20.333333333333,13.5,10.208333333333));
#1542 = CARTESIAN_POINT('',(17.,10.166666666667,10.208333333333));
#1543 = PCURVE('',#423,#1544);
#1544 = DEFINITIONAL_REPRESENTATION('',(#1545),#1548);
#1545 = B_SPLINE_CURVE_WITH_KNOTS('',1,(#1546,#1547),.UNSPECIFIED.,.F.,
  .F.,(2,2),(0.,1.),.PIECEWISE_BEZIER_KNOTS.);
#1546 = CARTESIAN_POINT('',(-0.666666666667,4.));
#1547 = CARTESIAN_POINT('',(-4.,0.666666666667));
#1548 = ( GEOMETRIC_REPRESENTATION_CONTEXT(2) 
PARAMETRIC_REPRESENTATION_CONTEXT() REPRESENTATION_CONTEXT('2D SPACE',''
  ) );
#1549 = PCURVE('',#746,#1550);
#1550 = DEFINITIONAL_REPRESENTATION('',(#1551),#1554);
#1551 = B_SPLINE_CURVE_WITH_KNOTS('',1,(#1552,#1553),.UNSPECIFIED.,.F.,
  .F.,(2,2),(0.,1.),.PIECEWISE_BEZIER_KNOTS.);
#1552 = CARTESIAN_POINT('',(12.104937583023,0.410714285714));
#1553 = CARTESIAN_POINT('',(12.104937583023,0.589285714286));
#1554 = ( GEOMETRIC_REPRESENTATION_CONTEXT(2) 
PARAMETRIC_REPRESENTATION_CONTEXT() REPRESENTATION_CONTEXT('2D SPACE',''
  ) );
#1555 = ORIENTED_EDGE('',*,*,#406,.T.);
#1556 = ORIENTED_EDGE('',*,*,#1464,.T.);
#1557 = ORIENTED_EDGE('',*,*,#1105,.T.);
#1558 = ADVANCED_FACE('',(#1559,#1644),#746,.F.);
#1559 = FACE_BOUND('',#1560,.F.);
#1560 = EDGE_LOOP('',(#1561,#1590,#1618));
#1561 = ORIENTED_EDGE('',*,*,#1562,.F.);
#1562 = EDGE_CURVE('',#1563,#1565,#1567,.T.);
#1563 = VERTEX_POINT('',#1564);
#1564 = CARTESIAN_POINT('',(28.,30.5,2.5));
#1565 = VERTEX_POINT('',#1566);
#1566 = CARTESIAN_POINT('',(-2.33268358996E-15,2.5,2.5));
#1567 = SURFACE_CURVE('',#1568,(#1572,#1578),.PCURVE_S1.);
#1568 = LINE('',#1569,#1570);
#1569 = CARTESIAN_POINT('',(28.,30.5,2.5));
#1570 = VECTOR('',#1571,1.);
#1571 = DIRECTION('',(-0.707106781187,-0.707106781187,0.));
#1572 = PCURVE('',#746,#1573);
#1573 = DEFINITIONAL_REPRESENTATION('',(#1574),#1577);
#1574 = B_SPLINE_CURVE_WITH_KNOTS('',1,(#1575,#1576),.UNSPECIFIED.,.F.,
  .F.,(2,2),(0.,39.597979746447),.PIECEWISE_BEZIER_KNOTS.);
#1575 = CARTESIAN_POINT('',(0.,0.));
#1576 = CARTESIAN_POINT('',(0.,1.));
#1577 = ( GEOMETRIC_REPRESENTATION_CONTEXT(2) 
PARAMETRIC_REPRESENTATION_CONTEXT() REPRESENTATION_CONTEXT('2D SPACE',''
  ) );
#1578 = PCURVE('',#1579,#1584);
#1579 = PLANE('',#1580);
#1580 = AXIS2_PLACEMENT_3D('',#1581,#1582,#1583);
#1581 = CARTESIAN_POINT('',(28.,30.5,0.));
#1582 = DIRECTION('',(0.707106781187,-0.707106781187,0.));
#1583 = DIRECTION('',(-0.707106781187,-0.707106781187,0.));
#1584 = DEFINITIONAL_REPRESENTATION('',(#1585),#1589);
#1585 = LINE('',#1586,#1587);
#1586 = CARTESIAN_POINT('',(0.,-2.5));
#1587 = VECTOR('',#1588,1.);
#1588 = DIRECTION('',(1.,-0.));
#1589 = ( GEOMETRIC_REPRESENTATION_CONTEXT(2) 
PARAMETRIC_REPRESENTATION_CONTEXT() REPRESENTATION_CONTEXT('2D SPACE',''
  ) );
#1590 = ORIENTED_EDGE('',*,*,#1591,.T.);
#1591 = EDGE_CURVE('',#1563,#1592,#1594,.T.);
#1592 = VERTEX_POINT('',#1593);
#1593 = CARTESIAN_POINT('',(28.,2.5,25.625));
#1594 = SURFACE_CURVE('',#1595,(#1599,#1606),.PCURVE_S1.);
#1595 = LINE('',#1596,#1597);
#1596 = CARTESIAN_POINT('',(28.,30.5,2.5));
#1597 = VECTOR('',#1598,1.);
#1598 = DIRECTION('',(0.,-0.771035229989,0.636792489054));
#1599 = PCURVE('',#746,#1600);
#1600 = DEFINITIONAL_REPRESENTATION('',(#1601),#1605);
#1601 = LINE('',#1602,#1603);
#1602 = CARTESIAN_POINT('',(0.,0.));
#1603 = VECTOR('',#1604,1.);
#1604 = DIRECTION('',(1.,0.));
#1605 = ( GEOMETRIC_REPRESENTATION_CONTEXT(2) 
PARAMETRIC_REPRESENTATION_CONTEXT() REPRESENTATION_CONTEXT('2D SPACE',''
  ) );
#1606 = PCURVE('',#1607,#1612);
#1607 = PLANE('',#1608);
#1608 = AXIS2_PLACEMENT_3D('',#1609,#1610,#1611);
#1609 = CARTESIAN_POINT('',(28.,2.5,0.));
#1610 = DIRECTION('',(-1.,0.,0.));
#1611 = DIRECTION('',(0.,1.,0.));
#1612 = DEFINITIONAL_REPRESENTATION('',(#1613),#1617);
#1613 = LINE('',#1614,#1615);
#1614 = CARTESIAN_POINT('',(28.,-2.5));
#1615 = VECTOR('',#1616,1.);
#1616 = DIRECTION('',(-0.771035229989,-0.636792489054));
#1617 = ( GEOMETRIC_REPRESENTATION_CONTEXT(2) 
PARAMETRIC_REPRESENTATION_CONTEXT() REPRESENTATION_CONTEXT('2D SPACE',''
  ) );
#1618 = ORIENTED_EDGE('',*,*,#1619,.F.);
#1619 = EDGE_CURVE('',#1565,#1592,#1620,.T.);
#1620 = SURFACE_CURVE('',#1621,(#1625,#1632),.PCURVE_S1.);
#1621 = LINE('',#1622,#1623);
#1622 = CARTESIAN_POINT('',(0.,2.5,2.5));
#1623 = VECTOR('',#1624,1.);
#1624 = DIRECTION('',(0.771035229989,1.413963366512E-16,0.636792489054)
  );
#1625 = PCURVE('',#746,#1626);
#1626 = DEFINITIONAL_REPRESENTATION('',(#1627),#1631);
#1627 = LINE('',#1628,#1629);
#1628 = CARTESIAN_POINT('',(0.,1.));
#1629 = VECTOR('',#1630,1.);
#1630 = DIRECTION('',(1.,0.));
#1631 = ( GEOMETRIC_REPRESENTATION_CONTEXT(2) 
PARAMETRIC_REPRESENTATION_CONTEXT() REPRESENTATION_CONTEXT('2D SPACE',''
  ) );
#1632 = PCURVE('',#1633,#1638);
#1633 = PLANE('',#1634);
#1634 = AXIS2_PLACEMENT_3D('',#1635,#1636,#1637);
#1635 = CARTESIAN_POINT('',(0.,2.5,0.));
#1636 = DIRECTION('',(0.,1.,0.));
#1637 = DIRECTION('',(1.,0.,0.));
#1638 = DEFINITIONAL_REPRESENTATION('',(#1639),#1643);
#1639 = LINE('',#1640,#1641);
#1640 = CARTESIAN_POINT('',(0.,-2.5));
#1641 = VECTOR('',#1642,1.);
#1642 = DIRECTION('',(0.771035229989,-0.636792489054));
#1643 = ( GEOMETRIC_REPRESENTATION_CONTEXT(2) 
PARAMETRIC_REPRESENTATION_CONTEXT() REPRESENTATION_CONTEXT('2D SPACE',''
  ) );
#1644 = FACE_BOUND('',#1645,.F.);
#1645 = EDGE_LOOP('',(#1646,#1647,#1648,#1649));
#1646 = ORIENTED_EDGE('',*,*,#877,.T.);
#1647 = ORIENTED_EDGE('',*,*,#934,.T.);
#1648 = ORIENTED_EDGE('',*,*,#1538,.T.);
#1649 = ORIENTED_EDGE('',*,*,#435,.T.);
#1650 = ADVANCED_FACE('',(#1651),#1242,.T.);
#1651 = FACE_BOUND('',#1652,.T.);
#1652 = EDGE_LOOP('',(#1653,#1654,#1676));
#1653 = ORIENTED_EDGE('',*,*,#1511,.F.);
#1654 = ORIENTED_EDGE('',*,*,#1655,.F.);
#1655 = EDGE_CURVE('',#1227,#1489,#1656,.T.);
#1656 = SURFACE_CURVE('',#1657,(#1662,#1669),.PCURVE_S1.);
#1657 = CIRCLE('',#1658,1.8);
#1658 = AXIS2_PLACEMENT_3D('',#1659,#1660,#1661);
#1659 = CARTESIAN_POINT('',(21.,9.5,9.808333333333));
#1660 = DIRECTION('',(0.,0.,1.));
#1661 = DIRECTION('',(-1.,0.,0.));
#1662 = PCURVE('',#1242,#1663);
#1663 = DEFINITIONAL_REPRESENTATION('',(#1664),#1668);
#1664 = CIRCLE('',#1665,1.8);
#1665 = AXIS2_PLACEMENT_2D('',#1666,#1667);
#1666 = CARTESIAN_POINT('',(-3.552713678801E-15,-3.552713678801E-15));
#1667 = DIRECTION('',(-1.,0.));
#1668 = ( GEOMETRIC_REPRESENTATION_CONTEXT(2) 
PARAMETRIC_REPRESENTATION_CONTEXT() REPRESENTATION_CONTEXT('2D SPACE',''
  ) );
#1669 = PCURVE('',#1295,#1670);
#1670 = DEFINITIONAL_REPRESENTATION('',(#1671),#1675);
#1671 = LINE('',#1672,#1673);
#1672 = CARTESIAN_POINT('',(-6.28318530718,9.808333333333));
#1673 = VECTOR('',#1674,1.);
#1674 = DIRECTION('',(1.,-0.));
#1675 = ( GEOMETRIC_REPRESENTATION_CONTEXT(2) 
PARAMETRIC_REPRESENTATION_CONTEXT() REPRESENTATION_CONTEXT('2D SPACE',''
  ) );
#1676 = ORIENTED_EDGE('',*,*,#1226,.F.);
#1677 = ADVANCED_FACE('',(#1678),#1295,.F.);
#1678 = FACE_BOUND('',#1679,.T.);
#1679 = EDGE_LOOP('',(#1680,#1709,#1732,#1754,#1755,#1756,#1757,#1779));
#1680 = ORIENTED_EDGE('',*,*,#1681,.T.);
#1681 = EDGE_CURVE('',#1682,#1682,#1684,.T.);
#1682 = VERTEX_POINT('',#1683);
#1683 = CARTESIAN_POINT('',(19.2,9.5,0.));
#1684 = SURFACE_CURVE('',#1685,(#1690,#1697),.PCURVE_S1.);
#1685 = CIRCLE('',#1686,1.8);
#1686 = AXIS2_PLACEMENT_3D('',#1687,#1688,#1689);
#1687 = CARTESIAN_POINT('',(21.,9.5,0.));
#1688 = DIRECTION('',(0.,0.,-1.));
#1689 = DIRECTION('',(-1.,0.,0.));
#1690 = PCURVE('',#1295,#1691);
#1691 = DEFINITIONAL_REPRESENTATION('',(#1692),#1696);
#1692 = LINE('',#1693,#1694);
#1693 = CARTESIAN_POINT('',(-0.,0.));
#1694 = VECTOR('',#1695,1.);
#1695 = DIRECTION('',(-1.,0.));
#1696 = ( GEOMETRIC_REPRESENTATION_CONTEXT(2) 
PARAMETRIC_REPRESENTATION_CONTEXT() REPRESENTATION_CONTEXT('2D SPACE',''
  ) );
#1697 = PCURVE('',#1698,#1703);
#1698 = PLANE('',#1699);
#1699 = AXIS2_PLACEMENT_3D('',#1700,#1701,#1702);
#1700 = CARTESIAN_POINT('',(23.36456204058,7.13543795942,0.));
#1701 = DIRECTION('',(-0.,-0.,-1.));
#1702 = DIRECTION('',(-1.,0.,0.));
#1703 = DEFINITIONAL_REPRESENTATION('',(#1704),#1708);
#1704 = CIRCLE('',#1705,1.8);
#1705 = AXIS2_PLACEMENT_2D('',#1706,#1707);
#1706 = CARTESIAN_POINT('',(2.36456204058,2.36456204058));
#1707 = DIRECTION('',(1.,0.));
#1708 = ( GEOMETRIC_REPRESENTATION_CONTEXT(2) 
PARAMETRIC_REPRESENTATION_CONTEXT() REPRESENTATION_CONTEXT('2D SPACE',''
  ) );
#1709 = ORIENTED_EDGE('',*,*,#1710,.T.);
#1710 = EDGE_CURVE('',#1682,#1711,#1713,.T.);
#1711 = VERTEX_POINT('',#1712);
#1712 = CARTESIAN_POINT('',(19.2,9.5,9.808333333333));
#1713 = SEAM_CURVE('',#1714,(#1718,#1725),.PCURVE_S1.);
#1714 = LINE('',#1715,#1716);
#1715 = CARTESIAN_POINT('',(19.2,9.5,0.));
#1716 = VECTOR('',#1717,1.);
#1717 = DIRECTION('',(6.100991339472E-17,0.,1.));
#1718 = PCURVE('',#1295,#1719);
#1719 = DEFINITIONAL_REPRESENTATION('',(#1720),#1724);
#1720 = LINE('',#1721,#1722);
#1721 = CARTESIAN_POINT('',(-0.,0.));
#1722 = VECTOR('',#1723,1.);
#1723 = DIRECTION('',(-0.,1.));
#1724 = ( GEOMETRIC_REPRESENTATION_CONTEXT(2) 
PARAMETRIC_REPRESENTATION_CONTEXT() REPRESENTATION_CONTEXT('2D SPACE',''
  ) );
#1725 = PCURVE('',#1295,#1726);
#1726 = DEFINITIONAL_REPRESENTATION('',(#1727),#1731);
#1727 = LINE('',#1728,#1729);
#1728 = CARTESIAN_POINT('',(-6.28318530718,0.));
#1729 = VECTOR('',#1730,1.);
#1730 = DIRECTION('',(-0.,1.));
#1731 = ( GEOMETRIC_REPRESENTATION_CONTEXT(2) 
PARAMETRIC_REPRESENTATION_CONTEXT() REPRESENTATION_CONTEXT('2D SPACE',''
  ) );
#1732 = ORIENTED_EDGE('',*,*,#1733,.T.);
#1733 = EDGE_CURVE('',#1711,#1312,#1734,.T.);
#1734 = SURFACE_CURVE('',#1735,(#1740,#1747),.PCURVE_S1.);
#1735 = CIRCLE('',#1736,1.8);
#1736 = AXIS2_PLACEMENT_3D('',#1737,#1738,#1739);
#1737 = CARTESIAN_POINT('',(21.,9.5,9.808333333333));
#1738 = DIRECTION('',(0.,0.,1.));
#1739 = DIRECTION('',(-1.,0.,0.));
#1740 = PCURVE('',#1295,#1741);
#1741 = DEFINITIONAL_REPRESENTATION('',(#1742),#1746);
#1742 = LINE('',#1743,#1744);
#1743 = CARTESIAN_POINT('',(-6.28318530718,9.808333333333));
#1744 = VECTOR('',#1745,1.);
#1745 = DIRECTION('',(1.,-0.));
#1746 = ( GEOMETRIC_REPRESENTATION_CONTEXT(2) 
PARAMETRIC_REPRESENTATION_CONTEXT() REPRESENTATION_CONTEXT('2D SPACE',''
  ) );
#1747 = PCURVE('',#1401,#1748);
#1748 = DEFINITIONAL_REPRESENTATION('',(#1749),#1753);
#1749 = CIRCLE('',#1750,1.8);
#1750 = AXIS2_PLACEMENT_2D('',#1751,#1752);
#1751 = CARTESIAN_POINT('',(-3.552713678801E-15,-3.552713678801E-15));
#1752 = DIRECTION('',(-1.,0.));
#1753 = ( GEOMETRIC_REPRESENTATION_CONTEXT(2) 
PARAMETRIC_REPRESENTATION_CONTEXT() REPRESENTATION_CONTEXT('2D SPACE',''
  ) );
#1754 = ORIENTED_EDGE('',*,*,#1311,.T.);
#1755 = ORIENTED_EDGE('',*,*,#1280,.T.);
#1756 = ORIENTED_EDGE('',*,*,#1655,.T.);
#1757 = ORIENTED_EDGE('',*,*,#1758,.T.);
#1758 = EDGE_CURVE('',#1489,#1711,#1759,.T.);
#1759 = SURFACE_CURVE('',#1760,(#1765,#1772),.PCURVE_S1.);
#1760 = CIRCLE('',#1761,1.8);
#1761 = AXIS2_PLACEMENT_3D('',#1762,#1763,#1764);
#1762 = CARTESIAN_POINT('',(21.,9.5,9.808333333333));
#1763 = DIRECTION('',(0.,0.,1.));
#1764 = DIRECTION('',(-1.,0.,0.));
#1765 = PCURVE('',#1295,#1766);
#1766 = DEFINITIONAL_REPRESENTATION('',(#1767),#1771);
#1767 = LINE('',#1768,#1769);
#1768 = CARTESIAN_POINT('',(-6.28318530718,9.808333333333));
#1769 = VECTOR('',#1770,1.);
#1770 = DIRECTION('',(1.,-0.));
#1771 = ( GEOMETRIC_REPRESENTATION_CONTEXT(2) 
PARAMETRIC_REPRESENTATION_CONTEXT() REPRESENTATION_CONTEXT('2D SPACE',''
  ) );
#1772 = PCURVE('',#1401,#1773);
#1773 = DEFINITIONAL_REPRESENTATION('',(#1774),#1778);
#1774 = CIRCLE('',#1775,1.8);
#1775 = AXIS2_PLACEMENT_2D('',#1776,#1777);
#1776 = CARTESIAN_POINT('',(-3.552713678801E-15,-3.552713678801E-15));
#1777 = DIRECTION('',(-1.,0.));
#1778 = ( GEOMETRIC_REPRESENTATION_CONTEXT(2) 
PARAMETRIC_REPRESENTATION_CONTEXT() REPRESENTATION_CONTEXT('2D SPACE',''
  ) );
#1779 = ORIENTED_EDGE('',*,*,#1710,.F.);
#1780 = ADVANCED_FACE('',(#1781),#1401,.T.);
#1781 = FACE_BOUND('',#1782,.T.);
#1782 = EDGE_LOOP('',(#1783,#1784,#1785,#1786));
#1783 = ORIENTED_EDGE('',*,*,#1488,.F.);
#1784 = ORIENTED_EDGE('',*,*,#1385,.T.);
#1785 = ORIENTED_EDGE('',*,*,#1733,.F.);
#1786 = ORIENTED_EDGE('',*,*,#1758,.F.);
#1787 = ADVANCED_FACE('',(#1788),#1579,.F.);
#1788 = FACE_BOUND('',#1789,.F.);
#1789 = EDGE_LOOP('',(#1790,#1818,#1819,#1847));
#1790 = ORIENTED_EDGE('',*,*,#1791,.T.);
#1791 = EDGE_CURVE('',#1792,#1563,#1794,.T.);
#1792 = VERTEX_POINT('',#1793);
#1793 = CARTESIAN_POINT('',(28.,30.5,0.));
#1794 = SURFACE_CURVE('',#1795,(#1799,#1806),.PCURVE_S1.);
#1795 = LINE('',#1796,#1797);
#1796 = CARTESIAN_POINT('',(28.,30.5,0.));
#1797 = VECTOR('',#1798,1.);
#1798 = DIRECTION('',(0.,0.,1.));
#1799 = PCURVE('',#1579,#1800);
#1800 = DEFINITIONAL_REPRESENTATION('',(#1801),#1805);
#1801 = LINE('',#1802,#1803);
#1802 = CARTESIAN_POINT('',(-1.507288760336E-14,0.));
#1803 = VECTOR('',#1804,1.);
#1804 = DIRECTION('',(0.,-1.));
#1805 = ( GEOMETRIC_REPRESENTATION_CONTEXT(2) 
PARAMETRIC_REPRESENTATION_CONTEXT() REPRESENTATION_CONTEXT('2D SPACE',''
  ) );
#1806 = PCURVE('',#1807,#1812);
#1807 = PLANE('',#1808);
#1808 = AXIS2_PLACEMENT_3D('',#1809,#1810,#1811);
#1809 = CARTESIAN_POINT('',(36.75,30.5,50.));
#1810 = DIRECTION('',(0.,1.,0.));
#1811 = DIRECTION('',(0.,0.,1.));
#1812 = DEFINITIONAL_REPRESENTATION('',(#1813),#1817);
#1813 = LINE('',#1814,#1815);
#1814 = CARTESIAN_POINT('',(-50.,-8.75));
#1815 = VECTOR('',#1816,1.);
#1816 = DIRECTION('',(1.,0.));
#1817 = ( GEOMETRIC_REPRESENTATION_CONTEXT(2) 
PARAMETRIC_REPRESENTATION_CONTEXT() REPRESENTATION_CONTEXT('2D SPACE',''
  ) );
#1818 = ORIENTED_EDGE('',*,*,#1562,.T.);
#1819 = ORIENTED_EDGE('',*,*,#1820,.F.);
#1820 = EDGE_CURVE('',#1821,#1565,#1823,.T.);
#1821 = VERTEX_POINT('',#1822);
#1822 = CARTESIAN_POINT('',(-1.776356836281E-15,2.5,0.));
#1823 = SURFACE_CURVE('',#1824,(#1828,#1835),.PCURVE_S1.);
#1824 = LINE('',#1825,#1826);
#1825 = CARTESIAN_POINT('',(0.,2.5,0.));
#1826 = VECTOR('',#1827,1.);
#1827 = DIRECTION('',(0.,0.,1.));
#1828 = PCURVE('',#1579,#1829);
#1829 = DEFINITIONAL_REPRESENTATION('',(#1830),#1834);
#1830 = LINE('',#1831,#1832);
#1831 = CARTESIAN_POINT('',(39.597979746447,-0.));
#1832 = VECTOR('',#1833,1.);
#1833 = DIRECTION('',(0.,-1.));
#1834 = ( GEOMETRIC_REPRESENTATION_CONTEXT(2) 
PARAMETRIC_REPRESENTATION_CONTEXT() REPRESENTATION_CONTEXT('2D SPACE',''
  ) );
#1835 = PCURVE('',#1836,#1841);
#1836 = PLANE('',#1837);
#1837 = AXIS2_PLACEMENT_3D('',#1838,#1839,#1840);
#1838 = CARTESIAN_POINT('',(0.,-6.25,50.));
#1839 = DIRECTION('',(-1.,-0.,-0.));
#1840 = DIRECTION('',(0.,0.,-1.));
#1841 = DEFINITIONAL_REPRESENTATION('',(#1842),#1846);
#1842 = LINE('',#1843,#1844);
#1843 = CARTESIAN_POINT('',(50.,-8.75));
#1844 = VECTOR('',#1845,1.);
#1845 = DIRECTION('',(-1.,0.));
#1846 = ( GEOMETRIC_REPRESENTATION_CONTEXT(2) 
PARAMETRIC_REPRESENTATION_CONTEXT() REPRESENTATION_CONTEXT('2D SPACE',''
  ) );
#1847 = ORIENTED_EDGE('',*,*,#1848,.F.);
#1848 = EDGE_CURVE('',#1792,#1821,#1849,.T.);
#1849 = SURFACE_CURVE('',#1850,(#1854,#1861),.PCURVE_S1.);
#1850 = LINE('',#1851,#1852);
#1851 = CARTESIAN_POINT('',(28.,30.5,0.));
#1852 = VECTOR('',#1853,1.);
#1853 = DIRECTION('',(-0.707106781187,-0.707106781187,0.));
#1854 = PCURVE('',#1579,#1855);
#1855 = DEFINITIONAL_REPRESENTATION('',(#1856),#1860);
#1856 = LINE('',#1857,#1858);
#1857 = CARTESIAN_POINT('',(0.,0.));
#1858 = VECTOR('',#1859,1.);
#1859 = DIRECTION('',(1.,-0.));
#1860 = ( GEOMETRIC_REPRESENTATION_CONTEXT(2) 
PARAMETRIC_REPRESENTATION_CONTEXT() REPRESENTATION_CONTEXT('2D SPACE',''
  ) );
#1861 = PCURVE('',#1698,#1862);
#1862 = DEFINITIONAL_REPRESENTATION('',(#1863),#1867);
#1863 = LINE('',#1864,#1865);
#1864 = CARTESIAN_POINT('',(-4.63543795942,23.36456204058));
#1865 = VECTOR('',#1866,1.);
#1866 = DIRECTION('',(0.707106781187,-0.707106781187));
#1867 = ( GEOMETRIC_REPRESENTATION_CONTEXT(2) 
PARAMETRIC_REPRESENTATION_CONTEXT() REPRESENTATION_CONTEXT('2D SPACE',''
  ) );
#1868 = ADVANCED_FACE('',(#1869),#1633,.T.);
#1869 = FACE_BOUND('',#1870,.T.);
#1870 = EDGE_LOOP('',(#1871,#1872,#1895));
#1871 = ORIENTED_EDGE('',*,*,#1619,.F.);
#1872 = ORIENTED_EDGE('',*,*,#1873,.T.);
#1873 = EDGE_CURVE('',#1565,#1874,#1876,.T.);
#1874 = VERTEX_POINT('',#1875);
#1875 = CARTESIAN_POINT('',(1.096659378364E-15,2.5,48.75));
#1876 = SURFACE_CURVE('',#1877,(#1881,#1888),.PCURVE_S1.);
#1877 = LINE('',#1878,#1879);
#1878 = CARTESIAN_POINT('',(0.,2.5,0.));
#1879 = VECTOR('',#1880,1.);
#1880 = DIRECTION('',(0.,0.,1.));
#1881 = PCURVE('',#1633,#1882);
#1882 = DEFINITIONAL_REPRESENTATION('',(#1883),#1887);
#1883 = LINE('',#1884,#1885);
#1884 = CARTESIAN_POINT('',(0.,0.));
#1885 = VECTOR('',#1886,1.);
#1886 = DIRECTION('',(0.,-1.));
#1887 = ( GEOMETRIC_REPRESENTATION_CONTEXT(2) 
PARAMETRIC_REPRESENTATION_CONTEXT() REPRESENTATION_CONTEXT('2D SPACE',''
  ) );
#1888 = PCURVE('',#1836,#1889);
#1889 = DEFINITIONAL_REPRESENTATION('',(#1890),#1894);
#1890 = LINE('',#1891,#1892);
#1891 = CARTESIAN_POINT('',(50.,-8.75));
#1892 = VECTOR('',#1893,1.);
#1893 = DIRECTION('',(-1.,0.));
#1894 = ( GEOMETRIC_REPRESENTATION_CONTEXT(2) 
PARAMETRIC_REPRESENTATION_CONTEXT() REPRESENTATION_CONTEXT('2D SPACE',''
  ) );
#1895 = ORIENTED_EDGE('',*,*,#1896,.F.);
#1896 = EDGE_CURVE('',#1592,#1874,#1897,.T.);
#1897 = SURFACE_CURVE('',#1898,(#1902,#1909),.PCURVE_S1.);
#1898 = LINE('',#1899,#1900);
#1899 = CARTESIAN_POINT('',(28.,2.5,25.625));
#1900 = VECTOR('',#1901,1.);
#1901 = DIRECTION('',(-0.771035229989,1.413963366512E-16,0.636792489054)
  );
#1902 = PCURVE('',#1633,#1903);
#1903 = DEFINITIONAL_REPRESENTATION('',(#1904),#1908);
#1904 = LINE('',#1905,#1906);
#1905 = CARTESIAN_POINT('',(28.,-25.625));
#1906 = VECTOR('',#1907,1.);
#1907 = DIRECTION('',(-0.771035229989,-0.636792489054));
#1908 = ( GEOMETRIC_REPRESENTATION_CONTEXT(2) 
PARAMETRIC_REPRESENTATION_CONTEXT() REPRESENTATION_CONTEXT('2D SPACE',''
  ) );
#1909 = PCURVE('',#1910,#1915);
#1910 = B_SPLINE_SURFACE_WITH_KNOTS('',1,1,(
    (#1911,#1912)
    ,(#1913,#1914
    )),.UNSPECIFIED.,.F.,.F.,.F.,(2,2),(2,2),(0.,36.31481274907),(0.,1.)
  ,.PIECEWISE_BEZIER_KNOTS.);
#1911 = CARTESIAN_POINT('',(28.,2.5,25.625));
#1912 = CARTESIAN_POINT('',(28.,2.5,25.625));
#1913 = CARTESIAN_POINT('',(28.,30.5,48.75));
#1914 = CARTESIAN_POINT('',(-3.552713678801E-15,2.5,48.75));
#1915 = DEFINITIONAL_REPRESENTATION('',(#1916),#1920);
#1916 = LINE('',#1917,#1918);
#1917 = CARTESIAN_POINT('',(0.,1.));
#1918 = VECTOR('',#1919,1.);
#1919 = DIRECTION('',(1.,0.));
#1920 = ( GEOMETRIC_REPRESENTATION_CONTEXT(2) 
PARAMETRIC_REPRESENTATION_CONTEXT() REPRESENTATION_CONTEXT('2D SPACE',''
  ) );
#1921 = ADVANCED_FACE('',(#1922),#1607,.T.);
#1922 = FACE_BOUND('',#1923,.T.);
#1923 = EDGE_LOOP('',(#1924,#1947,#1948));
#1924 = ORIENTED_EDGE('',*,*,#1925,.F.);
#1925 = EDGE_CURVE('',#1563,#1926,#1928,.T.);
#1926 = VERTEX_POINT('',#1927);
#1927 = CARTESIAN_POINT('',(28.,30.5,48.75));
#1928 = SURFACE_CURVE('',#1929,(#1933,#1940),.PCURVE_S1.);
#1929 = LINE('',#1930,#1931);
#1930 = CARTESIAN_POINT('',(28.,30.5,0.));
#1931 = VECTOR('',#1932,1.);
#1932 = DIRECTION('',(0.,0.,1.));
#1933 = PCURVE('',#1607,#1934);
#1934 = DEFINITIONAL_REPRESENTATION('',(#1935),#1939);
#1935 = LINE('',#1936,#1937);
#1936 = CARTESIAN_POINT('',(28.,0.));
#1937 = VECTOR('',#1938,1.);
#1938 = DIRECTION('',(0.,-1.));
#1939 = ( GEOMETRIC_REPRESENTATION_CONTEXT(2) 
PARAMETRIC_REPRESENTATION_CONTEXT() REPRESENTATION_CONTEXT('2D SPACE',''
  ) );
#1940 = PCURVE('',#1807,#1941);
#1941 = DEFINITIONAL_REPRESENTATION('',(#1942),#1946);
#1942 = LINE('',#1943,#1944);
#1943 = CARTESIAN_POINT('',(-50.,-8.75));
#1944 = VECTOR('',#1945,1.);
#1945 = DIRECTION('',(1.,0.));
#1946 = ( GEOMETRIC_REPRESENTATION_CONTEXT(2) 
PARAMETRIC_REPRESENTATION_CONTEXT() REPRESENTATION_CONTEXT('2D SPACE',''
  ) );
#1947 = ORIENTED_EDGE('',*,*,#1591,.T.);
#1948 = ORIENTED_EDGE('',*,*,#1949,.T.);
#1949 = EDGE_CURVE('',#1592,#1926,#1950,.T.);
#1950 = SURFACE_CURVE('',#1951,(#1955,#1962),.PCURVE_S1.);
#1951 = LINE('',#1952,#1953);
#1952 = CARTESIAN_POINT('',(28.,2.5,25.625));
#1953 = VECTOR('',#1954,1.);
#1954 = DIRECTION('',(0.,0.771035229989,0.636792489054));
#1955 = PCURVE('',#1607,#1956);
#1956 = DEFINITIONAL_REPRESENTATION('',(#1957),#1961);
#1957 = LINE('',#1958,#1959);
#1958 = CARTESIAN_POINT('',(0.,-25.625));
#1959 = VECTOR('',#1960,1.);
#1960 = DIRECTION('',(0.771035229989,-0.636792489054));
#1961 = ( GEOMETRIC_REPRESENTATION_CONTEXT(2) 
PARAMETRIC_REPRESENTATION_CONTEXT() REPRESENTATION_CONTEXT('2D SPACE',''
  ) );
#1962 = PCURVE('',#1910,#1963);
#1963 = DEFINITIONAL_REPRESENTATION('',(#1964),#1968);
#1964 = LINE('',#1965,#1966);
#1965 = CARTESIAN_POINT('',(0.,0.));
#1966 = VECTOR('',#1967,1.);
#1967 = DIRECTION('',(1.,0.));
#1968 = ( GEOMETRIC_REPRESENTATION_CONTEXT(2) 
PARAMETRIC_REPRESENTATION_CONTEXT() REPRESENTATION_CONTEXT('2D SPACE',''
  ) );
#1969 = ADVANCED_FACE('',(#1970,#2577),#1698,.T.);
#1970 = FACE_BOUND('',#1971,.T.);
#1971 = EDGE_LOOP('',(#1972,#1995,#1996,#2019,#2047,#2075,#2103,#2131,
    #2159,#2187,#2215,#2243,#2271,#2299,#2327,#2355,#2383,#2411,#2439,
    #2467,#2495,#2523,#2551));
#1972 = ORIENTED_EDGE('',*,*,#1973,.F.);
#1973 = EDGE_CURVE('',#1821,#1974,#1976,.T.);
#1974 = VERTEX_POINT('',#1975);
#1975 = CARTESIAN_POINT('',(0.,-15.,0.));
#1976 = SURFACE_CURVE('',#1977,(#1981,#1988),.PCURVE_S1.);
#1977 = LINE('',#1978,#1979);
#1978 = CARTESIAN_POINT('',(0.,0.,0.));
#1979 = VECTOR('',#1980,1.);
#1980 = DIRECTION('',(0.,-1.,0.));
#1981 = PCURVE('',#1698,#1982);
#1982 = DEFINITIONAL_REPRESENTATION('',(#1983),#1987);
#1983 = LINE('',#1984,#1985);
#1984 = CARTESIAN_POINT('',(23.36456204058,-7.13543795942));
#1985 = VECTOR('',#1986,1.);
#1986 = DIRECTION('',(0.,-1.));
#1987 = ( GEOMETRIC_REPRESENTATION_CONTEXT(2) 
PARAMETRIC_REPRESENTATION_CONTEXT() REPRESENTATION_CONTEXT('2D SPACE',''
  ) );
#1988 = PCURVE('',#1836,#1989);
#1989 = DEFINITIONAL_REPRESENTATION('',(#1990),#1994);
#1990 = LINE('',#1991,#1992);
#1991 = CARTESIAN_POINT('',(50.,-6.25));
#1992 = VECTOR('',#1993,1.);
#1993 = DIRECTION('',(0.,1.));
#1994 = ( GEOMETRIC_REPRESENTATION_CONTEXT(2) 
PARAMETRIC_REPRESENTATION_CONTEXT() REPRESENTATION_CONTEXT('2D SPACE',''
  ) );
#1995 = ORIENTED_EDGE('',*,*,#1848,.F.);
#1996 = ORIENTED_EDGE('',*,*,#1997,.T.);
#1997 = EDGE_CURVE('',#1792,#1998,#2000,.T.);
#1998 = VERTEX_POINT('',#1999);
#1999 = CARTESIAN_POINT('',(45.5,30.5,0.));
#2000 = SURFACE_CURVE('',#2001,(#2005,#2012),.PCURVE_S1.);
#2001 = LINE('',#2002,#2003);
#2002 = CARTESIAN_POINT('',(28.,30.5,0.));
#2003 = VECTOR('',#2004,1.);
#2004 = DIRECTION('',(1.,0.,0.));
#2005 = PCURVE('',#1698,#2006);
#2006 = DEFINITIONAL_REPRESENTATION('',(#2007),#2011);
#2007 = LINE('',#2008,#2009);
#2008 = CARTESIAN_POINT('',(-4.63543795942,23.36456204058));
#2009 = VECTOR('',#2010,1.);
#2010 = DIRECTION('',(-1.,0.));
#2011 = ( GEOMETRIC_REPRESENTATION_CONTEXT(2) 
PARAMETRIC_REPRESENTATION_CONTEXT() REPRESENTATION_CONTEXT('2D SPACE',''
  ) );
#2012 = PCURVE('',#1807,#2013);
#2013 = DEFINITIONAL_REPRESENTATION('',(#2014),#2018);
#2014 = LINE('',#2015,#2016);
#2015 = CARTESIAN_POINT('',(-50.,-8.75));
#2016 = VECTOR('',#2017,1.);
#2017 = DIRECTION('',(0.,1.));
#2018 = ( GEOMETRIC_REPRESENTATION_CONTEXT(2) 
PARAMETRIC_REPRESENTATION_CONTEXT() REPRESENTATION_CONTEXT('2D SPACE',''
  ) );
#2019 = ORIENTED_EDGE('',*,*,#2020,.F.);
#2020 = EDGE_CURVE('',#2021,#1998,#2023,.T.);
#2021 = VERTEX_POINT('',#2022);
#2022 = CARTESIAN_POINT('',(45.5,28.,0.));
#2023 = SURFACE_CURVE('',#2024,(#2028,#2035),.PCURVE_S1.);
#2024 = LINE('',#2025,#2026);
#2025 = CARTESIAN_POINT('',(45.5,28.,0.));
#2026 = VECTOR('',#2027,1.);
#2027 = DIRECTION('',(0.,1.,0.));
#2028 = PCURVE('',#1698,#2029);
#2029 = DEFINITIONAL_REPRESENTATION('',(#2030),#2034);
#2030 = LINE('',#2031,#2032);
#2031 = CARTESIAN_POINT('',(-22.13543795942,20.86456204058));
#2032 = VECTOR('',#2033,1.);
#2033 = DIRECTION('',(0.,1.));
#2034 = ( GEOMETRIC_REPRESENTATION_CONTEXT(2) 
PARAMETRIC_REPRESENTATION_CONTEXT() REPRESENTATION_CONTEXT('2D SPACE',''
  ) );
#2035 = PCURVE('',#2036,#2041);
#2036 = PLANE('',#2037);
#2037 = AXIS2_PLACEMENT_3D('',#2038,#2039,#2040);
#2038 = CARTESIAN_POINT('',(45.5,28.,0.));
#2039 = DIRECTION('',(-1.,0.,0.));
#2040 = DIRECTION('',(0.,1.,0.));
#2041 = DEFINITIONAL_REPRESENTATION('',(#2042),#2046);
#2042 = LINE('',#2043,#2044);
#2043 = CARTESIAN_POINT('',(0.,0.));
#2044 = VECTOR('',#2045,1.);
#2045 = DIRECTION('',(1.,0.));
#2046 = ( GEOMETRIC_REPRESENTATION_CONTEXT(2) 
PARAMETRIC_REPRESENTATION_CONTEXT() REPRESENTATION_CONTEXT('2D SPACE',''
  ) );
#2047 = ORIENTED_EDGE('',*,*,#2048,.F.);
#2048 = EDGE_CURVE('',#2049,#2021,#2051,.T.);
#2049 = VERTEX_POINT('',#2050);
#2050 = CARTESIAN_POINT('',(30.5,28.,0.));
#2051 = SURFACE_CURVE('',#2052,(#2056,#2063),.PCURVE_S1.);
#2052 = LINE('',#2053,#2054);
#2053 = CARTESIAN_POINT('',(30.5,28.,0.));
#2054 = VECTOR('',#2055,1.);
#2055 = DIRECTION('',(1.,0.,0.));
#2056 = PCURVE('',#1698,#2057);
#2057 = DEFINITIONAL_REPRESENTATION('',(#2058),#2062);
#2058 = LINE('',#2059,#2060);
#2059 = CARTESIAN_POINT('',(-7.13543795942,20.86456204058));
#2060 = VECTOR('',#2061,1.);
#2061 = DIRECTION('',(-1.,0.));
#2062 = ( GEOMETRIC_REPRESENTATION_CONTEXT(2) 
PARAMETRIC_REPRESENTATION_CONTEXT() REPRESENTATION_CONTEXT('2D SPACE',''
  ) );
#2063 = PCURVE('',#2064,#2069);
#2064 = PLANE('',#2065);
#2065 = AXIS2_PLACEMENT_3D('',#2066,#2067,#2068);
#2066 = CARTESIAN_POINT('',(30.5,28.,0.));
#2067 = DIRECTION('',(0.,1.,0.));
#2068 = DIRECTION('',(1.,0.,0.));
#2069 = DEFINITIONAL_REPRESENTATION('',(#2070),#2074);
#2070 = LINE('',#2071,#2072);
#2071 = CARTESIAN_POINT('',(0.,0.));
#2072 = VECTOR('',#2073,1.);
#2073 = DIRECTION('',(1.,0.));
#2074 = ( GEOMETRIC_REPRESENTATION_CONTEXT(2) 
PARAMETRIC_REPRESENTATION_CONTEXT() REPRESENTATION_CONTEXT('2D SPACE',''
  ) );
#2075 = ORIENTED_EDGE('',*,*,#2076,.F.);
#2076 = EDGE_CURVE('',#2077,#2049,#2079,.T.);
#2077 = VERTEX_POINT('',#2078);
#2078 = CARTESIAN_POINT('',(30.5,25.,0.));
#2079 = SURFACE_CURVE('',#2080,(#2084,#2091),.PCURVE_S1.);
#2080 = LINE('',#2081,#2082);
#2081 = CARTESIAN_POINT('',(30.5,25.,0.));
#2082 = VECTOR('',#2083,1.);
#2083 = DIRECTION('',(0.,1.,0.));
#2084 = PCURVE('',#1698,#2085);
#2085 = DEFINITIONAL_REPRESENTATION('',(#2086),#2090);
#2086 = LINE('',#2087,#2088);
#2087 = CARTESIAN_POINT('',(-7.13543795942,17.86456204058));
#2088 = VECTOR('',#2089,1.);
#2089 = DIRECTION('',(0.,1.));
#2090 = ( GEOMETRIC_REPRESENTATION_CONTEXT(2) 
PARAMETRIC_REPRESENTATION_CONTEXT() REPRESENTATION_CONTEXT('2D SPACE',''
  ) );
#2091 = PCURVE('',#2092,#2097);
#2092 = PLANE('',#2093);
#2093 = AXIS2_PLACEMENT_3D('',#2094,#2095,#2096);
#2094 = CARTESIAN_POINT('',(30.5,25.,0.));
#2095 = DIRECTION('',(-1.,0.,0.));
#2096 = DIRECTION('',(0.,1.,0.));
#2097 = DEFINITIONAL_REPRESENTATION('',(#2098),#2102);
#2098 = LINE('',#2099,#2100);
#2099 = CARTESIAN_POINT('',(0.,0.));
#2100 = VECTOR('',#2101,1.);
#2101 = DIRECTION('',(1.,0.));
#2102 = ( GEOMETRIC_REPRESENTATION_CONTEXT(2) 
PARAMETRIC_REPRESENTATION_CONTEXT() REPRESENTATION_CONTEXT('2D SPACE',''
  ) );
#2103 = ORIENTED_EDGE('',*,*,#2104,.F.);
#2104 = EDGE_CURVE('',#2105,#2077,#2107,.T.);
#2105 = VERTEX_POINT('',#2106);
#2106 = CARTESIAN_POINT('',(45.5,25.,0.));
#2107 = SURFACE_CURVE('',#2108,(#2112,#2119),.PCURVE_S1.);
#2108 = LINE('',#2109,#2110);
#2109 = CARTESIAN_POINT('',(45.5,25.,0.));
#2110 = VECTOR('',#2111,1.);
#2111 = DIRECTION('',(-1.,0.,0.));
#2112 = PCURVE('',#1698,#2113);
#2113 = DEFINITIONAL_REPRESENTATION('',(#2114),#2118);
#2114 = LINE('',#2115,#2116);
#2115 = CARTESIAN_POINT('',(-22.13543795942,17.86456204058));
#2116 = VECTOR('',#2117,1.);
#2117 = DIRECTION('',(1.,0.));
#2118 = ( GEOMETRIC_REPRESENTATION_CONTEXT(2) 
PARAMETRIC_REPRESENTATION_CONTEXT() REPRESENTATION_CONTEXT('2D SPACE',''
  ) );
#2119 = PCURVE('',#2120,#2125);
#2120 = PLANE('',#2121);
#2121 = AXIS2_PLACEMENT_3D('',#2122,#2123,#2124);
#2122 = CARTESIAN_POINT('',(45.5,25.,0.));
#2123 = DIRECTION('',(0.,-1.,0.));
#2124 = DIRECTION('',(-1.,0.,0.));
#2125 = DEFINITIONAL_REPRESENTATION('',(#2126),#2130);
#2126 = LINE('',#2127,#2128);
#2127 = CARTESIAN_POINT('',(0.,-0.));
#2128 = VECTOR('',#2129,1.);
#2129 = DIRECTION('',(1.,0.));
#2130 = ( GEOMETRIC_REPRESENTATION_CONTEXT(2) 
PARAMETRIC_REPRESENTATION_CONTEXT() REPRESENTATION_CONTEXT('2D SPACE',''
  ) );
#2131 = ORIENTED_EDGE('',*,*,#2132,.F.);
#2132 = EDGE_CURVE('',#2133,#2105,#2135,.T.);
#2133 = VERTEX_POINT('',#2134);
#2134 = CARTESIAN_POINT('',(45.5,22.5,0.));
#2135 = SURFACE_CURVE('',#2136,(#2140,#2147),.PCURVE_S1.);
#2136 = LINE('',#2137,#2138);
#2137 = CARTESIAN_POINT('',(45.5,22.5,0.));
#2138 = VECTOR('',#2139,1.);
#2139 = DIRECTION('',(0.,1.,0.));
#2140 = PCURVE('',#1698,#2141);
#2141 = DEFINITIONAL_REPRESENTATION('',(#2142),#2146);
#2142 = LINE('',#2143,#2144);
#2143 = CARTESIAN_POINT('',(-22.13543795942,15.36456204058));
#2144 = VECTOR('',#2145,1.);
#2145 = DIRECTION('',(0.,1.));
#2146 = ( GEOMETRIC_REPRESENTATION_CONTEXT(2) 
PARAMETRIC_REPRESENTATION_CONTEXT() REPRESENTATION_CONTEXT('2D SPACE',''
  ) );
#2147 = PCURVE('',#2148,#2153);
#2148 = PLANE('',#2149);
#2149 = AXIS2_PLACEMENT_3D('',#2150,#2151,#2152);
#2150 = CARTESIAN_POINT('',(45.5,22.5,0.));
#2151 = DIRECTION('',(-1.,0.,0.));
#2152 = DIRECTION('',(0.,1.,0.));
#2153 = DEFINITIONAL_REPRESENTATION('',(#2154),#2158);
#2154 = LINE('',#2155,#2156);
#2155 = CARTESIAN_POINT('',(0.,0.));
#2156 = VECTOR('',#2157,1.);
#2157 = DIRECTION('',(1.,0.));
#2158 = ( GEOMETRIC_REPRESENTATION_CONTEXT(2) 
PARAMETRIC_REPRESENTATION_CONTEXT() REPRESENTATION_CONTEXT('2D SPACE',''
  ) );
#2159 = ORIENTED_EDGE('',*,*,#2160,.F.);
#2160 = EDGE_CURVE('',#2161,#2133,#2163,.T.);
#2161 = VERTEX_POINT('',#2162);
#2162 = CARTESIAN_POINT('',(30.5,22.5,0.));
#2163 = SURFACE_CURVE('',#2164,(#2168,#2175),.PCURVE_S1.);
#2164 = LINE('',#2165,#2166);
#2165 = CARTESIAN_POINT('',(30.5,22.5,0.));
#2166 = VECTOR('',#2167,1.);
#2167 = DIRECTION('',(1.,0.,0.));
#2168 = PCURVE('',#1698,#2169);
#2169 = DEFINITIONAL_REPRESENTATION('',(#2170),#2174);
#2170 = LINE('',#2171,#2172);
#2171 = CARTESIAN_POINT('',(-7.13543795942,15.36456204058));
#2172 = VECTOR('',#2173,1.);
#2173 = DIRECTION('',(-1.,0.));
#2174 = ( GEOMETRIC_REPRESENTATION_CONTEXT(2) 
PARAMETRIC_REPRESENTATION_CONTEXT() REPRESENTATION_CONTEXT('2D SPACE',''
  ) );
#2175 = PCURVE('',#2176,#2181);
#2176 = PLANE('',#2177);
#2177 = AXIS2_PLACEMENT_3D('',#2178,#2179,#2180);
#2178 = CARTESIAN_POINT('',(30.5,22.5,0.));
#2179 = DIRECTION('',(0.,1.,0.));
#2180 = DIRECTION('',(1.,0.,0.));
#2181 = DEFINITIONAL_REPRESENTATION('',(#2182),#2186);
#2182 = LINE('',#2183,#2184);
#2183 = CARTESIAN_POINT('',(0.,0.));
#2184 = VECTOR('',#2185,1.);
#2185 = DIRECTION('',(1.,0.));
#2186 = ( GEOMETRIC_REPRESENTATION_CONTEXT(2) 
PARAMETRIC_REPRESENTATION_CONTEXT() REPRESENTATION_CONTEXT('2D SPACE',''
  ) );
#2187 = ORIENTED_EDGE('',*,*,#2188,.F.);
#2188 = EDGE_CURVE('',#2189,#2161,#2191,.T.);
#2189 = VERTEX_POINT('',#2190);
#2190 = CARTESIAN_POINT('',(30.5,2.5,0.));
#2191 = SURFACE_CURVE('',#2192,(#2196,#2203),.PCURVE_S1.);
#2192 = LINE('',#2193,#2194);
#2193 = CARTESIAN_POINT('',(30.5,2.5,0.));
#2194 = VECTOR('',#2195,1.);
#2195 = DIRECTION('',(0.,1.,0.));
#2196 = PCURVE('',#1698,#2197);
#2197 = DEFINITIONAL_REPRESENTATION('',(#2198),#2202);
#2198 = LINE('',#2199,#2200);
#2199 = CARTESIAN_POINT('',(-7.13543795942,-4.63543795942));
#2200 = VECTOR('',#2201,1.);
#2201 = DIRECTION('',(0.,1.));
#2202 = ( GEOMETRIC_REPRESENTATION_CONTEXT(2) 
PARAMETRIC_REPRESENTATION_CONTEXT() REPRESENTATION_CONTEXT('2D SPACE',''
  ) );
#2203 = PCURVE('',#2204,#2209);
#2204 = PLANE('',#2205);
#2205 = AXIS2_PLACEMENT_3D('',#2206,#2207,#2208);
#2206 = CARTESIAN_POINT('',(30.5,2.5,0.));
#2207 = DIRECTION('',(-1.,0.,0.));
#2208 = DIRECTION('',(0.,1.,0.));
#2209 = DEFINITIONAL_REPRESENTATION('',(#2210),#2214);
#2210 = LINE('',#2211,#2212);
#2211 = CARTESIAN_POINT('',(0.,0.));
#2212 = VECTOR('',#2213,1.);
#2213 = DIRECTION('',(1.,0.));
#2214 = ( GEOMETRIC_REPRESENTATION_CONTEXT(2) 
PARAMETRIC_REPRESENTATION_CONTEXT() REPRESENTATION_CONTEXT('2D SPACE',''
  ) );
#2215 = ORIENTED_EDGE('',*,*,#2216,.F.);
#2216 = EDGE_CURVE('',#2217,#2189,#2219,.T.);
#2217 = VERTEX_POINT('',#2218);
#2218 = CARTESIAN_POINT('',(45.5,2.5,0.));
#2219 = SURFACE_CURVE('',#2220,(#2224,#2231),.PCURVE_S1.);
#2220 = LINE('',#2221,#2222);
#2221 = CARTESIAN_POINT('',(45.5,2.5,0.));
#2222 = VECTOR('',#2223,1.);
#2223 = DIRECTION('',(-1.,0.,0.));
#2224 = PCURVE('',#1698,#2225);
#2225 = DEFINITIONAL_REPRESENTATION('',(#2226),#2230);
#2226 = LINE('',#2227,#2228);
#2227 = CARTESIAN_POINT('',(-22.13543795942,-4.63543795942));
#2228 = VECTOR('',#2229,1.);
#2229 = DIRECTION('',(1.,0.));
#2230 = ( GEOMETRIC_REPRESENTATION_CONTEXT(2) 
PARAMETRIC_REPRESENTATION_CONTEXT() REPRESENTATION_CONTEXT('2D SPACE',''
  ) );
#2231 = PCURVE('',#2232,#2237);
#2232 = PLANE('',#2233);
#2233 = AXIS2_PLACEMENT_3D('',#2234,#2235,#2236);
#2234 = CARTESIAN_POINT('',(45.5,2.5,0.));
#2235 = DIRECTION('',(0.,-1.,0.));
#2236 = DIRECTION('',(-1.,0.,0.));
#2237 = DEFINITIONAL_REPRESENTATION('',(#2238),#2242);
#2238 = LINE('',#2239,#2240);
#2239 = CARTESIAN_POINT('',(0.,-0.));
#2240 = VECTOR('',#2241,1.);
#2241 = DIRECTION('',(1.,0.));
#2242 = ( GEOMETRIC_REPRESENTATION_CONTEXT(2) 
PARAMETRIC_REPRESENTATION_CONTEXT() REPRESENTATION_CONTEXT('2D SPACE',''
  ) );
#2243 = ORIENTED_EDGE('',*,*,#2244,.F.);
#2244 = EDGE_CURVE('',#2245,#2217,#2247,.T.);
#2245 = VERTEX_POINT('',#2246);
#2246 = CARTESIAN_POINT('',(45.5,0.,0.));
#2247 = SURFACE_CURVE('',#2248,(#2252,#2259),.PCURVE_S1.);
#2248 = LINE('',#2249,#2250);
#2249 = CARTESIAN_POINT('',(45.5,0.,0.));
#2250 = VECTOR('',#2251,1.);
#2251 = DIRECTION('',(0.,1.,0.));
#2252 = PCURVE('',#1698,#2253);
#2253 = DEFINITIONAL_REPRESENTATION('',(#2254),#2258);
#2254 = LINE('',#2255,#2256);
#2255 = CARTESIAN_POINT('',(-22.13543795942,-7.13543795942));
#2256 = VECTOR('',#2257,1.);
#2257 = DIRECTION('',(0.,1.));
#2258 = ( GEOMETRIC_REPRESENTATION_CONTEXT(2) 
PARAMETRIC_REPRESENTATION_CONTEXT() REPRESENTATION_CONTEXT('2D SPACE',''
  ) );
#2259 = PCURVE('',#2260,#2265);
#2260 = PLANE('',#2261);
#2261 = AXIS2_PLACEMENT_3D('',#2262,#2263,#2264);
#2262 = CARTESIAN_POINT('',(45.5,0.,0.));
#2263 = DIRECTION('',(-1.,0.,0.));
#2264 = DIRECTION('',(0.,1.,0.));
#2265 = DEFINITIONAL_REPRESENTATION('',(#2266),#2270);
#2266 = LINE('',#2267,#2268);
#2267 = CARTESIAN_POINT('',(0.,0.));
#2268 = VECTOR('',#2269,1.);
#2269 = DIRECTION('',(1.,0.));
#2270 = ( GEOMETRIC_REPRESENTATION_CONTEXT(2) 
PARAMETRIC_REPRESENTATION_CONTEXT() REPRESENTATION_CONTEXT('2D SPACE',''
  ) );
#2271 = ORIENTED_EDGE('',*,*,#2272,.F.);
#2272 = EDGE_CURVE('',#2273,#2245,#2275,.T.);
#2273 = VERTEX_POINT('',#2274);
#2274 = CARTESIAN_POINT('',(30.5,0.,0.));
#2275 = SURFACE_CURVE('',#2276,(#2280,#2287),.PCURVE_S1.);
#2276 = LINE('',#2277,#2278);
#2277 = CARTESIAN_POINT('',(30.5,0.,0.));
#2278 = VECTOR('',#2279,1.);
#2279 = DIRECTION('',(1.,0.,0.));
#2280 = PCURVE('',#1698,#2281);
#2281 = DEFINITIONAL_REPRESENTATION('',(#2282),#2286);
#2282 = LINE('',#2283,#2284);
#2283 = CARTESIAN_POINT('',(-7.13543795942,-7.13543795942));
#2284 = VECTOR('',#2285,1.);
#2285 = DIRECTION('',(-1.,0.));
#2286 = ( GEOMETRIC_REPRESENTATION_CONTEXT(2) 
PARAMETRIC_REPRESENTATION_CONTEXT() REPRESENTATION_CONTEXT('2D SPACE',''
  ) );
#2287 = PCURVE('',#2288,#2293);
#2288 = PLANE('',#2289);
#2289 = AXIS2_PLACEMENT_3D('',#2290,#2291,#2292);
#2290 = CARTESIAN_POINT('',(30.5,0.,0.));
#2291 = DIRECTION('',(0.,1.,0.));
#2292 = DIRECTION('',(1.,0.,0.));
#2293 = DEFINITIONAL_REPRESENTATION('',(#2294),#2298);
#2294 = LINE('',#2295,#2296);
#2295 = CARTESIAN_POINT('',(0.,0.));
#2296 = VECTOR('',#2297,1.);
#2297 = DIRECTION('',(1.,0.));
#2298 = ( GEOMETRIC_REPRESENTATION_CONTEXT(2) 
PARAMETRIC_REPRESENTATION_CONTEXT() REPRESENTATION_CONTEXT('2D SPACE',''
  ) );
#2299 = ORIENTED_EDGE('',*,*,#2300,.F.);
#2300 = EDGE_CURVE('',#2301,#2273,#2303,.T.);
#2301 = VERTEX_POINT('',#2302);
#2302 = CARTESIAN_POINT('',(30.5,-15.,0.));
#2303 = SURFACE_CURVE('',#2304,(#2308,#2315),.PCURVE_S1.);
#2304 = LINE('',#2305,#2306);
#2305 = CARTESIAN_POINT('',(30.5,-15.,0.));
#2306 = VECTOR('',#2307,1.);
#2307 = DIRECTION('',(0.,1.,0.));
#2308 = PCURVE('',#1698,#2309);
#2309 = DEFINITIONAL_REPRESENTATION('',(#2310),#2314);
#2310 = LINE('',#2311,#2312);
#2311 = CARTESIAN_POINT('',(-7.13543795942,-22.13543795942));
#2312 = VECTOR('',#2313,1.);
#2313 = DIRECTION('',(0.,1.));
#2314 = ( GEOMETRIC_REPRESENTATION_CONTEXT(2) 
PARAMETRIC_REPRESENTATION_CONTEXT() REPRESENTATION_CONTEXT('2D SPACE',''
  ) );
#2315 = PCURVE('',#2316,#2321);
#2316 = PLANE('',#2317);
#2317 = AXIS2_PLACEMENT_3D('',#2318,#2319,#2320);
#2318 = CARTESIAN_POINT('',(30.5,-15.,0.));
#2319 = DIRECTION('',(-1.,0.,0.));
#2320 = DIRECTION('',(0.,1.,0.));
#2321 = DEFINITIONAL_REPRESENTATION('',(#2322),#2326);
#2322 = LINE('',#2323,#2324);
#2323 = CARTESIAN_POINT('',(0.,0.));
#2324 = VECTOR('',#2325,1.);
#2325 = DIRECTION('',(1.,0.));
#2326 = ( GEOMETRIC_REPRESENTATION_CONTEXT(2) 
PARAMETRIC_REPRESENTATION_CONTEXT() REPRESENTATION_CONTEXT('2D SPACE',''
  ) );
#2327 = ORIENTED_EDGE('',*,*,#2328,.F.);
#2328 = EDGE_CURVE('',#2329,#2301,#2331,.T.);
#2329 = VERTEX_POINT('',#2330);
#2330 = CARTESIAN_POINT('',(28.,-15.,0.));
#2331 = SURFACE_CURVE('',#2332,(#2336,#2343),.PCURVE_S1.);
#2332 = LINE('',#2333,#2334);
#2333 = CARTESIAN_POINT('',(28.,-15.,0.));
#2334 = VECTOR('',#2335,1.);
#2335 = DIRECTION('',(1.,0.,0.));
#2336 = PCURVE('',#1698,#2337);
#2337 = DEFINITIONAL_REPRESENTATION('',(#2338),#2342);
#2338 = LINE('',#2339,#2340);
#2339 = CARTESIAN_POINT('',(-4.63543795942,-22.13543795942));
#2340 = VECTOR('',#2341,1.);
#2341 = DIRECTION('',(-1.,0.));
#2342 = ( GEOMETRIC_REPRESENTATION_CONTEXT(2) 
PARAMETRIC_REPRESENTATION_CONTEXT() REPRESENTATION_CONTEXT('2D SPACE',''
  ) );
#2343 = PCURVE('',#2344,#2349);
#2344 = PLANE('',#2345);
#2345 = AXIS2_PLACEMENT_3D('',#2346,#2347,#2348);
#2346 = CARTESIAN_POINT('',(28.,-15.,0.));
#2347 = DIRECTION('',(0.,1.,0.));
#2348 = DIRECTION('',(1.,0.,0.));
#2349 = DEFINITIONAL_REPRESENTATION('',(#2350),#2354);
#2350 = LINE('',#2351,#2352);
#2351 = CARTESIAN_POINT('',(0.,0.));
#2352 = VECTOR('',#2353,1.);
#2353 = DIRECTION('',(1.,0.));
#2354 = ( GEOMETRIC_REPRESENTATION_CONTEXT(2) 
PARAMETRIC_REPRESENTATION_CONTEXT() REPRESENTATION_CONTEXT('2D SPACE',''
  ) );
#2355 = ORIENTED_EDGE('',*,*,#2356,.F.);
#2356 = EDGE_CURVE('',#2357,#2329,#2359,.T.);
#2357 = VERTEX_POINT('',#2358);
#2358 = CARTESIAN_POINT('',(28.,0.,0.));
#2359 = SURFACE_CURVE('',#2360,(#2364,#2371),.PCURVE_S1.);
#2360 = LINE('',#2361,#2362);
#2361 = CARTESIAN_POINT('',(28.,0.,0.));
#2362 = VECTOR('',#2363,1.);
#2363 = DIRECTION('',(0.,-1.,0.));
#2364 = PCURVE('',#1698,#2365);
#2365 = DEFINITIONAL_REPRESENTATION('',(#2366),#2370);
#2366 = LINE('',#2367,#2368);
#2367 = CARTESIAN_POINT('',(-4.63543795942,-7.13543795942));
#2368 = VECTOR('',#2369,1.);
#2369 = DIRECTION('',(0.,-1.));
#2370 = ( GEOMETRIC_REPRESENTATION_CONTEXT(2) 
PARAMETRIC_REPRESENTATION_CONTEXT() REPRESENTATION_CONTEXT('2D SPACE',''
  ) );
#2371 = PCURVE('',#2372,#2377);
#2372 = PLANE('',#2373);
#2373 = AXIS2_PLACEMENT_3D('',#2374,#2375,#2376);
#2374 = CARTESIAN_POINT('',(28.,0.,0.));
#2375 = DIRECTION('',(1.,0.,0.));
#2376 = DIRECTION('',(0.,-1.,0.));
#2377 = DEFINITIONAL_REPRESENTATION('',(#2378),#2382);
#2378 = LINE('',#2379,#2380);
#2379 = CARTESIAN_POINT('',(0.,0.));
#2380 = VECTOR('',#2381,1.);
#2381 = DIRECTION('',(1.,0.));
#2382 = ( GEOMETRIC_REPRESENTATION_CONTEXT(2) 
PARAMETRIC_REPRESENTATION_CONTEXT() REPRESENTATION_CONTEXT('2D SPACE',''
  ) );
#2383 = ORIENTED_EDGE('',*,*,#2384,.F.);
#2384 = EDGE_CURVE('',#2385,#2357,#2387,.T.);
#2385 = VERTEX_POINT('',#2386);
#2386 = CARTESIAN_POINT('',(8.,0.,0.));
#2387 = SURFACE_CURVE('',#2388,(#2392,#2399),.PCURVE_S1.);
#2388 = LINE('',#2389,#2390);
#2389 = CARTESIAN_POINT('',(8.,0.,0.));
#2390 = VECTOR('',#2391,1.);
#2391 = DIRECTION('',(1.,0.,0.));
#2392 = PCURVE('',#1698,#2393);
#2393 = DEFINITIONAL_REPRESENTATION('',(#2394),#2398);
#2394 = LINE('',#2395,#2396);
#2395 = CARTESIAN_POINT('',(15.36456204058,-7.13543795942));
#2396 = VECTOR('',#2397,1.);
#2397 = DIRECTION('',(-1.,0.));
#2398 = ( GEOMETRIC_REPRESENTATION_CONTEXT(2) 
PARAMETRIC_REPRESENTATION_CONTEXT() REPRESENTATION_CONTEXT('2D SPACE',''
  ) );
#2399 = PCURVE('',#2400,#2405);
#2400 = PLANE('',#2401);
#2401 = AXIS2_PLACEMENT_3D('',#2402,#2403,#2404);
#2402 = CARTESIAN_POINT('',(8.,0.,0.));
#2403 = DIRECTION('',(0.,1.,0.));
#2404 = DIRECTION('',(1.,0.,0.));
#2405 = DEFINITIONAL_REPRESENTATION('',(#2406),#2410);
#2406 = LINE('',#2407,#2408);
#2407 = CARTESIAN_POINT('',(0.,0.));
#2408 = VECTOR('',#2409,1.);
#2409 = DIRECTION('',(1.,0.));
#2410 = ( GEOMETRIC_REPRESENTATION_CONTEXT(2) 
PARAMETRIC_REPRESENTATION_CONTEXT() REPRESENTATION_CONTEXT('2D SPACE',''
  ) );
#2411 = ORIENTED_EDGE('',*,*,#2412,.F.);
#2412 = EDGE_CURVE('',#2413,#2385,#2415,.T.);
#2413 = VERTEX_POINT('',#2414);
#2414 = CARTESIAN_POINT('',(8.,-15.,0.));
#2415 = SURFACE_CURVE('',#2416,(#2420,#2427),.PCURVE_S1.);
#2416 = LINE('',#2417,#2418);
#2417 = CARTESIAN_POINT('',(8.,-15.,0.));
#2418 = VECTOR('',#2419,1.);
#2419 = DIRECTION('',(0.,1.,0.));
#2420 = PCURVE('',#1698,#2421);
#2421 = DEFINITIONAL_REPRESENTATION('',(#2422),#2426);
#2422 = LINE('',#2423,#2424);
#2423 = CARTESIAN_POINT('',(15.36456204058,-22.13543795942));
#2424 = VECTOR('',#2425,1.);
#2425 = DIRECTION('',(0.,1.));
#2426 = ( GEOMETRIC_REPRESENTATION_CONTEXT(2) 
PARAMETRIC_REPRESENTATION_CONTEXT() REPRESENTATION_CONTEXT('2D SPACE',''
  ) );
#2427 = PCURVE('',#2428,#2433);
#2428 = PLANE('',#2429);
#2429 = AXIS2_PLACEMENT_3D('',#2430,#2431,#2432);
#2430 = CARTESIAN_POINT('',(8.,-15.,0.));
#2431 = DIRECTION('',(-1.,0.,0.));
#2432 = DIRECTION('',(0.,1.,0.));
#2433 = DEFINITIONAL_REPRESENTATION('',(#2434),#2438);
#2434 = LINE('',#2435,#2436);
#2435 = CARTESIAN_POINT('',(0.,0.));
#2436 = VECTOR('',#2437,1.);
#2437 = DIRECTION('',(1.,0.));
#2438 = ( GEOMETRIC_REPRESENTATION_CONTEXT(2) 
PARAMETRIC_REPRESENTATION_CONTEXT() REPRESENTATION_CONTEXT('2D SPACE',''
  ) );
#2439 = ORIENTED_EDGE('',*,*,#2440,.F.);
#2440 = EDGE_CURVE('',#2441,#2413,#2443,.T.);
#2441 = VERTEX_POINT('',#2442);
#2442 = CARTESIAN_POINT('',(5.5,-15.,0.));
#2443 = SURFACE_CURVE('',#2444,(#2448,#2455),.PCURVE_S1.);
#2444 = LINE('',#2445,#2446);
#2445 = CARTESIAN_POINT('',(5.5,-15.,0.));
#2446 = VECTOR('',#2447,1.);
#2447 = DIRECTION('',(1.,0.,0.));
#2448 = PCURVE('',#1698,#2449);
#2449 = DEFINITIONAL_REPRESENTATION('',(#2450),#2454);
#2450 = LINE('',#2451,#2452);
#2451 = CARTESIAN_POINT('',(17.86456204058,-22.13543795942));
#2452 = VECTOR('',#2453,1.);
#2453 = DIRECTION('',(-1.,0.));
#2454 = ( GEOMETRIC_REPRESENTATION_CONTEXT(2) 
PARAMETRIC_REPRESENTATION_CONTEXT() REPRESENTATION_CONTEXT('2D SPACE',''
  ) );
#2455 = PCURVE('',#2456,#2461);
#2456 = PLANE('',#2457);
#2457 = AXIS2_PLACEMENT_3D('',#2458,#2459,#2460);
#2458 = CARTESIAN_POINT('',(5.5,-15.,0.));
#2459 = DIRECTION('',(0.,1.,0.));
#2460 = DIRECTION('',(1.,0.,0.));
#2461 = DEFINITIONAL_REPRESENTATION('',(#2462),#2466);
#2462 = LINE('',#2463,#2464);
#2463 = CARTESIAN_POINT('',(0.,0.));
#2464 = VECTOR('',#2465,1.);
#2465 = DIRECTION('',(1.,0.));
#2466 = ( GEOMETRIC_REPRESENTATION_CONTEXT(2) 
PARAMETRIC_REPRESENTATION_CONTEXT() REPRESENTATION_CONTEXT('2D SPACE',''
  ) );
#2467 = ORIENTED_EDGE('',*,*,#2468,.F.);
#2468 = EDGE_CURVE('',#2469,#2441,#2471,.T.);
#2469 = VERTEX_POINT('',#2470);
#2470 = CARTESIAN_POINT('',(5.5,0.,0.));
#2471 = SURFACE_CURVE('',#2472,(#2476,#2483),.PCURVE_S1.);
#2472 = LINE('',#2473,#2474);
#2473 = CARTESIAN_POINT('',(5.5,0.,0.));
#2474 = VECTOR('',#2475,1.);
#2475 = DIRECTION('',(0.,-1.,0.));
#2476 = PCURVE('',#1698,#2477);
#2477 = DEFINITIONAL_REPRESENTATION('',(#2478),#2482);
#2478 = LINE('',#2479,#2480);
#2479 = CARTESIAN_POINT('',(17.86456204058,-7.13543795942));
#2480 = VECTOR('',#2481,1.);
#2481 = DIRECTION('',(0.,-1.));
#2482 = ( GEOMETRIC_REPRESENTATION_CONTEXT(2) 
PARAMETRIC_REPRESENTATION_CONTEXT() REPRESENTATION_CONTEXT('2D SPACE',''
  ) );
#2483 = PCURVE('',#2484,#2489);
#2484 = PLANE('',#2485);
#2485 = AXIS2_PLACEMENT_3D('',#2486,#2487,#2488);
#2486 = CARTESIAN_POINT('',(5.5,0.,0.));
#2487 = DIRECTION('',(1.,0.,0.));
#2488 = DIRECTION('',(0.,-1.,0.));
#2489 = DEFINITIONAL_REPRESENTATION('',(#2490),#2494);
#2490 = LINE('',#2491,#2492);
#2491 = CARTESIAN_POINT('',(0.,0.));
#2492 = VECTOR('',#2493,1.);
#2493 = DIRECTION('',(1.,0.));
#2494 = ( GEOMETRIC_REPRESENTATION_CONTEXT(2) 
PARAMETRIC_REPRESENTATION_CONTEXT() REPRESENTATION_CONTEXT('2D SPACE',''
  ) );
#2495 = ORIENTED_EDGE('',*,*,#2496,.F.);
#2496 = EDGE_CURVE('',#2497,#2469,#2499,.T.);
#2497 = VERTEX_POINT('',#2498);
#2498 = CARTESIAN_POINT('',(2.5,0.,0.));
#2499 = SURFACE_CURVE('',#2500,(#2504,#2511),.PCURVE_S1.);
#2500 = LINE('',#2501,#2502);
#2501 = CARTESIAN_POINT('',(2.5,0.,0.));
#2502 = VECTOR('',#2503,1.);
#2503 = DIRECTION('',(1.,0.,0.));
#2504 = PCURVE('',#1698,#2505);
#2505 = DEFINITIONAL_REPRESENTATION('',(#2506),#2510);
#2506 = LINE('',#2507,#2508);
#2507 = CARTESIAN_POINT('',(20.86456204058,-7.13543795942));
#2508 = VECTOR('',#2509,1.);
#2509 = DIRECTION('',(-1.,0.));
#2510 = ( GEOMETRIC_REPRESENTATION_CONTEXT(2) 
PARAMETRIC_REPRESENTATION_CONTEXT() REPRESENTATION_CONTEXT('2D SPACE',''
  ) );
#2511 = PCURVE('',#2512,#2517);
#2512 = PLANE('',#2513);
#2513 = AXIS2_PLACEMENT_3D('',#2514,#2515,#2516);
#2514 = CARTESIAN_POINT('',(2.5,0.,0.));
#2515 = DIRECTION('',(0.,1.,0.));
#2516 = DIRECTION('',(1.,0.,0.));
#2517 = DEFINITIONAL_REPRESENTATION('',(#2518),#2522);
#2518 = LINE('',#2519,#2520);
#2519 = CARTESIAN_POINT('',(0.,0.));
#2520 = VECTOR('',#2521,1.);
#2521 = DIRECTION('',(1.,0.));
#2522 = ( GEOMETRIC_REPRESENTATION_CONTEXT(2) 
PARAMETRIC_REPRESENTATION_CONTEXT() REPRESENTATION_CONTEXT('2D SPACE',''
  ) );
#2523 = ORIENTED_EDGE('',*,*,#2524,.F.);
#2524 = EDGE_CURVE('',#2525,#2497,#2527,.T.);
#2525 = VERTEX_POINT('',#2526);
#2526 = CARTESIAN_POINT('',(2.5,-15.,0.));
#2527 = SURFACE_CURVE('',#2528,(#2532,#2539),.PCURVE_S1.);
#2528 = LINE('',#2529,#2530);
#2529 = CARTESIAN_POINT('',(2.5,-15.,0.));
#2530 = VECTOR('',#2531,1.);
#2531 = DIRECTION('',(0.,1.,0.));
#2532 = PCURVE('',#1698,#2533);
#2533 = DEFINITIONAL_REPRESENTATION('',(#2534),#2538);
#2534 = LINE('',#2535,#2536);
#2535 = CARTESIAN_POINT('',(20.86456204058,-22.13543795942));
#2536 = VECTOR('',#2537,1.);
#2537 = DIRECTION('',(0.,1.));
#2538 = ( GEOMETRIC_REPRESENTATION_CONTEXT(2) 
PARAMETRIC_REPRESENTATION_CONTEXT() REPRESENTATION_CONTEXT('2D SPACE',''
  ) );
#2539 = PCURVE('',#2540,#2545);
#2540 = PLANE('',#2541);
#2541 = AXIS2_PLACEMENT_3D('',#2542,#2543,#2544);
#2542 = CARTESIAN_POINT('',(2.5,-15.,0.));
#2543 = DIRECTION('',(-1.,0.,0.));
#2544 = DIRECTION('',(0.,1.,0.));
#2545 = DEFINITIONAL_REPRESENTATION('',(#2546),#2550);
#2546 = LINE('',#2547,#2548);
#2547 = CARTESIAN_POINT('',(0.,0.));
#2548 = VECTOR('',#2549,1.);
#2549 = DIRECTION('',(1.,0.));
#2550 = ( GEOMETRIC_REPRESENTATION_CONTEXT(2) 
PARAMETRIC_REPRESENTATION_CONTEXT() REPRESENTATION_CONTEXT('2D SPACE',''
  ) );
#2551 = ORIENTED_EDGE('',*,*,#2552,.F.);
#2552 = EDGE_CURVE('',#1974,#2525,#2553,.T.);
#2553 = SURFACE_CURVE('',#2554,(#2558,#2565),.PCURVE_S1.);
#2554 = LINE('',#2555,#2556);
#2555 = CARTESIAN_POINT('',(0.,-15.,0.));
#2556 = VECTOR('',#2557,1.);
#2557 = DIRECTION('',(1.,0.,0.));
#2558 = PCURVE('',#1698,#2559);
#2559 = DEFINITIONAL_REPRESENTATION('',(#2560),#2564);
#2560 = LINE('',#2561,#2562);
#2561 = CARTESIAN_POINT('',(23.36456204058,-22.13543795942));
#2562 = VECTOR('',#2563,1.);
#2563 = DIRECTION('',(-1.,0.));
#2564 = ( GEOMETRIC_REPRESENTATION_CONTEXT(2) 
PARAMETRIC_REPRESENTATION_CONTEXT() REPRESENTATION_CONTEXT('2D SPACE',''
  ) );
#2565 = PCURVE('',#2566,#2571);
#2566 = PLANE('',#2567);
#2567 = AXIS2_PLACEMENT_3D('',#2568,#2569,#2570);
#2568 = CARTESIAN_POINT('',(0.,-15.,0.));
#2569 = DIRECTION('',(0.,1.,0.));
#2570 = DIRECTION('',(1.,0.,0.));
#2571 = DEFINITIONAL_REPRESENTATION('',(#2572),#2576);
#2572 = LINE('',#2573,#2574);
#2573 = CARTESIAN_POINT('',(0.,0.));
#2574 = VECTOR('',#2575,1.);
#2575 = DIRECTION('',(1.,0.));
#2576 = ( GEOMETRIC_REPRESENTATION_CONTEXT(2) 
PARAMETRIC_REPRESENTATION_CONTEXT() REPRESENTATION_CONTEXT('2D SPACE',''
  ) );
#2577 = FACE_BOUND('',#2578,.T.);
#2578 = EDGE_LOOP('',(#2579));
#2579 = ORIENTED_EDGE('',*,*,#1681,.F.);
#2580 = ADVANCED_FACE('',(#2581),#1807,.T.);
#2581 = FACE_BOUND('',#2582,.T.);
#2582 = EDGE_LOOP('',(#2583,#2606,#2607,#2608,#2609,#2637,#2665,#2693,
    #2721));
#2583 = ORIENTED_EDGE('',*,*,#2584,.F.);
#2584 = EDGE_CURVE('',#1998,#2585,#2587,.T.);
#2585 = VERTEX_POINT('',#2586);
#2586 = CARTESIAN_POINT('',(45.5,30.5,85.));
#2587 = SURFACE_CURVE('',#2588,(#2592,#2599),.PCURVE_S1.);
#2588 = LINE('',#2589,#2590);
#2589 = CARTESIAN_POINT('',(45.5,30.5,0.));
#2590 = VECTOR('',#2591,1.);
#2591 = DIRECTION('',(0.,0.,1.));
#2592 = PCURVE('',#1807,#2593);
#2593 = DEFINITIONAL_REPRESENTATION('',(#2594),#2598);
#2594 = LINE('',#2595,#2596);
#2595 = CARTESIAN_POINT('',(-50.,8.75));
#2596 = VECTOR('',#2597,1.);
#2597 = DIRECTION('',(1.,0.));
#2598 = ( GEOMETRIC_REPRESENTATION_CONTEXT(2) 
PARAMETRIC_REPRESENTATION_CONTEXT() REPRESENTATION_CONTEXT('2D SPACE',''
  ) );
#2599 = PCURVE('',#2036,#2600);
#2600 = DEFINITIONAL_REPRESENTATION('',(#2601),#2605);
#2601 = LINE('',#2602,#2603);
#2602 = CARTESIAN_POINT('',(2.5,0.));
#2603 = VECTOR('',#2604,1.);
#2604 = DIRECTION('',(0.,-1.));
#2605 = ( GEOMETRIC_REPRESENTATION_CONTEXT(2) 
PARAMETRIC_REPRESENTATION_CONTEXT() REPRESENTATION_CONTEXT('2D SPACE',''
  ) );
#2606 = ORIENTED_EDGE('',*,*,#1997,.F.);
#2607 = ORIENTED_EDGE('',*,*,#1791,.T.);
#2608 = ORIENTED_EDGE('',*,*,#1925,.T.);
#2609 = ORIENTED_EDGE('',*,*,#2610,.T.);
#2610 = EDGE_CURVE('',#1926,#2611,#2613,.T.);
#2611 = VERTEX_POINT('',#2612);
#2612 = CARTESIAN_POINT('',(28.,30.5,51.25));
#2613 = SURFACE_CURVE('',#2614,(#2618,#2625),.PCURVE_S1.);
#2614 = LINE('',#2615,#2616);
#2615 = CARTESIAN_POINT('',(28.,30.5,0.));
#2616 = VECTOR('',#2617,1.);
#2617 = DIRECTION('',(0.,0.,1.));
#2618 = PCURVE('',#1807,#2619);
#2619 = DEFINITIONAL_REPRESENTATION('',(#2620),#2624);
#2620 = LINE('',#2621,#2622);
#2621 = CARTESIAN_POINT('',(-50.,-8.75));
#2622 = VECTOR('',#2623,1.);
#2623 = DIRECTION('',(1.,0.));
#2624 = ( GEOMETRIC_REPRESENTATION_CONTEXT(2) 
PARAMETRIC_REPRESENTATION_CONTEXT() REPRESENTATION_CONTEXT('2D SPACE',''
  ) );
#2625 = PCURVE('',#2626,#2631);
#2626 = PLANE('',#2627);
#2627 = AXIS2_PLACEMENT_3D('',#2628,#2629,#2630);
#2628 = CARTESIAN_POINT('',(28.,30.5,48.75));
#2629 = DIRECTION('',(0.707106781187,-0.707106781187,0.));
#2630 = DIRECTION('',(-0.707106781187,-0.707106781187,0.));
#2631 = DEFINITIONAL_REPRESENTATION('',(#2632),#2636);
#2632 = LINE('',#2633,#2634);
#2633 = CARTESIAN_POINT('',(-5.024295867788E-15,48.75));
#2634 = VECTOR('',#2635,1.);
#2635 = DIRECTION('',(0.,-1.));
#2636 = ( GEOMETRIC_REPRESENTATION_CONTEXT(2) 
PARAMETRIC_REPRESENTATION_CONTEXT() REPRESENTATION_CONTEXT('2D SPACE',''
  ) );
#2637 = ORIENTED_EDGE('',*,*,#2638,.T.);
#2638 = EDGE_CURVE('',#2611,#2639,#2641,.T.);
#2639 = VERTEX_POINT('',#2640);
#2640 = CARTESIAN_POINT('',(28.,30.5,97.5));
#2641 = SURFACE_CURVE('',#2642,(#2646,#2653),.PCURVE_S1.);
#2642 = LINE('',#2643,#2644);
#2643 = CARTESIAN_POINT('',(28.,30.5,0.));
#2644 = VECTOR('',#2645,1.);
#2645 = DIRECTION('',(0.,0.,1.));
#2646 = PCURVE('',#1807,#2647);
#2647 = DEFINITIONAL_REPRESENTATION('',(#2648),#2652);
#2648 = LINE('',#2649,#2650);
#2649 = CARTESIAN_POINT('',(-50.,-8.75));
#2650 = VECTOR('',#2651,1.);
#2651 = DIRECTION('',(1.,0.));
#2652 = ( GEOMETRIC_REPRESENTATION_CONTEXT(2) 
PARAMETRIC_REPRESENTATION_CONTEXT() REPRESENTATION_CONTEXT('2D SPACE',''
  ) );
#2653 = PCURVE('',#2654,#2659);
#2654 = PLANE('',#2655);
#2655 = AXIS2_PLACEMENT_3D('',#2656,#2657,#2658);
#2656 = CARTESIAN_POINT('',(28.,2.5,0.));
#2657 = DIRECTION('',(-1.,0.,0.));
#2658 = DIRECTION('',(0.,1.,0.));
#2659 = DEFINITIONAL_REPRESENTATION('',(#2660),#2664);
#2660 = LINE('',#2661,#2662);
#2661 = CARTESIAN_POINT('',(28.,0.));
#2662 = VECTOR('',#2663,1.);
#2663 = DIRECTION('',(0.,-1.));
#2664 = ( GEOMETRIC_REPRESENTATION_CONTEXT(2) 
PARAMETRIC_REPRESENTATION_CONTEXT() REPRESENTATION_CONTEXT('2D SPACE',''
  ) );
#2665 = ORIENTED_EDGE('',*,*,#2666,.T.);
#2666 = EDGE_CURVE('',#2639,#2667,#2669,.T.);
#2667 = VERTEX_POINT('',#2668);
#2668 = CARTESIAN_POINT('',(28.,30.5,100.));
#2669 = SURFACE_CURVE('',#2670,(#2674,#2681),.PCURVE_S1.);
#2670 = LINE('',#2671,#2672);
#2671 = CARTESIAN_POINT('',(28.,30.5,0.));
#2672 = VECTOR('',#2673,1.);
#2673 = DIRECTION('',(0.,0.,1.));
#2674 = PCURVE('',#1807,#2675);
#2675 = DEFINITIONAL_REPRESENTATION('',(#2676),#2680);
#2676 = LINE('',#2677,#2678);
#2677 = CARTESIAN_POINT('',(-50.,-8.75));
#2678 = VECTOR('',#2679,1.);
#2679 = DIRECTION('',(1.,0.));
#2680 = ( GEOMETRIC_REPRESENTATION_CONTEXT(2) 
PARAMETRIC_REPRESENTATION_CONTEXT() REPRESENTATION_CONTEXT('2D SPACE',''
  ) );
#2681 = PCURVE('',#2682,#2687);
#2682 = PLANE('',#2683);
#2683 = AXIS2_PLACEMENT_3D('',#2684,#2685,#2686);
#2684 = CARTESIAN_POINT('',(28.,30.5,97.5));
#2685 = DIRECTION('',(0.707106781187,-0.707106781187,0.));
#2686 = DIRECTION('',(-0.707106781187,-0.707106781187,0.));
#2687 = DEFINITIONAL_REPRESENTATION('',(#2688),#2692);
#2688 = LINE('',#2689,#2690);
#2689 = CARTESIAN_POINT('',(-0.,97.5));
#2690 = VECTOR('',#2691,1.);
#2691 = DIRECTION('',(0.,-1.));
#2692 = ( GEOMETRIC_REPRESENTATION_CONTEXT(2) 
PARAMETRIC_REPRESENTATION_CONTEXT() REPRESENTATION_CONTEXT('2D SPACE',''
  ) );
#2693 = ORIENTED_EDGE('',*,*,#2694,.F.);
#2694 = EDGE_CURVE('',#2695,#2667,#2697,.T.);
#2695 = VERTEX_POINT('',#2696);
#2696 = CARTESIAN_POINT('',(30.5,30.5,100.));
#2697 = SURFACE_CURVE('',#2698,(#2702,#2709),.PCURVE_S1.);
#2698 = LINE('',#2699,#2700);
#2699 = CARTESIAN_POINT('',(45.5,30.5,100.));
#2700 = VECTOR('',#2701,1.);
#2701 = DIRECTION('',(-1.,0.,0.));
#2702 = PCURVE('',#1807,#2703);
#2703 = DEFINITIONAL_REPRESENTATION('',(#2704),#2708);
#2704 = LINE('',#2705,#2706);
#2705 = CARTESIAN_POINT('',(50.,8.75));
#2706 = VECTOR('',#2707,1.);
#2707 = DIRECTION('',(0.,-1.));
#2708 = ( GEOMETRIC_REPRESENTATION_CONTEXT(2) 
PARAMETRIC_REPRESENTATION_CONTEXT() REPRESENTATION_CONTEXT('2D SPACE',''
  ) );
#2709 = PCURVE('',#2710,#2715);
#2710 = PLANE('',#2711);
#2711 = AXIS2_PLACEMENT_3D('',#2712,#2713,#2714);
#2712 = CARTESIAN_POINT('',(23.36456204058,7.13543795942,100.));
#2713 = DIRECTION('',(0.,0.,1.));
#2714 = DIRECTION('',(1.,0.,0.));
#2715 = DEFINITIONAL_REPRESENTATION('',(#2716),#2720);
#2716 = LINE('',#2717,#2718);
#2717 = CARTESIAN_POINT('',(22.13543795942,23.36456204058));
#2718 = VECTOR('',#2719,1.);
#2719 = DIRECTION('',(-1.,0.));
#2720 = ( GEOMETRIC_REPRESENTATION_CONTEXT(2) 
PARAMETRIC_REPRESENTATION_CONTEXT() REPRESENTATION_CONTEXT('2D SPACE',''
  ) );
#2721 = ORIENTED_EDGE('',*,*,#2722,.T.);
#2722 = EDGE_CURVE('',#2695,#2585,#2723,.T.);
#2723 = SURFACE_CURVE('',#2724,(#2728,#2735),.PCURVE_S1.);
#2724 = LINE('',#2725,#2726);
#2725 = CARTESIAN_POINT('',(30.5,30.5,100.));
#2726 = VECTOR('',#2727,1.);
#2727 = DIRECTION('',(0.707106781187,-1.570092458684E-16,-0.707106781187
    ));
#2728 = PCURVE('',#1807,#2729);
#2729 = DEFINITIONAL_REPRESENTATION('',(#2730),#2734);
#2730 = LINE('',#2731,#2732);
#2731 = CARTESIAN_POINT('',(50.,-6.25));
#2732 = VECTOR('',#2733,1.);
#2733 = DIRECTION('',(-0.707106781187,0.707106781187));
#2734 = ( GEOMETRIC_REPRESENTATION_CONTEXT(2) 
PARAMETRIC_REPRESENTATION_CONTEXT() REPRESENTATION_CONTEXT('2D SPACE',''
  ) );
#2735 = PCURVE('',#2736,#2741);
#2736 = PLANE('',#2737);
#2737 = AXIS2_PLACEMENT_3D('',#2738,#2739,#2740);
#2738 = CARTESIAN_POINT('',(30.5,30.5,100.));
#2739 = DIRECTION('',(0.707106781187,1.570092458684E-16,0.707106781187)
  );
#2740 = DIRECTION('',(0.707106781187,-1.570092458684E-16,-0.707106781187
    ));
#2741 = DEFINITIONAL_REPRESENTATION('',(#2742),#2746);
#2742 = LINE('',#2743,#2744);
#2743 = CARTESIAN_POINT('',(0.,0.));
#2744 = VECTOR('',#2745,1.);
#2745 = DIRECTION('',(1.,0.));
#2746 = ( GEOMETRIC_REPRESENTATION_CONTEXT(2) 
PARAMETRIC_REPRESENTATION_CONTEXT() REPRESENTATION_CONTEXT('2D SPACE',''
  ) );
#2747 = ADVANCED_FACE('',(#2748),#1836,.T.);
#2748 = FACE_BOUND('',#2749,.T.);
#2749 = EDGE_LOOP('',(#2750,#2751,#2752,#2775,#2803,#2832,#2860,#2883,
    #2906,#2934,#2955));
#2750 = ORIENTED_EDGE('',*,*,#1820,.F.);
#2751 = ORIENTED_EDGE('',*,*,#1973,.T.);
#2752 = ORIENTED_EDGE('',*,*,#2753,.T.);
#2753 = EDGE_CURVE('',#1974,#2754,#2756,.T.);
#2754 = VERTEX_POINT('',#2755);
#2755 = CARTESIAN_POINT('',(0.,-15.,85.));
#2756 = SURFACE_CURVE('',#2757,(#2761,#2768),.PCURVE_S1.);
#2757 = LINE('',#2758,#2759);
#2758 = CARTESIAN_POINT('',(0.,-15.,0.));
#2759 = VECTOR('',#2760,1.);
#2760 = DIRECTION('',(0.,0.,1.));
#2761 = PCURVE('',#1836,#2762);
#2762 = DEFINITIONAL_REPRESENTATION('',(#2763),#2767);
#2763 = LINE('',#2764,#2765);
#2764 = CARTESIAN_POINT('',(50.,8.75));
#2765 = VECTOR('',#2766,1.);
#2766 = DIRECTION('',(-1.,0.));
#2767 = ( GEOMETRIC_REPRESENTATION_CONTEXT(2) 
PARAMETRIC_REPRESENTATION_CONTEXT() REPRESENTATION_CONTEXT('2D SPACE',''
  ) );
#2768 = PCURVE('',#2566,#2769);
#2769 = DEFINITIONAL_REPRESENTATION('',(#2770),#2774);
#2770 = LINE('',#2771,#2772);
#2771 = CARTESIAN_POINT('',(0.,0.));
#2772 = VECTOR('',#2773,1.);
#2773 = DIRECTION('',(0.,-1.));
#2774 = ( GEOMETRIC_REPRESENTATION_CONTEXT(2) 
PARAMETRIC_REPRESENTATION_CONTEXT() REPRESENTATION_CONTEXT('2D SPACE',''
  ) );
#2775 = ORIENTED_EDGE('',*,*,#2776,.F.);
#2776 = EDGE_CURVE('',#2777,#2754,#2779,.T.);
#2777 = VERTEX_POINT('',#2778);
#2778 = CARTESIAN_POINT('',(0.,-11.03553390593,88.964466094067));
#2779 = SURFACE_CURVE('',#2780,(#2784,#2791),.PCURVE_S1.);
#2780 = LINE('',#2781,#2782);
#2781 = CARTESIAN_POINT('',(0.,0.,100.));
#2782 = VECTOR('',#2783,1.);
#2783 = DIRECTION('',(0.,-0.707106781187,-0.707106781187));
#2784 = PCURVE('',#1836,#2785);
#2785 = DEFINITIONAL_REPRESENTATION('',(#2786),#2790);
#2786 = LINE('',#2787,#2788);
#2787 = CARTESIAN_POINT('',(-50.,-6.25));
#2788 = VECTOR('',#2789,1.);
#2789 = DIRECTION('',(0.707106781187,0.707106781187));
#2790 = ( GEOMETRIC_REPRESENTATION_CONTEXT(2) 
PARAMETRIC_REPRESENTATION_CONTEXT() REPRESENTATION_CONTEXT('2D SPACE',''
  ) );
#2791 = PCURVE('',#2792,#2797);
#2792 = PLANE('',#2793);
#2793 = AXIS2_PLACEMENT_3D('',#2794,#2795,#2796);
#2794 = CARTESIAN_POINT('',(0.,0.,100.));
#2795 = DIRECTION('',(0.,0.707106781187,-0.707106781187));
#2796 = DIRECTION('',(0.,-0.707106781187,-0.707106781187));
#2797 = DEFINITIONAL_REPRESENTATION('',(#2798),#2802);
#2798 = LINE('',#2799,#2800);
#2799 = CARTESIAN_POINT('',(0.,0.));
#2800 = VECTOR('',#2801,1.);
#2801 = DIRECTION('',(1.,-0.));
#2802 = ( GEOMETRIC_REPRESENTATION_CONTEXT(2) 
PARAMETRIC_REPRESENTATION_CONTEXT() REPRESENTATION_CONTEXT('2D SPACE',''
  ) );
#2803 = ORIENTED_EDGE('',*,*,#2804,.F.);
#2804 = EDGE_CURVE('',#2805,#2777,#2807,.T.);
#2805 = VERTEX_POINT('',#2806);
#2806 = CARTESIAN_POINT('',(0.,-3.964466094067,96.035533905933));
#2807 = SURFACE_CURVE('',#2808,(#2813,#2820),.PCURVE_S1.);
#2808 = CIRCLE('',#2809,5.);
#2809 = AXIS2_PLACEMENT_3D('',#2810,#2811,#2812);
#2810 = CARTESIAN_POINT('',(0.,-7.5,92.5));
#2811 = DIRECTION('',(-1.,0.,0.));
#2812 = DIRECTION('',(0.,0.707106781187,0.707106781187));
#2813 = PCURVE('',#1836,#2814);
#2814 = DEFINITIONAL_REPRESENTATION('',(#2815),#2819);
#2815 = CIRCLE('',#2816,5.);
#2816 = AXIS2_PLACEMENT_2D('',#2817,#2818);
#2817 = CARTESIAN_POINT('',(-42.5,1.25));
#2818 = DIRECTION('',(-0.707106781187,-0.707106781187));
#2819 = ( GEOMETRIC_REPRESENTATION_CONTEXT(2) 
PARAMETRIC_REPRESENTATION_CONTEXT() REPRESENTATION_CONTEXT('2D SPACE',''
  ) );
#2820 = PCURVE('',#2821,#2826);
#2821 = CYLINDRICAL_SURFACE('',#2822,5.);
#2822 = AXIS2_PLACEMENT_3D('',#2823,#2824,#2825);
#2823 = CARTESIAN_POINT('',(0.,-7.5,92.5));
#2824 = DIRECTION('',(1.,0.,0.));
#2825 = DIRECTION('',(0.,0.707106781187,0.707106781187));
#2826 = DEFINITIONAL_REPRESENTATION('',(#2827),#2831);
#2827 = LINE('',#2828,#2829);
#2828 = CARTESIAN_POINT('',(-0.,0.));
#2829 = VECTOR('',#2830,1.);
#2830 = DIRECTION('',(-1.,0.));
#2831 = ( GEOMETRIC_REPRESENTATION_CONTEXT(2) 
PARAMETRIC_REPRESENTATION_CONTEXT() REPRESENTATION_CONTEXT('2D SPACE',''
  ) );
#2832 = ORIENTED_EDGE('',*,*,#2833,.F.);
#2833 = EDGE_CURVE('',#2834,#2805,#2836,.T.);
#2834 = VERTEX_POINT('',#2835);
#2835 = CARTESIAN_POINT('',(0.,0.,100.));
#2836 = SURFACE_CURVE('',#2837,(#2841,#2848),.PCURVE_S1.);
#2837 = LINE('',#2838,#2839);
#2838 = CARTESIAN_POINT('',(0.,0.,100.));
#2839 = VECTOR('',#2840,1.);
#2840 = DIRECTION('',(0.,-0.707106781187,-0.707106781187));
#2841 = PCURVE('',#1836,#2842);
#2842 = DEFINITIONAL_REPRESENTATION('',(#2843),#2847);
#2843 = LINE('',#2844,#2845);
#2844 = CARTESIAN_POINT('',(-50.,-6.25));
#2845 = VECTOR('',#2846,1.);
#2846 = DIRECTION('',(0.707106781187,0.707106781187));
#2847 = ( GEOMETRIC_REPRESENTATION_CONTEXT(2) 
PARAMETRIC_REPRESENTATION_CONTEXT() REPRESENTATION_CONTEXT('2D SPACE',''
  ) );
#2848 = PCURVE('',#2849,#2854);
#2849 = PLANE('',#2850);
#2850 = AXIS2_PLACEMENT_3D('',#2851,#2852,#2853);
#2851 = CARTESIAN_POINT('',(0.,0.,100.));
#2852 = DIRECTION('',(0.,0.707106781187,-0.707106781187));
#2853 = DIRECTION('',(0.,-0.707106781187,-0.707106781187));
#2854 = DEFINITIONAL_REPRESENTATION('',(#2855),#2859);
#2855 = LINE('',#2856,#2857);
#2856 = CARTESIAN_POINT('',(0.,0.));
#2857 = VECTOR('',#2858,1.);
#2858 = DIRECTION('',(1.,-0.));
#2859 = ( GEOMETRIC_REPRESENTATION_CONTEXT(2) 
PARAMETRIC_REPRESENTATION_CONTEXT() REPRESENTATION_CONTEXT('2D SPACE',''
  ) );
#2860 = ORIENTED_EDGE('',*,*,#2861,.T.);
#2861 = EDGE_CURVE('',#2834,#2862,#2864,.T.);
#2862 = VERTEX_POINT('',#2863);
#2863 = CARTESIAN_POINT('',(3.635980402492E-15,2.5,100.));
#2864 = SURFACE_CURVE('',#2865,(#2869,#2876),.PCURVE_S1.);
#2865 = LINE('',#2866,#2867);
#2866 = CARTESIAN_POINT('',(0.,0.,100.));
#2867 = VECTOR('',#2868,1.);
#2868 = DIRECTION('',(0.,1.,0.));
#2869 = PCURVE('',#1836,#2870);
#2870 = DEFINITIONAL_REPRESENTATION('',(#2871),#2875);
#2871 = LINE('',#2872,#2873);
#2872 = CARTESIAN_POINT('',(-50.,-6.25));
#2873 = VECTOR('',#2874,1.);
#2874 = DIRECTION('',(0.,-1.));
#2875 = ( GEOMETRIC_REPRESENTATION_CONTEXT(2) 
PARAMETRIC_REPRESENTATION_CONTEXT() REPRESENTATION_CONTEXT('2D SPACE',''
  ) );
#2876 = PCURVE('',#2710,#2877);
#2877 = DEFINITIONAL_REPRESENTATION('',(#2878),#2882);
#2878 = LINE('',#2879,#2880);
#2879 = CARTESIAN_POINT('',(-23.36456204058,-7.13543795942));
#2880 = VECTOR('',#2881,1.);
#2881 = DIRECTION('',(0.,1.));
#2882 = ( GEOMETRIC_REPRESENTATION_CONTEXT(2) 
PARAMETRIC_REPRESENTATION_CONTEXT() REPRESENTATION_CONTEXT('2D SPACE',''
  ) );
#2883 = ORIENTED_EDGE('',*,*,#2884,.F.);
#2884 = EDGE_CURVE('',#2885,#2862,#2887,.T.);
#2885 = VERTEX_POINT('',#2886);
#2886 = CARTESIAN_POINT('',(6.652086289212E-15,2.5,97.5));
#2887 = SURFACE_CURVE('',#2888,(#2892,#2899),.PCURVE_S1.);
#2888 = LINE('',#2889,#2890);
#2889 = CARTESIAN_POINT('',(0.,2.5,0.));
#2890 = VECTOR('',#2891,1.);
#2891 = DIRECTION('',(0.,0.,1.));
#2892 = PCURVE('',#1836,#2893);
#2893 = DEFINITIONAL_REPRESENTATION('',(#2894),#2898);
#2894 = LINE('',#2895,#2896);
#2895 = CARTESIAN_POINT('',(50.,-8.75));
#2896 = VECTOR('',#2897,1.);
#2897 = DIRECTION('',(-1.,0.));
#2898 = ( GEOMETRIC_REPRESENTATION_CONTEXT(2) 
PARAMETRIC_REPRESENTATION_CONTEXT() REPRESENTATION_CONTEXT('2D SPACE',''
  ) );
#2899 = PCURVE('',#2682,#2900);
#2900 = DEFINITIONAL_REPRESENTATION('',(#2901),#2905);
#2901 = LINE('',#2902,#2903);
#2902 = CARTESIAN_POINT('',(39.597979746447,97.5));
#2903 = VECTOR('',#2904,1.);
#2904 = DIRECTION('',(0.,-1.));
#2905 = ( GEOMETRIC_REPRESENTATION_CONTEXT(2) 
PARAMETRIC_REPRESENTATION_CONTEXT() REPRESENTATION_CONTEXT('2D SPACE',''
  ) );
#2906 = ORIENTED_EDGE('',*,*,#2907,.F.);
#2907 = EDGE_CURVE('',#2908,#2885,#2910,.T.);
#2908 = VERTEX_POINT('',#2909);
#2909 = CARTESIAN_POINT('',(3.095079583209E-15,2.5,51.25));
#2910 = SURFACE_CURVE('',#2911,(#2915,#2922),.PCURVE_S1.);
#2911 = LINE('',#2912,#2913);
#2912 = CARTESIAN_POINT('',(0.,2.5,0.));
#2913 = VECTOR('',#2914,1.);
#2914 = DIRECTION('',(0.,0.,1.));
#2915 = PCURVE('',#1836,#2916);
#2916 = DEFINITIONAL_REPRESENTATION('',(#2917),#2921);
#2917 = LINE('',#2918,#2919);
#2918 = CARTESIAN_POINT('',(50.,-8.75));
#2919 = VECTOR('',#2920,1.);
#2920 = DIRECTION('',(-1.,0.));
#2921 = ( GEOMETRIC_REPRESENTATION_CONTEXT(2) 
PARAMETRIC_REPRESENTATION_CONTEXT() REPRESENTATION_CONTEXT('2D SPACE',''
  ) );
#2922 = PCURVE('',#2923,#2928);
#2923 = PLANE('',#2924);
#2924 = AXIS2_PLACEMENT_3D('',#2925,#2926,#2927);
#2925 = CARTESIAN_POINT('',(0.,2.5,0.));
#2926 = DIRECTION('',(0.,1.,0.));
#2927 = DIRECTION('',(1.,0.,0.));
#2928 = DEFINITIONAL_REPRESENTATION('',(#2929),#2933);
#2929 = LINE('',#2930,#2931);
#2930 = CARTESIAN_POINT('',(0.,0.));
#2931 = VECTOR('',#2932,1.);
#2932 = DIRECTION('',(0.,-1.));
#2933 = ( GEOMETRIC_REPRESENTATION_CONTEXT(2) 
PARAMETRIC_REPRESENTATION_CONTEXT() REPRESENTATION_CONTEXT('2D SPACE',''
  ) );
#2934 = ORIENTED_EDGE('',*,*,#2935,.F.);
#2935 = EDGE_CURVE('',#1874,#2908,#2936,.T.);
#2936 = SURFACE_CURVE('',#2937,(#2941,#2948),.PCURVE_S1.);
#2937 = LINE('',#2938,#2939);
#2938 = CARTESIAN_POINT('',(0.,2.5,0.));
#2939 = VECTOR('',#2940,1.);
#2940 = DIRECTION('',(0.,0.,1.));
#2941 = PCURVE('',#1836,#2942);
#2942 = DEFINITIONAL_REPRESENTATION('',(#2943),#2947);
#2943 = LINE('',#2944,#2945);
#2944 = CARTESIAN_POINT('',(50.,-8.75));
#2945 = VECTOR('',#2946,1.);
#2946 = DIRECTION('',(-1.,0.));
#2947 = ( GEOMETRIC_REPRESENTATION_CONTEXT(2) 
PARAMETRIC_REPRESENTATION_CONTEXT() REPRESENTATION_CONTEXT('2D SPACE',''
  ) );
#2948 = PCURVE('',#2626,#2949);
#2949 = DEFINITIONAL_REPRESENTATION('',(#2950),#2954);
#2950 = LINE('',#2951,#2952);
#2951 = CARTESIAN_POINT('',(39.597979746447,48.75));
#2952 = VECTOR('',#2953,1.);
#2953 = DIRECTION('',(0.,-1.));
#2954 = ( GEOMETRIC_REPRESENTATION_CONTEXT(2) 
PARAMETRIC_REPRESENTATION_CONTEXT() REPRESENTATION_CONTEXT('2D SPACE',''
  ) );
#2955 = ORIENTED_EDGE('',*,*,#1873,.F.);
#2956 = ADVANCED_FACE('',(#2957,#2981),#1910,.F.);
#2957 = FACE_BOUND('',#2958,.F.);
#2958 = EDGE_LOOP('',(#2959,#2960,#2980));
#2959 = ORIENTED_EDGE('',*,*,#1949,.T.);
#2960 = ORIENTED_EDGE('',*,*,#2961,.T.);
#2961 = EDGE_CURVE('',#1926,#1874,#2962,.T.);
#2962 = SURFACE_CURVE('',#2963,(#2967,#2973),.PCURVE_S1.);
#2963 = LINE('',#2964,#2965);
#2964 = CARTESIAN_POINT('',(28.,30.5,48.75));
#2965 = VECTOR('',#2966,1.);
#2966 = DIRECTION('',(-0.707106781187,-0.707106781187,0.));
#2967 = PCURVE('',#1910,#2968);
#2968 = DEFINITIONAL_REPRESENTATION('',(#2969),#2972);
#2969 = B_SPLINE_CURVE_WITH_KNOTS('',1,(#2970,#2971),.UNSPECIFIED.,.F.,
  .F.,(2,2),(0.,39.597979746447),.PIECEWISE_BEZIER_KNOTS.);
#2970 = CARTESIAN_POINT('',(36.31481274907,0.));
#2971 = CARTESIAN_POINT('',(36.31481274907,1.));
#2972 = ( GEOMETRIC_REPRESENTATION_CONTEXT(2) 
PARAMETRIC_REPRESENTATION_CONTEXT() REPRESENTATION_CONTEXT('2D SPACE',''
  ) );
#2973 = PCURVE('',#2626,#2974);
#2974 = DEFINITIONAL_REPRESENTATION('',(#2975),#2979);
#2975 = LINE('',#2976,#2977);
#2976 = CARTESIAN_POINT('',(0.,0.));
#2977 = VECTOR('',#2978,1.);
#2978 = DIRECTION('',(1.,-0.));
#2979 = ( GEOMETRIC_REPRESENTATION_CONTEXT(2) 
PARAMETRIC_REPRESENTATION_CONTEXT() REPRESENTATION_CONTEXT('2D SPACE',''
  ) );
#2980 = ORIENTED_EDGE('',*,*,#1896,.F.);
#2981 = FACE_BOUND('',#2982,.F.);
#2982 = EDGE_LOOP('',(#2983,#3199));
#2983 = ORIENTED_EDGE('',*,*,#2984,.T.);
#2984 = EDGE_CURVE('',#2985,#2987,#2989,.T.);
#2985 = VERTEX_POINT('',#2986);
#2986 = CARTESIAN_POINT('',(19.2,9.5,38.674107142857));
#2987 = VERTEX_POINT('',#2988);
#2988 = CARTESIAN_POINT('',(22.753127622301,9.091902536243,
    35.402559638746));
#2989 = SURFACE_CURVE('',#2990,(#3056,#3125),.PCURVE_S1.);
#2990 = B_SPLINE_CURVE_WITH_KNOTS('',8,(#2991,#2992,#2993,#2994,#2995,
    #2996,#2997,#2998,#2999,#3000,#3001,#3002,#3003,#3004,#3005,#3006,
    #3007,#3008,#3009,#3010,#3011,#3012,#3013,#3014,#3015,#3016,#3017,
    #3018,#3019,#3020,#3021,#3022,#3023,#3024,#3025,#3026,#3027,#3028,
    #3029,#3030,#3031,#3032,#3033,#3034,#3035,#3036,#3037,#3038,#3039,
    #3040,#3041,#3042,#3043,#3044,#3045,#3046,#3047,#3048,#3049,#3050,
    #3051,#3052,#3053,#3054,#3055),.UNSPECIFIED.,.F.,.F.,(9,7,7,7,7,7,7,
    7,7,9),(0.,0.108113530221,0.177275690858,0.238352648888,
    0.331794900315,0.488271796379,0.643783143267,0.776278078363,
    0.913019309479,1.),.UNSPECIFIED.);
#2991 = CARTESIAN_POINT('',(19.19999999999,9.49999999999,38.674107142857
    ));
#2992 = CARTESIAN_POINT('',(19.199999999989,9.578733688328,
    38.739132733673));
#2993 = CARTESIAN_POINT('',(19.203936642092,9.659955639641,
    38.802962118512));
#2994 = CARTESIAN_POINT('',(19.212239427122,9.744150011661,
    38.865640438123));
#2995 = CARTESIAN_POINT('',(19.225568107682,9.831710475941,
    38.926947938073));
#2996 = CARTESIAN_POINT('',(19.244718085734,9.922899285488,
    38.986444294437));
#2997 = CARTESIAN_POINT('',(19.270858254696,10.017943279413,
    39.043351471307));
#2998 = CARTESIAN_POINT('',(19.305264977115,10.116909298781,
    39.096670533519));
#2999 = CARTESIAN_POINT('',(19.379212095282,10.286285883932,
    39.175485048662));
#3000 = CARTESIAN_POINT('',(19.412465654979,10.354202339434,
    39.204112886715));
#3001 = CARTESIAN_POINT('',(19.450671950441,10.423839995808,
    39.230071823182));
#3002 = CARTESIAN_POINT('',(19.494358361444,10.494756943169,
    39.252561328656));
#3003 = CARTESIAN_POINT('',(19.543904631668,10.566195445188,
    39.270641966523));
#3004 = CARTESIAN_POINT('',(19.599437651933,10.637072135901,
    39.283314194348));
#3005 = CARTESIAN_POINT('',(19.660558183823,10.705987272621,
    39.289751702802));
#3006 = CARTESIAN_POINT('',(19.783246364787,10.828964622084,39.289990525
    ));
#3007 = CARTESIAN_POINT('',(19.843729854131,10.883624646026,
    39.285180966521));
#3008 = CARTESIAN_POINT('',(19.905995068817,10.934117978625,
    39.275458653189));
#3009 = CARTESIAN_POINT('',(19.969007386073,10.980014310838,
    39.261322683399));
#3010 = CARTESIAN_POINT('',(20.031920701577,11.02127762593,
    39.243442102702));
#3011 = CARTESIAN_POINT('',(20.094098599405,11.058092942208,
    39.222495327762));
#3012 = CARTESIAN_POINT('',(20.155118880555,11.090777177779,
    39.199092790118));
#3013 = CARTESIAN_POINT('',(20.306058384733,11.16395154308,
    39.134867117385));
#3014 = CARTESIAN_POINT('',(20.394260009508,11.199451032197,
    39.091340799989));
#3015 = CARTESIAN_POINT('',(20.47945492477,11.227879369064,
    39.044457688369));
#3016 = CARTESIAN_POINT('',(20.561609833381,11.250267640957,
    38.995096850006));
#3017 = CARTESIAN_POINT('',(20.640820484085,11.267530360333,
    38.943934496009));
#3018 = CARTESIAN_POINT('',(20.717262459833,11.280353691044,
    38.89139231149));
#3019 = CARTESIAN_POINT('',(20.79122835827,11.289304681814,
    38.837696963641));
#3020 = CARTESIAN_POINT('',(20.983478408491,11.303967900757,
    38.691029268166));
#3021 = CARTESIAN_POINT('',(21.09731739414,11.303371552999,
    38.596517943701));
#3022 = CARTESIAN_POINT('',(21.205670730906,11.295024431608,
    38.500135868884));
#3023 = CARTESIAN_POINT('',(21.308996709006,11.279990044859,
    38.402382888986));
#3024 = CARTESIAN_POINT('',(21.407713859148,11.259148089814,
    38.303639878005));
#3025 = CARTESIAN_POINT('',(21.50212528409,11.233083665843,
    38.20413973493));
#3026 = CARTESIAN_POINT('',(21.592528648123,11.202253335911,
    38.104013693039));
#3027 = CARTESIAN_POINT('',(21.765313156654,11.131853136087,
    37.903169179442));
#3028 = CARTESIAN_POINT('',(21.847651322975,11.092375664613,
    37.802562514299));
#3029 = CARTESIAN_POINT('',(21.926395892902,11.048844070391,
    37.70157550373));
#3030 = CARTESIAN_POINT('',(22.001666209706,11.001495567513,
    37.600305496403));
#3031 = CARTESIAN_POINT('',(22.073532744388,10.950501839044,
    37.49883608264));
#3032 = CARTESIAN_POINT('',(22.1420314538,10.895986414473,
    37.397239588056));
#3033 = CARTESIAN_POINT('',(22.207167589849,10.838029982735,
    37.295578315553));
#3034 = CARTESIAN_POINT('',(22.321512316159,10.724379806543,
    37.107278954112));
#3035 = CARTESIAN_POINT('',(22.371645337725,10.669627004229,
    37.020654501354));
#3036 = CARTESIAN_POINT('',(22.419288412007,10.612427908234,
    36.934066101795));
#3037 = CARTESIAN_POINT('',(22.464397652324,10.552785751214,
    36.847552670958));
#3038 = CARTESIAN_POINT('',(22.506906854952,10.490686479619,
    36.761157279301));
#3039 = CARTESIAN_POINT('',(22.54672552615,10.4260973828,36.674927649465
    ));
#3040 = CARTESIAN_POINT('',(22.583732979052,10.358962195754,
    36.588916987008));
#3041 = CARTESIAN_POINT('',(22.652894817438,10.217187129859,
    36.414705704455));
#3042 = CARTESIAN_POINT('',(22.68484489122,10.142398139502,
    36.326550673804));
#3043 = CARTESIAN_POINT('',(22.713452549619,10.064712148397,
    36.238763507919));
#3044 = CARTESIAN_POINT('',(22.738495297336,9.983999222257,
    36.151420652279));
#3045 = CARTESIAN_POINT('',(22.759673639039,9.900098791137,
    36.064636844367));
#3046 = CARTESIAN_POINT('',(22.776608757346,9.812818209914,
    35.978565842522));
#3047 = CARTESIAN_POINT('',(22.788804294251,9.72190398661,
    35.893408228064));
#3048 = CARTESIAN_POINT('',(22.799788542965,9.566542735639,
    35.756024668057));
#3049 = CARTESIAN_POINT('',(22.801838238082,9.50454416114,
    35.703127659669));
#3050 = CARTESIAN_POINT('',(22.801481288763,9.440821527334,
    35.650794393463));
#3051 = CARTESIAN_POINT('',(22.798487703568,9.375254013181,
    35.599115032493));
#3052 = CARTESIAN_POINT('',(22.792565883497,9.307719002829,
    35.548229138734));
#3053 = CARTESIAN_POINT('',(22.783361747572,9.238091809392,
    35.498326167128));
#3054 = CARTESIAN_POINT('',(22.770429308079,9.166228073505,
    35.449655230375));
#3055 = CARTESIAN_POINT('',(22.753127622301,9.091902536243,
    35.402559638746));
#3056 = PCURVE('',#1910,#3057);
#3057 = DEFINITIONAL_REPRESENTATION('',(#3058),#3124);
#3058 = B_SPLINE_CURVE_WITH_KNOTS('',8,(#3059,#3060,#3061,#3062,#3063,
    #3064,#3065,#3066,#3067,#3068,#3069,#3070,#3071,#3072,#3073,#3074,
    #3075,#3076,#3077,#3078,#3079,#3080,#3081,#3082,#3083,#3084,#3085,
    #3086,#3087,#3088,#3089,#3090,#3091,#3092,#3093,#3094,#3095,#3096,
    #3097,#3098,#3099,#3100,#3101,#3102,#3103,#3104,#3105,#3106,#3107,
    #3108,#3109,#3110,#3111,#3112,#3113,#3114,#3115,#3116,#3117,#3118,
    #3119,#3120,#3121,#3122,#3123),.UNSPECIFIED.,.F.,.F.,(9,7,7,7,7,7,7,
    7,7,9),(0.,0.108113530221,0.177275690858,0.238352648888,
    0.331794900315,0.488271796379,0.643783143267,0.776278078363,
    0.913019309479,1.),.UNSPECIFIED.);
#3059 = CARTESIAN_POINT('',(20.491930051261,0.556962025318));
#3060 = CARTESIAN_POINT('',(20.594044306585,0.55418660288));
#3061 = CARTESIAN_POINT('',(20.694280075594,0.551244693929));
#3062 = CARTESIAN_POINT('',(20.792708245976,0.548109493092));
#3063 = CARTESIAN_POINT('',(20.888983721902,0.544751658138));
#3064 = CARTESIAN_POINT('',(20.982415031768,0.54114295287));
#3065 = CARTESIAN_POINT('',(21.071780371101,0.537245351006));
#3066 = CARTESIAN_POINT('',(21.155511041812,0.533022005023));
#3067 = CARTESIAN_POINT('',(21.279279014107,0.525424439473));
#3068 = CARTESIAN_POINT('',(21.324235320196,0.522289594735));
#3069 = CARTESIAN_POINT('',(21.365000462552,0.518971645849));
#3070 = CARTESIAN_POINT('',(21.400317313583,0.515468345759));
#3071 = CARTESIAN_POINT('',(21.428710609951,0.511790279966));
#3072 = CARTESIAN_POINT('',(21.448610699922,0.507962675133));
#3073 = CARTESIAN_POINT('',(21.458719971883,0.504032936591));
#3074 = CARTESIAN_POINT('',(21.459095011165,0.496609034151));
#3075 = CARTESIAN_POINT('',(21.451542223464,0.493129548316));
#3076 = CARTESIAN_POINT('',(21.436274591545,0.489717208113));
#3077 = CARTESIAN_POINT('',(21.414075884694,0.486411310253));
#3078 = CARTESIAN_POINT('',(21.385996752158,0.483235410652));
#3079 = CARTESIAN_POINT('',(21.353102559309,0.480201897649));
#3080 = CARTESIAN_POINT('',(21.316351909693,0.477313742781));
#3081 = CARTESIAN_POINT('',(21.215493821953,0.470362486418));
#3082 = CARTESIAN_POINT('',(21.14714138667,0.466482989357));
#3083 = CARTESIAN_POINT('',(21.073517541502,0.462874713541));
#3084 = CARTESIAN_POINT('',(20.996002747885,0.459509690401));
#3085 = CARTESIAN_POINT('',(20.915658907664,0.456360175844));
#3086 = CARTESIAN_POINT('',(20.833148222593,0.453402783736));
#3087 = CARTESIAN_POINT('',(20.748826644101,0.45061338035));
#3088 = CARTESIAN_POINT('',(20.518504053937,0.44353962908));
#3089 = CARTESIAN_POINT('',(20.370086278776,0.439541234417));
#3090 = CARTESIAN_POINT('',(20.218730732857,0.435888606119));
#3091 = CARTESIAN_POINT('',(20.065222358345,0.432543335436));
#3092 = CARTESIAN_POINT('',(19.910159268437,0.429473395397));
#3093 = CARTESIAN_POINT('',(19.753907200794,0.426658492787));
#3094 = CARTESIAN_POINT('',(19.59667224025,0.424081716474));
#3095 = CARTESIAN_POINT('',(19.281271984988,0.419396171183));
#3096 = CARTESIAN_POINT('',(19.123282267972,0.417287003806));
#3097 = CARTESIAN_POINT('',(18.964695267804,0.415394324314));
#3098 = CARTESIAN_POINT('',(18.805663857936,0.413713561008));
#3099 = CARTESIAN_POINT('',(18.646319306129,0.412243882936));
#3100 = CARTESIAN_POINT('',(18.486775190376,0.410987377728));
#3101 = CARTESIAN_POINT('',(18.327129349305,0.409948961718));
#3102 = CARTESIAN_POINT('',(18.031429628158,0.40844525386));
#3103 = CARTESIAN_POINT('',(17.895397161936,0.40791796227));
#3104 = CARTESIAN_POINT('',(17.759421312585,0.40756023171));
#3105 = CARTESIAN_POINT('',(17.623563191889,0.40737901495));
#3106 = CARTESIAN_POINT('',(17.487890436411,0.407383076576));
#3107 = CARTESIAN_POINT('',(17.352477988372,0.407583252748));
#3108 = CARTESIAN_POINT('',(17.217409400196,0.407993027553));
#3109 = CARTESIAN_POINT('',(16.943833179453,0.409286220111));
#3110 = CARTESIAN_POINT('',(16.805397139195,0.410184183063));
#3111 = CARTESIAN_POINT('',(16.667538782832,0.411342080119));
#3112 = CARTESIAN_POINT('',(16.530378158073,0.412782541582));
#3113 = CARTESIAN_POINT('',(16.394095445253,0.41453383758));
#3114 = CARTESIAN_POINT('',(16.258932101897,0.416630199942));
#3115 = CARTESIAN_POINT('',(16.125203114948,0.419114894215));
#3116 = CARTESIAN_POINT('',(15.909460055209,0.423917412818));
#3117 = CARTESIAN_POINT('',(15.82639216528,0.425965667315));
#3118 = CARTESIAN_POINT('',(15.74420955932,0.428211528738));
#3119 = CARTESIAN_POINT('',(15.66305382671,0.430673720346));
#3120 = CARTESIAN_POINT('',(15.583144131427,0.433374323143));
#3121 = CARTESIAN_POINT('',(15.504777987881,0.436338760319));
#3122 = CARTESIAN_POINT('',(15.428346595253,0.439597687157));
#3123 = CARTESIAN_POINT('',(15.354389077792,0.443193862189));
#3124 = ( GEOMETRIC_REPRESENTATION_CONTEXT(2) 
PARAMETRIC_REPRESENTATION_CONTEXT() REPRESENTATION_CONTEXT('2D SPACE',''
  ) );
#3125 = PCURVE('',#3126,#3131);
#3126 = CYLINDRICAL_SURFACE('',#3127,1.8);
#3127 = AXIS2_PLACEMENT_3D('',#3128,#3129,#3130);
#3128 = CARTESIAN_POINT('',(21.,9.5,0.));
#3129 = DIRECTION('',(0.,0.,1.));
#3130 = DIRECTION('',(-1.,0.,0.));
#3131 = DEFINITIONAL_REPRESENTATION('',(#3132),#3198);
#3132 = B_SPLINE_CURVE_WITH_KNOTS('',8,(#3133,#3134,#3135,#3136,#3137,
    #3138,#3139,#3140,#3141,#3142,#3143,#3144,#3145,#3146,#3147,#3148,
    #3149,#3150,#3151,#3152,#3153,#3154,#3155,#3156,#3157,#3158,#3159,
    #3160,#3161,#3162,#3163,#3164,#3165,#3166,#3167,#3168,#3169,#3170,
    #3171,#3172,#3173,#3174,#3175,#3176,#3177,#3178,#3179,#3180,#3181,
    #3182,#3183,#3184,#3185,#3186,#3187,#3188,#3189,#3190,#3191,#3192,
    #3193,#3194,#3195,#3196,#3197),.UNSPECIFIED.,.F.,.F.,(9,7,7,7,7,7,7,
    7,7,9),(0.,0.108113530221,0.177275690858,0.238352648888,
    0.331794900315,0.488271796379,0.643783143267,0.776278078363,
    0.913019309479,1.),.UNSPECIFIED.);
#3133 = CARTESIAN_POINT('',(0.,38.674107142857));
#3134 = CARTESIAN_POINT('',(-4.374093796585E-02,38.739132733673));
#3135 = CARTESIAN_POINT('',(-8.886451252229E-02,38.802962118512));
#3136 = CARTESIAN_POINT('',(-0.135765212805,38.865640438123));
#3137 = CARTESIAN_POINT('',(-0.184830329418,38.926947938073));
#3138 = CARTESIAN_POINT('',(-0.236412330509,38.986444294437));
#3139 = CARTESIAN_POINT('',(-0.29098732708,39.043351471307));
#3140 = CARTESIAN_POINT('',(-0.349023902562,39.096670533519));
#3141 = CARTESIAN_POINT('',(-0.451698932107,39.175485048662));
#3142 = CARTESIAN_POINT('',(-0.493670492013,39.204112886715));
#3143 = CARTESIAN_POINT('',(-0.5377158314,39.230071823182));
#3144 = CARTESIAN_POINT('',(-0.583868941341,39.252561328656));
#3145 = CARTESIAN_POINT('',(-0.632014557907,39.270641966523));
#3146 = CARTESIAN_POINT('',(-0.681886034303,39.283314194348));
#3147 = CARTESIAN_POINT('',(-0.732972231662,39.289751702802));
#3148 = CARTESIAN_POINT('',(-0.829478833223,39.289990525));
#3149 = CARTESIAN_POINT('',(-0.874708689903,39.285180966521));
#3150 = CARTESIAN_POINT('',(-0.919140481521,39.275458653189));
#3151 = CARTESIAN_POINT('',(-0.962338472325,39.261322683399));
#3152 = CARTESIAN_POINT('',(-1.004046318697,39.243442102702));
#3153 = CARTESIAN_POINT('',(-1.044127550495,39.222495327762));
#3154 = CARTESIAN_POINT('',(-1.082553228127,39.199092790118));
#3155 = CARTESIAN_POINT('',(-1.175742968294,39.134867117385));
#3156 = CARTESIAN_POINT('',(-1.228439064057,39.091340799989));
#3157 = CARTESIAN_POINT('',(-1.278190565885,39.044457688369));
#3158 = CARTESIAN_POINT('',(-1.325357430715,38.995096850006));
#3159 = CARTESIAN_POINT('',(-1.370287293328,38.943934496009));
#3160 = CARTESIAN_POINT('',(-1.413271142449,38.89139231149));
#3161 = CARTESIAN_POINT('',(-1.454622595337,38.837696963641));
#3162 = CARTESIAN_POINT('',(-1.561738391397,38.691029268166));
#3163 = CARTESIAN_POINT('',(-1.624774076162,38.596517943701));
#3164 = CARTESIAN_POINT('',(-1.684902003395,38.500135868884));
#3165 = CARTESIAN_POINT('',(-1.742654616301,38.402382888986));
#3166 = CARTESIAN_POINT('',(-1.798492356573,38.303639878005));
#3167 = CARTESIAN_POINT('',(-1.852742660501,38.20413973493));
#3168 = CARTESIAN_POINT('',(-1.905717249451,38.104013693039));
#3169 = CARTESIAN_POINT('',(-2.009370688114,37.903169179442));
#3170 = CARTESIAN_POINT('',(-2.060008495516,37.802562514299));
#3171 = CARTESIAN_POINT('',(-2.109856600264,37.70157550373));
#3172 = CARTESIAN_POINT('',(-2.159103707777,37.600305496403));
#3173 = CARTESIAN_POINT('',(-2.207909952584,37.49883608264));
#3174 = CARTESIAN_POINT('',(-2.256422706702,37.397239588056));
#3175 = CARTESIAN_POINT('',(-2.304786658074,37.295578315553));
#3176 = CARTESIAN_POINT('',(-2.394351930126,37.107278954112));
#3177 = CARTESIAN_POINT('',(-2.435549323998,37.020654501354));
#3178 = CARTESIAN_POINT('',(-2.476830011775,36.934066101795));
#3179 = CARTESIAN_POINT('',(-2.518282398939,36.847552670958));
#3180 = CARTESIAN_POINT('',(-2.559996320677,36.761157279301));
#3181 = CARTESIAN_POINT('',(-2.602067391857,36.674927649465));
#3182 = CARTESIAN_POINT('',(-2.644603011663,36.588916987008));
#3183 = CARTESIAN_POINT('',(-2.73223920056,36.414705704455));
#3184 = CARTESIAN_POINT('',(-2.777364398181,36.326550673804));
#3185 = CARTESIAN_POINT('',(-2.823256929375,36.238763507919));
#3186 = CARTESIAN_POINT('',(-2.870075622808,36.151420652279));
#3187 = CARTESIAN_POINT('',(-2.918005351631,36.064636844367));
#3188 = CARTESIAN_POINT('',(-2.96726231565,35.978565842522));
#3189 = CARTESIAN_POINT('',(-3.018122378912,35.893408228064));
#3190 = CARTESIAN_POINT('',(-3.104649638627,35.756024668057));
#3191 = CARTESIAN_POINT('',(-3.139087765689,35.703127659669));
#3192 = CARTESIAN_POINT('',(-3.174445373904,35.650794393463));
#3193 = CARTESIAN_POINT('',(-3.210848963498,35.599115032493));
#3194 = CARTESIAN_POINT('',(-3.248442854943,35.548229138734));
#3195 = CARTESIAN_POINT('',(-3.287392557102,35.498326167128));
#3196 = CARTESIAN_POINT('',(-3.327906184136,35.449655230375));
#3197 = CARTESIAN_POINT('',(-3.370302149106,35.402559638746));
#3198 = ( GEOMETRIC_REPRESENTATION_CONTEXT(2) 
PARAMETRIC_REPRESENTATION_CONTEXT() REPRESENTATION_CONTEXT('2D SPACE',''
  ) );
#3199 = ORIENTED_EDGE('',*,*,#3200,.T.);
#3200 = EDGE_CURVE('',#2987,#2985,#3201,.T.);
#3201 = SURFACE_CURVE('',#3202,(#3282,#3365),.PCURVE_S1.);
#3202 = B_SPLINE_CURVE_WITH_KNOTS('',8,(#3203,#3204,#3205,#3206,#3207,
    #3208,#3209,#3210,#3211,#3212,#3213,#3214,#3215,#3216,#3217,#3218,
    #3219,#3220,#3221,#3222,#3223,#3224,#3225,#3226,#3227,#3228,#3229,
    #3230,#3231,#3232,#3233,#3234,#3235,#3236,#3237,#3238,#3239,#3240,
    #3241,#3242,#3243,#3244,#3245,#3246,#3247,#3248,#3249,#3250,#3251,
    #3252,#3253,#3254,#3255,#3256,#3257,#3258,#3259,#3260,#3261,#3262,
    #3263,#3264,#3265,#3266,#3267,#3268,#3269,#3270,#3271,#3272,#3273,
    #3274,#3275,#3276,#3277,#3278,#3279,#3280,#3281),.UNSPECIFIED.,.F.,
  .F.,(9,7,7,7,7,7,7,7,7,7,7,9),(0.,7.411940720658E-02,0.128714462653,
    0.170464109838,0.252418080197,0.326953468908,0.428678225785,
    0.66883369989,0.832059273529,0.915150982227,0.957562585694,1.),
  .UNSPECIFIED.);
#3203 = CARTESIAN_POINT('',(22.753127622301,9.091902536243,
    35.402559638746));
#3204 = CARTESIAN_POINT('',(22.740302517408,9.036807742367,
    35.367649404542));
#3205 = CARTESIAN_POINT('',(22.725097979542,8.980453538828,
    35.33366418959));
#3206 = CARTESIAN_POINT('',(22.707251481608,8.922686741443,
    35.300694299417));
#3207 = CARTESIAN_POINT('',(22.686447148322,8.86342104973,
    35.268929338217));
#3208 = CARTESIAN_POINT('',(22.662325477807,8.80264163411,
    35.238653968375));
#3209 = CARTESIAN_POINT('',(22.63448626686,8.740407929332,
    35.210247801595));
#3210 = CARTESIAN_POINT('',(22.602484739856,8.676854634131,
    35.184189421611));
#3211 = CARTESIAN_POINT('',(22.538814926111,8.564560757224,
    35.14403115516));
#3212 = CARTESIAN_POINT('',(22.509267237656,8.516306438847,
    35.128581483126));
#3213 = CARTESIAN_POINT('',(22.477045650266,8.467640478347,
    35.115000192834));
#3214 = CARTESIAN_POINT('',(22.44207028563,8.418857131434,35.1035962789)
  );
#3215 = CARTESIAN_POINT('',(22.404336454335,8.370331910343,
    35.09468374715));
#3216 = CARTESIAN_POINT('',(22.363955922834,8.322514629944,
    35.088541789354));
#3217 = CARTESIAN_POINT('',(22.321216545864,8.275915982784,
    35.085354445671));
#3218 = CARTESIAN_POINT('',(22.242587416131,8.196806748015,
    35.08495793035));
#3219 = CARTESIAN_POINT('',(22.207434480645,8.163543240785,
    35.086518395652));
#3220 = CARTESIAN_POINT('',(22.171442113773,8.131545296401,
    35.089817360653));
#3221 = CARTESIAN_POINT('',(22.13484500792,8.100980537557,
    35.094799432959));
#3222 = CARTESIAN_POINT('',(22.097864916084,8.071952405943,
    35.101366900107));
#3223 = CARTESIAN_POINT('',(22.060705103573,8.044514027936,
    35.109395763424));
#3224 = CARTESIAN_POINT('',(22.023546227333,8.018679574669,
    35.118748523469));
#3225 = CARTESIAN_POINT('',(21.913908089864,7.946837660025,
    35.149964153928));
#3226 = CARTESIAN_POINT('',(21.841998998321,7.905442795797,
    35.175165636308));
#3227 = CARTESIAN_POINT('',(21.77139329679,7.869701652212,
    35.203960025683));
#3228 = CARTESIAN_POINT('',(21.70246512775,7.839014531524,
    35.235543034366));
#3229 = CARTESIAN_POINT('',(21.6354115519,7.812796931763,35.269269175334
    ));
#3230 = CARTESIAN_POINT('',(21.570267052194,7.790509627879,
    35.304664627239));
#3231 = CARTESIAN_POINT('',(21.506913047516,7.771674120283,
    35.341432135991));
#3232 = CARTESIAN_POINT('',(21.3888606325,7.741547585371,35.414049492327
    ));
#3233 = CARTESIAN_POINT('',(21.33402660339,7.729760513999,
    35.449601667244));
#3234 = CARTESIAN_POINT('',(21.280502259866,7.72025113039,
    35.485953308245));
#3235 = CARTESIAN_POINT('',(21.228222273202,7.712796194664,
    35.522973997636));
#3236 = CARTESIAN_POINT('',(21.177128821906,7.707213155723,
    35.560560722126));
#3237 = CARTESIAN_POINT('',(21.127164263758,7.703347033373,
    35.598633090976));
#3238 = CARTESIAN_POINT('',(21.078267922602,7.701064668443,
    35.637131240985));
#3239 = CARTESIAN_POINT('',(20.9650161784,7.699153147839,35.729086336367
    ));
#3240 = CARTESIAN_POINT('',(20.901557290723,7.700795336487,
    35.782852850296));
#3241 = CARTESIAN_POINT('',(20.839860950217,7.704898881309,
    35.837196505589));
#3242 = CARTESIAN_POINT('',(20.779822652967,7.71124475399,
    35.892022717363));
#3243 = CARTESIAN_POINT('',(20.721357833575,7.719657474137,
    35.947256399571));
#3244 = CARTESIAN_POINT('',(20.66439211969,7.729991114959,
    36.002838455914));
#3245 = CARTESIAN_POINT('',(20.608856775231,7.742122763916,
    36.05872414244));
#3246 = CARTESIAN_POINT('',(20.426808879884,7.788605393226,
    36.247465870394));
#3247 = CARTESIAN_POINT('',(20.306631423206,7.830705130806,
    36.381489446009));
#3248 = CARTESIAN_POINT('',(20.193331817711,7.880913859569,
    36.516529811355));
#3249 = CARTESIAN_POINT('',(20.086524645056,7.938472587137,
    36.65227843431));
#3250 = CARTESIAN_POINT('',(19.985944909347,8.002815734693,
    36.788487065576));
#3251 = CARTESIAN_POINT('',(19.891463039013,8.073587763141,
    36.924969080195));
#3252 = CARTESIAN_POINT('',(19.80303042344,8.150572490221,37.06158608194
    ));
#3253 = CARTESIAN_POINT('',(19.664772397734,8.290251410272,
    37.291132220177));
#3254 = CARTESIAN_POINT('',(19.611672693971,8.349605063546,
    37.384006644515));
#3255 = CARTESIAN_POINT('',(19.56144470009,8.411767801829,
    37.476829347419));
#3256 = CARTESIAN_POINT('',(19.514147800293,8.476740945985,
    37.56955237479));
#3257 = CARTESIAN_POINT('',(19.469871281463,8.544548054919,
    37.662121442363));
#3258 = CARTESIAN_POINT('',(19.428737552813,8.615237227775,
    37.754475177982));
#3259 = CARTESIAN_POINT('',(19.390911883221,8.688889173397,
    37.846543744118));
#3260 = CARTESIAN_POINT('',(19.339161325504,8.804697311448,
    37.984929274106));
#3261 = CARTESIAN_POINT('',(19.322620045658,8.844562672918,
    38.031515116264));
#3262 = CARTESIAN_POINT('',(19.307024823392,8.885243933203,
    38.077993461228));
#3263 = CARTESIAN_POINT('',(19.292409681274,8.926759604784,
    38.124351499328));
#3264 = CARTESIAN_POINT('',(19.278813769189,8.969130763939,38.1705743037
    ));
#3265 = CARTESIAN_POINT('',(19.266282475775,9.012381903778,
    38.216644616877));
#3266 = CARTESIAN_POINT('',(19.254868539847,9.056541787278,
    38.262542637387));
#3267 = CARTESIAN_POINT('',(19.239408828377,9.124665488945,
    38.331573581273));
#3268 = CARTESIAN_POINT('',(19.234491711976,9.147932136566,
    38.354850350666));
#3269 = CARTESIAN_POINT('',(19.229889839215,9.171448617027,
    38.378073097746));
#3270 = CARTESIAN_POINT('',(19.225612051122,9.195219669812,
    38.401238435079));
#3271 = CARTESIAN_POINT('',(19.221668003166,9.219250400053,
    38.424342604572));
#3272 = CARTESIAN_POINT('',(19.218068165255,9.243546278528,
    38.447381477481));
#3273 = CARTESIAN_POINT('',(19.214823821738,9.268113141661,
    38.470350554401));
#3274 = CARTESIAN_POINT('',(19.20906857034,9.317816360966,
    38.516153309222));
#3275 = CARTESIAN_POINT('',(19.206558427384,9.342950257314,
    38.538984323826));
#3276 = CARTESIAN_POINT('',(19.204428569715,9.368368875654,
    38.561736413387));
#3277 = CARTESIAN_POINT('',(19.202692338626,9.394081030711,
    38.584405839445));
#3278 = CARTESIAN_POINT('',(19.201364489528,9.420094356852,
    38.606986720781));
#3279 = CARTESIAN_POINT('',(19.200461191944,9.446415308079,
    38.629471033414));
#3280 = CARTESIAN_POINT('',(19.200000029516,9.473049158034,
    38.651848610606));
#3281 = CARTESIAN_POINT('',(19.2,9.5,38.674107142857));
#3282 = PCURVE('',#1910,#3283);
#3283 = DEFINITIONAL_REPRESENTATION('',(#3284),#3364);
#3284 = B_SPLINE_CURVE_WITH_KNOTS('',8,(#3285,#3286,#3287,#3288,#3289,
    #3290,#3291,#3292,#3293,#3294,#3295,#3296,#3297,#3298,#3299,#3300,
    #3301,#3302,#3303,#3304,#3305,#3306,#3307,#3308,#3309,#3310,#3311,
    #3312,#3313,#3314,#3315,#3316,#3317,#3318,#3319,#3320,#3321,#3322,
    #3323,#3324,#3325,#3326,#3327,#3328,#3329,#3330,#3331,#3332,#3333,
    #3334,#3335,#3336,#3337,#3338,#3339,#3340,#3341,#3342,#3343,#3344,
    #3345,#3346,#3347,#3348,#3349,#3350,#3351,#3352,#3353,#3354,#3355,
    #3356,#3357,#3358,#3359,#3360,#3361,#3362,#3363),.UNSPECIFIED.,.F.,
  .F.,(9,7,7,7,7,7,7,7,7,7,7,9),(0.,7.411940720658E-02,0.128714462653,
    0.170464109838,0.252418080197,0.326953468908,0.428678225785,
    0.66883369989,0.832059273529,0.915150982227,0.957562585694,1.),
  .UNSPECIFIED.);
#3285 = CARTESIAN_POINT('',(15.354389077792,0.443193862189));
#3286 = CARTESIAN_POINT('',(15.299567083493,0.445859574802));
#3287 = CARTESIAN_POINT('',(15.246197711937,0.448706097631));
#3288 = CARTESIAN_POINT('',(15.194422776241,0.451753095986));
#3289 = CARTESIAN_POINT('',(15.144540025194,0.455020313786));
#3290 = CARTESIAN_POINT('',(15.096996484147,0.458526631273));
#3291 = CARTESIAN_POINT('',(15.052388284037,0.462289243125));
#3292 = CARTESIAN_POINT('',(15.011466978539,0.466322956991));
#3293 = CARTESIAN_POINT('',(14.948403630366,0.473819185132));
#3294 = CARTESIAN_POINT('',(14.924141924552,0.477153723769));
#3295 = CARTESIAN_POINT('',(14.902814269899,0.48063955718));
#3296 = CARTESIAN_POINT('',(14.884905902369,0.484266517316));
#3297 = CARTESIAN_POINT('',(14.87090992738,0.4880162675));
#3298 = CARTESIAN_POINT('',(14.86126477939,0.491860649918));
#3299 = CARTESIAN_POINT('',(14.856259469594,0.495760052362));
#3300 = CARTESIAN_POINT('',(14.855636793718,0.502645513963));
#3301 = CARTESIAN_POINT('',(14.858087302053,0.505632157501));
#3302 = CARTESIAN_POINT('',(14.863267898649,0.508598196984));
#3303 = CARTESIAN_POINT('',(14.871091596937,0.511523869316));
#3304 = CARTESIAN_POINT('',(14.881404952168,0.514393063666));
#3305 = CARTESIAN_POINT('',(14.894013240511,0.517193125586));
#3306 = CARTESIAN_POINT('',(14.908700536931,0.519914577719));
#3307 = CARTESIAN_POINT('',(14.957720635307,0.527725540174));
#3308 = CARTESIAN_POINT('',(14.997296294276,0.532562892379));
#3309 = CARTESIAN_POINT('',(15.042514147612,0.537056782698));
#3310 = CARTESIAN_POINT('',(15.092111165833,0.541217178967));
#3311 = CARTESIAN_POINT('',(15.145073695302,0.545063807293));
#3312 = CARTESIAN_POINT('',(15.200657661059,0.548622322668));
#3313 = CARTESIAN_POINT('',(15.25839626411,0.55192182091));
#3314 = CARTESIAN_POINT('',(15.372432402389,0.55778545018));
#3315 = CARTESIAN_POINT('',(15.428262481304,0.560382727375));
#3316 = CARTESIAN_POINT('',(15.485348017999,0.562802664466));
#3317 = CARTESIAN_POINT('',(15.543484208402,0.565059983299));
#3318 = CARTESIAN_POINT('',(15.602509283503,0.56716720833));
#3319 = CARTESIAN_POINT('',(15.662297000075,0.569135485921));
#3320 = CARTESIAN_POINT('',(15.722753350723,0.570974931317));
#3321 = CARTESIAN_POINT('',(15.867156899702,0.575041348799));
#3322 = CARTESIAN_POINT('',(15.951590235292,0.577163898835));
#3323 = CARTESIAN_POINT('',(16.036929896527,0.579084495616));
#3324 = CARTESIAN_POINT('',(16.123027350118,0.5808208055));
#3325 = CARTESIAN_POINT('',(16.20976468317,0.58238740792));
#3326 = CARTESIAN_POINT('',(16.29704909261,0.583796840018));
#3327 = CARTESIAN_POINT('',(16.384810313866,0.585060096942));
#3328 = CARTESIAN_POINT('',(16.681204714238,0.588846048204));
#3329 = CARTESIAN_POINT('',(16.891671354341,0.590741680805));
#3330 = CARTESIAN_POINT('',(17.103734730824,0.591999294622));
#3331 = CARTESIAN_POINT('',(17.316910334,0.592695385376));
#3332 = CARTESIAN_POINT('',(17.530808320566,0.592889630989));
#3333 = CARTESIAN_POINT('',(17.745135620219,0.592624305141));
#3334 = CARTESIAN_POINT('',(17.959674899644,0.591930832793));
#3335 = CARTESIAN_POINT('',(18.320147333259,0.590078630543));
#3336 = CARTESIAN_POINT('',(18.465994569109,0.589140345206));
#3337 = CARTESIAN_POINT('',(18.611760583154,0.588019568283));
#3338 = CARTESIAN_POINT('',(18.757370069706,0.586720242694));
#3339 = CARTESIAN_POINT('',(18.902737782367,0.585244297468));
#3340 = CARTESIAN_POINT('',(19.047767344125,0.583591601509));
#3341 = CARTESIAN_POINT('',(19.192349084203,0.581759516044));
#3342 = CARTESIAN_POINT('',(19.409665607823,0.578715031127));
#3343 = CARTESIAN_POINT('',(19.482822629865,0.577640020817));
#3344 = CARTESIAN_POINT('',(19.555810841508,0.576516212844));
#3345 = CARTESIAN_POINT('',(19.628610126828,0.575342632104));
#3346 = CARTESIAN_POINT('',(19.70119704512,0.574118072881));
#3347 = CARTESIAN_POINT('',(19.773544495772,0.572841041338));
#3348 = CARTESIAN_POINT('',(19.84562138314,0.571509698019));
#3349 = CARTESIAN_POINT('',(19.954025525889,0.569413390722));
#3350 = CARTESIAN_POINT('',(19.990578672784,0.568690247233));
#3351 = CARTESIAN_POINT('',(20.027046984643,0.567952079351));
#3352 = CARTESIAN_POINT('',(20.063425141939,0.567198562353));
#3353 = CARTESIAN_POINT('',(20.09970724308,0.566429337316));
#3354 = CARTESIAN_POINT('',(20.135886804404,0.565644011119));
#3355 = CARTESIAN_POINT('',(20.171956760183,0.564842156442));
#3356 = CARTESIAN_POINT('',(20.243884045144,0.563203968756));
#3357 = CARTESIAN_POINT('',(20.279748200701,0.562367876289));
#3358 = CARTESIAN_POINT('',(20.315485475738,0.561514227175));
#3359 = CARTESIAN_POINT('',(20.351082218655,0.560642314293));
#3360 = CARTESIAN_POINT('',(20.386527579806,0.5597515306));
#3361 = CARTESIAN_POINT('',(20.421813511504,0.558841369121));
#3362 = CARTESIAN_POINT('',(20.456934768015,0.557911422956));
#3363 = CARTESIAN_POINT('',(20.491888905561,0.556961385276));
#3364 = ( GEOMETRIC_REPRESENTATION_CONTEXT(2) 
PARAMETRIC_REPRESENTATION_CONTEXT() REPRESENTATION_CONTEXT('2D SPACE',''
  ) );
#3365 = PCURVE('',#3126,#3366);
#3366 = DEFINITIONAL_REPRESENTATION('',(#3367),#3447);
#3367 = B_SPLINE_CURVE_WITH_KNOTS('',8,(#3368,#3369,#3370,#3371,#3372,
    #3373,#3374,#3375,#3376,#3377,#3378,#3379,#3380,#3381,#3382,#3383,
    #3384,#3385,#3386,#3387,#3388,#3389,#3390,#3391,#3392,#3393,#3394,
    #3395,#3396,#3397,#3398,#3399,#3400,#3401,#3402,#3403,#3404,#3405,
    #3406,#3407,#3408,#3409,#3410,#3411,#3412,#3413,#3414,#3415,#3416,
    #3417,#3418,#3419,#3420,#3421,#3422,#3423,#3424,#3425,#3426,#3427,
    #3428,#3429,#3430,#3431,#3432,#3433,#3434,#3435,#3436,#3437,#3438,
    #3439,#3440,#3441,#3442,#3443,#3444,#3445,#3446),.UNSPECIFIED.,.F.,
  .F.,(9,7,7,7,7,7,7,7,7,7,7,9),(0.,7.411940720658E-02,0.128714462653,
    0.170464109838,0.252418080197,0.326953468908,0.428678225785,
    0.66883369989,0.832059273529,0.915150982227,0.957562585694,1.),
  .UNSPECIFIED.);
#3368 = CARTESIAN_POINT('',(-3.370302149106,35.402559638746));
#3369 = CARTESIAN_POINT('',(-3.401728722491,35.367649404542));
#3370 = CARTESIAN_POINT('',(-3.434136546609,35.33366418959));
#3371 = CARTESIAN_POINT('',(-3.467688462091,35.300694299417));
#3372 = CARTESIAN_POINT('',(-3.502531257255,35.268929338217));
#3373 = CARTESIAN_POINT('',(-3.538796897037,35.238653968375));
#3374 = CARTESIAN_POINT('',(-3.57660855403,35.210247801595));
#3375 = CARTESIAN_POINT('',(-3.616091441642,35.184189421611));
#3376 = CARTESIAN_POINT('',(-3.68780710098,35.14403115516));
#3377 = CARTESIAN_POINT('',(-3.719223686306,35.128581483126));
#3378 = CARTESIAN_POINT('',(-3.751615425687,35.115000192834));
#3379 = CARTESIAN_POINT('',(-3.784915379549,35.1035962789));
#3380 = CARTESIAN_POINT('',(-3.819011320728,35.09468374715));
#3381 = CARTESIAN_POINT('',(-3.853733797698,35.088541789354));
#3382 = CARTESIAN_POINT('',(-3.888833388709,35.085354445671));
#3383 = CARTESIAN_POINT('',(-3.950799157505,35.08495793035));
#3384 = CARTESIAN_POINT('',(-3.977673274553,35.086518395652));
#3385 = CARTESIAN_POINT('',(-4.004407036966,35.089817360653));
#3386 = CARTESIAN_POINT('',(-4.030872063715,35.094799432959));
#3387 = CARTESIAN_POINT('',(-4.056966888796,35.101366900107));
#3388 = CARTESIAN_POINT('',(-4.082611704729,35.109395763424));
#3389 = CARTESIAN_POINT('',(-4.107745014504,35.118748523469));
#3390 = CARTESIAN_POINT('',(-4.180566845716,35.149964153928));
#3391 = CARTESIAN_POINT('',(-4.226585896047,35.175165636308));
#3392 = CARTESIAN_POINT('',(-4.270449013624,35.203960025683));
#3393 = CARTESIAN_POINT('',(-4.312269339909,35.235543034366));
#3394 = CARTESIAN_POINT('',(-4.352189902525,35.269269175334));
#3395 = CARTESIAN_POINT('',(-4.390386843791,35.304664627239));
#3396 = CARTESIAN_POINT('',(-4.427078045086,35.341432135991));
#3397 = CARTESIAN_POINT('',(-4.494764643129,35.414049492327));
#3398 = CARTESIAN_POINT('',(-4.525901269921,35.449601667244));
#3399 = CARTESIAN_POINT('',(-4.556070845555,35.485953308245));
#3400 = CARTESIAN_POINT('',(-4.585376116207,35.522973997636));
#3401 = CARTESIAN_POINT('',(-4.613901047075,35.560560722126));
#3402 = CARTESIAN_POINT('',(-4.641719975717,35.598633090976));
#3403 = CARTESIAN_POINT('',(-4.668902210444,35.637131240985));
#3404 = CARTESIAN_POINT('',(-4.73182880759,35.729086336367));
#3405 = CARTESIAN_POINT('',(-4.76706340309,35.782852850296));
#3406 = CARTESIAN_POINT('',(-4.801368566438,35.837196505589));
#3407 = CARTESIAN_POINT('',(-4.834859825176,35.892022717363));
#3408 = CARTESIAN_POINT('',(-4.867630125567,35.947256399571));
#3409 = CARTESIAN_POINT('',(-4.899759679187,36.002838455914));
#3410 = CARTESIAN_POINT('',(-4.931321058748,36.05872414244));
#3411 = CARTESIAN_POINT('',(-5.035703533017,36.247465870394));
#3412 = CARTESIAN_POINT('',(-5.106179719049,36.381489446009));
#3413 = CARTESIAN_POINT('',(-5.174668191006,36.516529811355));
#3414 = CARTESIAN_POINT('',(-5.241680237278,36.65227843431));
#3415 = CARTESIAN_POINT('',(-5.307649559221,36.788487065576));
#3416 = CARTESIAN_POINT('',(-5.372936835206,36.924969080195));
#3417 = CARTESIAN_POINT('',(-5.43789518415,37.06158608194));
#3418 = CARTESIAN_POINT('',(-5.547080554867,37.291132220177));
#3419 = CARTESIAN_POINT('',(-5.591268513805,37.384006644515));
#3420 = CARTESIAN_POINT('',(-5.635574257492,37.476829347419));
#3421 = CARTESIAN_POINT('',(-5.680107573916,37.56955237479));
#3422 = CARTESIAN_POINT('',(-5.724980418542,37.662121442363));
#3423 = CARTESIAN_POINT('',(-5.770313244387,37.754475177982));
#3424 = CARTESIAN_POINT('',(-5.816244291555,37.846543744118));
#3425 = CARTESIAN_POINT('',(-5.886713716374,37.984929274106));
#3426 = CARTESIAN_POINT('',(-5.910683232529,38.031515116264));
#3427 = CARTESIAN_POINT('',(-5.934872728801,38.077993461228));
#3428 = CARTESIAN_POINT('',(-5.959305683075,38.124351499328));
#3429 = CARTESIAN_POINT('',(-5.984007559184,38.1705743037));
#3430 = CARTESIAN_POINT('',(-6.0090066591,38.216644616877));
#3431 = CARTESIAN_POINT('',(-6.034334975121,38.262542637387));
#3432 = CARTESIAN_POINT('',(-6.073143787152,38.331573581273));
#3433 = CARTESIAN_POINT('',(-6.086353786212,38.354850350666));
#3434 = CARTESIAN_POINT('',(-6.099663778931,38.378073097746));
#3435 = CARTESIAN_POINT('',(-6.113078888278,38.401238435079));
#3436 = CARTESIAN_POINT('',(-6.126604620501,38.424342604572));
#3437 = CARTESIAN_POINT('',(-6.140246865133,38.447381477481));
#3438 = CARTESIAN_POINT('',(-6.154011894985,38.470350554401));
#3439 = CARTESIAN_POINT('',(-6.181809293211,38.516153309222));
#3440 = CARTESIAN_POINT('',(-6.195840358605,38.538984323826));
#3441 = CARTESIAN_POINT('',(-6.210008281048,38.561736413387));
#3442 = CARTESIAN_POINT('',(-6.224321485018,38.584405839445));
#3443 = CARTESIAN_POINT('',(-6.238788100746,38.606986720781));
#3444 = CARTESIAN_POINT('',(-6.253415964223,38.629471033414));
#3445 = CARTESIAN_POINT('',(-6.268212617199,38.651848610606));
#3446 = CARTESIAN_POINT('',(-6.28318530718,38.674107142857));
#3447 = ( GEOMETRIC_REPRESENTATION_CONTEXT(2) 
PARAMETRIC_REPRESENTATION_CONTEXT() REPRESENTATION_CONTEXT('2D SPACE',''
  ) );
#3448 = ADVANCED_FACE('',(#3449),#2566,.F.);
#3449 = FACE_BOUND('',#3450,.F.);
#3450 = EDGE_LOOP('',(#3451,#3452,#3453,#3476));
#3451 = ORIENTED_EDGE('',*,*,#2552,.F.);
#3452 = ORIENTED_EDGE('',*,*,#2753,.T.);
#3453 = ORIENTED_EDGE('',*,*,#3454,.T.);
#3454 = EDGE_CURVE('',#2754,#3455,#3457,.T.);
#3455 = VERTEX_POINT('',#3456);
#3456 = CARTESIAN_POINT('',(2.5,-15.,85.));
#3457 = SURFACE_CURVE('',#3458,(#3462,#3469),.PCURVE_S1.);
#3458 = LINE('',#3459,#3460);
#3459 = CARTESIAN_POINT('',(0.,-15.,85.));
#3460 = VECTOR('',#3461,1.);
#3461 = DIRECTION('',(1.,0.,0.));
#3462 = PCURVE('',#2566,#3463);
#3463 = DEFINITIONAL_REPRESENTATION('',(#3464),#3468);
#3464 = LINE('',#3465,#3466);
#3465 = CARTESIAN_POINT('',(0.,-85.));
#3466 = VECTOR('',#3467,1.);
#3467 = DIRECTION('',(1.,0.));
#3468 = ( GEOMETRIC_REPRESENTATION_CONTEXT(2) 
PARAMETRIC_REPRESENTATION_CONTEXT() REPRESENTATION_CONTEXT('2D SPACE',''
  ) );
#3469 = PCURVE('',#2792,#3470);
#3470 = DEFINITIONAL_REPRESENTATION('',(#3471),#3475);
#3471 = LINE('',#3472,#3473);
#3472 = CARTESIAN_POINT('',(21.213203435596,-0.));
#3473 = VECTOR('',#3474,1.);
#3474 = DIRECTION('',(0.,-1.));
#3475 = ( GEOMETRIC_REPRESENTATION_CONTEXT(2) 
PARAMETRIC_REPRESENTATION_CONTEXT() REPRESENTATION_CONTEXT('2D SPACE',''
  ) );
#3476 = ORIENTED_EDGE('',*,*,#3477,.F.);
#3477 = EDGE_CURVE('',#2525,#3455,#3478,.T.);
#3478 = SURFACE_CURVE('',#3479,(#3483,#3490),.PCURVE_S1.);
#3479 = LINE('',#3480,#3481);
#3480 = CARTESIAN_POINT('',(2.5,-15.,0.));
#3481 = VECTOR('',#3482,1.);
#3482 = DIRECTION('',(0.,0.,1.));
#3483 = PCURVE('',#2566,#3484);
#3484 = DEFINITIONAL_REPRESENTATION('',(#3485),#3489);
#3485 = LINE('',#3486,#3487);
#3486 = CARTESIAN_POINT('',(2.5,0.));
#3487 = VECTOR('',#3488,1.);
#3488 = DIRECTION('',(0.,-1.));
#3489 = ( GEOMETRIC_REPRESENTATION_CONTEXT(2) 
PARAMETRIC_REPRESENTATION_CONTEXT() REPRESENTATION_CONTEXT('2D SPACE',''
  ) );
#3490 = PCURVE('',#2540,#3491);
#3491 = DEFINITIONAL_REPRESENTATION('',(#3492),#3496);
#3492 = LINE('',#3493,#3494);
#3493 = CARTESIAN_POINT('',(0.,0.));
#3494 = VECTOR('',#3495,1.);
#3495 = DIRECTION('',(0.,-1.));
#3496 = ( GEOMETRIC_REPRESENTATION_CONTEXT(2) 
PARAMETRIC_REPRESENTATION_CONTEXT() REPRESENTATION_CONTEXT('2D SPACE',''
  ) );
#3497 = ADVANCED_FACE('',(#3498),#2540,.F.);
#3498 = FACE_BOUND('',#3499,.F.);
#3499 = EDGE_LOOP('',(#3500,#3501,#3502,#3525,#3554,#3577));
#3500 = ORIENTED_EDGE('',*,*,#2524,.F.);
#3501 = ORIENTED_EDGE('',*,*,#3477,.T.);
#3502 = ORIENTED_EDGE('',*,*,#3503,.F.);
#3503 = EDGE_CURVE('',#3504,#3455,#3506,.T.);
#3504 = VERTEX_POINT('',#3505);
#3505 = CARTESIAN_POINT('',(2.5,-11.91941738241,88.080582617584));
#3506 = SURFACE_CURVE('',#3507,(#3511,#3518),.PCURVE_S1.);
#3507 = LINE('',#3508,#3509);
#3508 = CARTESIAN_POINT('',(2.5,-28.75,71.25));
#3509 = VECTOR('',#3510,1.);
#3510 = DIRECTION('',(-0.,-0.707106781187,-0.707106781187));
#3511 = PCURVE('',#2540,#3512);
#3512 = DEFINITIONAL_REPRESENTATION('',(#3513),#3517);
#3513 = LINE('',#3514,#3515);
#3514 = CARTESIAN_POINT('',(-13.75,-71.25));
#3515 = VECTOR('',#3516,1.);
#3516 = DIRECTION('',(-0.707106781187,0.707106781187));
#3517 = ( GEOMETRIC_REPRESENTATION_CONTEXT(2) 
PARAMETRIC_REPRESENTATION_CONTEXT() REPRESENTATION_CONTEXT('2D SPACE',''
  ) );
#3518 = PCURVE('',#2792,#3519);
#3519 = DEFINITIONAL_REPRESENTATION('',(#3520),#3524);
#3520 = LINE('',#3521,#3522);
#3521 = CARTESIAN_POINT('',(40.658639918226,-2.5));
#3522 = VECTOR('',#3523,1.);
#3523 = DIRECTION('',(1.,0.));
#3524 = ( GEOMETRIC_REPRESENTATION_CONTEXT(2) 
PARAMETRIC_REPRESENTATION_CONTEXT() REPRESENTATION_CONTEXT('2D SPACE',''
  ) );
#3525 = ORIENTED_EDGE('',*,*,#3526,.F.);
#3526 = EDGE_CURVE('',#3527,#3504,#3529,.T.);
#3527 = VERTEX_POINT('',#3528);
#3528 = CARTESIAN_POINT('',(2.5,-3.080582617584,96.919417382416));
#3529 = SURFACE_CURVE('',#3530,(#3535,#3542),.PCURVE_S1.);
#3530 = CIRCLE('',#3531,6.25);
#3531 = AXIS2_PLACEMENT_3D('',#3532,#3533,#3534);
#3532 = CARTESIAN_POINT('',(2.5,-7.5,92.5));
#3533 = DIRECTION('',(-1.,0.,0.));
#3534 = DIRECTION('',(0.,0.707106781187,0.707106781187));
#3535 = PCURVE('',#2540,#3536);
#3536 = DEFINITIONAL_REPRESENTATION('',(#3537),#3541);
#3537 = CIRCLE('',#3538,6.25);
#3538 = AXIS2_PLACEMENT_2D('',#3539,#3540);
#3539 = CARTESIAN_POINT('',(7.5,-92.5));
#3540 = DIRECTION('',(0.707106781187,-0.707106781187));
#3541 = ( GEOMETRIC_REPRESENTATION_CONTEXT(2) 
PARAMETRIC_REPRESENTATION_CONTEXT() REPRESENTATION_CONTEXT('2D SPACE',''
  ) );
#3542 = PCURVE('',#3543,#3548);
#3543 = CONICAL_SURFACE('',#3544,5.,0.785398163397);
#3544 = AXIS2_PLACEMENT_3D('',#3545,#3546,#3547);
#3545 = CARTESIAN_POINT('',(1.25,-7.5,92.5));
#3546 = DIRECTION('',(1.,0.,0.));
#3547 = DIRECTION('',(0.,0.707106781187,0.707106781187));
#3548 = DEFINITIONAL_REPRESENTATION('',(#3549),#3553);
#3549 = LINE('',#3550,#3551);
#3550 = CARTESIAN_POINT('',(-0.,1.25));
#3551 = VECTOR('',#3552,1.);
#3552 = DIRECTION('',(-1.,0.));
#3553 = ( GEOMETRIC_REPRESENTATION_CONTEXT(2) 
PARAMETRIC_REPRESENTATION_CONTEXT() REPRESENTATION_CONTEXT('2D SPACE',''
  ) );
#3554 = ORIENTED_EDGE('',*,*,#3555,.F.);
#3555 = EDGE_CURVE('',#3556,#3527,#3558,.T.);
#3556 = VERTEX_POINT('',#3557);
#3557 = CARTESIAN_POINT('',(2.5,0.,100.));
#3558 = SURFACE_CURVE('',#3559,(#3563,#3570),.PCURVE_S1.);
#3559 = LINE('',#3560,#3561);
#3560 = CARTESIAN_POINT('',(2.5,-28.75,71.25));
#3561 = VECTOR('',#3562,1.);
#3562 = DIRECTION('',(-0.,-0.707106781187,-0.707106781187));
#3563 = PCURVE('',#2540,#3564);
#3564 = DEFINITIONAL_REPRESENTATION('',(#3565),#3569);
#3565 = LINE('',#3566,#3567);
#3566 = CARTESIAN_POINT('',(-13.75,-71.25));
#3567 = VECTOR('',#3568,1.);
#3568 = DIRECTION('',(-0.707106781187,0.707106781187));
#3569 = ( GEOMETRIC_REPRESENTATION_CONTEXT(2) 
PARAMETRIC_REPRESENTATION_CONTEXT() REPRESENTATION_CONTEXT('2D SPACE',''
  ) );
#3570 = PCURVE('',#2849,#3571);
#3571 = DEFINITIONAL_REPRESENTATION('',(#3572),#3576);
#3572 = LINE('',#3573,#3574);
#3573 = CARTESIAN_POINT('',(40.658639918226,-2.5));
#3574 = VECTOR('',#3575,1.);
#3575 = DIRECTION('',(1.,0.));
#3576 = ( GEOMETRIC_REPRESENTATION_CONTEXT(2) 
PARAMETRIC_REPRESENTATION_CONTEXT() REPRESENTATION_CONTEXT('2D SPACE',''
  ) );
#3577 = ORIENTED_EDGE('',*,*,#3578,.F.);
#3578 = EDGE_CURVE('',#2497,#3556,#3579,.T.);
#3579 = SURFACE_CURVE('',#3580,(#3584,#3591),.PCURVE_S1.);
#3580 = LINE('',#3581,#3582);
#3581 = CARTESIAN_POINT('',(2.5,0.,0.));
#3582 = VECTOR('',#3583,1.);
#3583 = DIRECTION('',(0.,0.,1.));
#3584 = PCURVE('',#2540,#3585);
#3585 = DEFINITIONAL_REPRESENTATION('',(#3586),#3590);
#3586 = LINE('',#3587,#3588);
#3587 = CARTESIAN_POINT('',(15.,0.));
#3588 = VECTOR('',#3589,1.);
#3589 = DIRECTION('',(0.,-1.));
#3590 = ( GEOMETRIC_REPRESENTATION_CONTEXT(2) 
PARAMETRIC_REPRESENTATION_CONTEXT() REPRESENTATION_CONTEXT('2D SPACE',''
  ) );
#3591 = PCURVE('',#2512,#3592);
#3592 = DEFINITIONAL_REPRESENTATION('',(#3593),#3597);
#3593 = LINE('',#3594,#3595);
#3594 = CARTESIAN_POINT('',(0.,0.));
#3595 = VECTOR('',#3596,1.);
#3596 = DIRECTION('',(0.,-1.));
#3597 = ( GEOMETRIC_REPRESENTATION_CONTEXT(2) 
PARAMETRIC_REPRESENTATION_CONTEXT() REPRESENTATION_CONTEXT('2D SPACE',''
  ) );
#3598 = ADVANCED_FACE('',(#3599),#2036,.F.);
#3599 = FACE_BOUND('',#3600,.F.);
#3600 = EDGE_LOOP('',(#3601,#3602,#3625,#3646));
#3601 = ORIENTED_EDGE('',*,*,#2020,.F.);
#3602 = ORIENTED_EDGE('',*,*,#3603,.T.);
#3603 = EDGE_CURVE('',#2021,#3604,#3606,.T.);
#3604 = VERTEX_POINT('',#3605);
#3605 = CARTESIAN_POINT('',(45.5,28.,85.));
#3606 = SURFACE_CURVE('',#3607,(#3611,#3618),.PCURVE_S1.);
#3607 = LINE('',#3608,#3609);
#3608 = CARTESIAN_POINT('',(45.5,28.,0.));
#3609 = VECTOR('',#3610,1.);
#3610 = DIRECTION('',(0.,0.,1.));
#3611 = PCURVE('',#2036,#3612);
#3612 = DEFINITIONAL_REPRESENTATION('',(#3613),#3617);
#3613 = LINE('',#3614,#3615);
#3614 = CARTESIAN_POINT('',(0.,0.));
#3615 = VECTOR('',#3616,1.);
#3616 = DIRECTION('',(0.,-1.));
#3617 = ( GEOMETRIC_REPRESENTATION_CONTEXT(2) 
PARAMETRIC_REPRESENTATION_CONTEXT() REPRESENTATION_CONTEXT('2D SPACE',''
  ) );
#3618 = PCURVE('',#2064,#3619);
#3619 = DEFINITIONAL_REPRESENTATION('',(#3620),#3624);
#3620 = LINE('',#3621,#3622);
#3621 = CARTESIAN_POINT('',(15.,0.));
#3622 = VECTOR('',#3623,1.);
#3623 = DIRECTION('',(0.,-1.));
#3624 = ( GEOMETRIC_REPRESENTATION_CONTEXT(2) 
PARAMETRIC_REPRESENTATION_CONTEXT() REPRESENTATION_CONTEXT('2D SPACE',''
  ) );
#3625 = ORIENTED_EDGE('',*,*,#3626,.F.);
#3626 = EDGE_CURVE('',#2585,#3604,#3627,.T.);
#3627 = SURFACE_CURVE('',#3628,(#3632,#3639),.PCURVE_S1.);
#3628 = LINE('',#3629,#3630);
#3629 = CARTESIAN_POINT('',(45.5,30.5,85.));
#3630 = VECTOR('',#3631,1.);
#3631 = DIRECTION('',(0.,-1.,2.22044604925E-16));
#3632 = PCURVE('',#2036,#3633);
#3633 = DEFINITIONAL_REPRESENTATION('',(#3634),#3638);
#3634 = LINE('',#3635,#3636);
#3635 = CARTESIAN_POINT('',(2.5,-85.));
#3636 = VECTOR('',#3637,1.);
#3637 = DIRECTION('',(-1.,-2.22044604925E-16));
#3638 = ( GEOMETRIC_REPRESENTATION_CONTEXT(2) 
PARAMETRIC_REPRESENTATION_CONTEXT() REPRESENTATION_CONTEXT('2D SPACE',''
  ) );
#3639 = PCURVE('',#2736,#3640);
#3640 = DEFINITIONAL_REPRESENTATION('',(#3641),#3645);
#3641 = LINE('',#3642,#3643);
#3642 = CARTESIAN_POINT('',(21.213203435596,-2.22044604925E-16));
#3643 = VECTOR('',#3644,1.);
#3644 = DIRECTION('',(0.,-1.));
#3645 = ( GEOMETRIC_REPRESENTATION_CONTEXT(2) 
PARAMETRIC_REPRESENTATION_CONTEXT() REPRESENTATION_CONTEXT('2D SPACE',''
  ) );
#3646 = ORIENTED_EDGE('',*,*,#2584,.F.);
#3647 = ADVANCED_FACE('',(#3648),#2512,.F.);
#3648 = FACE_BOUND('',#3649,.F.);
#3649 = EDGE_LOOP('',(#3650,#3651,#3674,#3695));
#3650 = ORIENTED_EDGE('',*,*,#3578,.T.);
#3651 = ORIENTED_EDGE('',*,*,#3652,.T.);
#3652 = EDGE_CURVE('',#3556,#3653,#3655,.T.);
#3653 = VERTEX_POINT('',#3654);
#3654 = CARTESIAN_POINT('',(5.5,0.,100.));
#3655 = SURFACE_CURVE('',#3656,(#3660,#3667),.PCURVE_S1.);
#3656 = LINE('',#3657,#3658);
#3657 = CARTESIAN_POINT('',(2.5,0.,100.));
#3658 = VECTOR('',#3659,1.);
#3659 = DIRECTION('',(1.,0.,0.));
#3660 = PCURVE('',#2512,#3661);
#3661 = DEFINITIONAL_REPRESENTATION('',(#3662),#3666);
#3662 = LINE('',#3663,#3664);
#3663 = CARTESIAN_POINT('',(0.,-100.));
#3664 = VECTOR('',#3665,1.);
#3665 = DIRECTION('',(1.,0.));
#3666 = ( GEOMETRIC_REPRESENTATION_CONTEXT(2) 
PARAMETRIC_REPRESENTATION_CONTEXT() REPRESENTATION_CONTEXT('2D SPACE',''
  ) );
#3667 = PCURVE('',#2710,#3668);
#3668 = DEFINITIONAL_REPRESENTATION('',(#3669),#3673);
#3669 = LINE('',#3670,#3671);
#3670 = CARTESIAN_POINT('',(-20.86456204058,-7.13543795942));
#3671 = VECTOR('',#3672,1.);
#3672 = DIRECTION('',(1.,0.));
#3673 = ( GEOMETRIC_REPRESENTATION_CONTEXT(2) 
PARAMETRIC_REPRESENTATION_CONTEXT() REPRESENTATION_CONTEXT('2D SPACE',''
  ) );
#3674 = ORIENTED_EDGE('',*,*,#3675,.F.);
#3675 = EDGE_CURVE('',#2469,#3653,#3676,.T.);
#3676 = SURFACE_CURVE('',#3677,(#3681,#3688),.PCURVE_S1.);
#3677 = LINE('',#3678,#3679);
#3678 = CARTESIAN_POINT('',(5.5,0.,0.));
#3679 = VECTOR('',#3680,1.);
#3680 = DIRECTION('',(0.,0.,1.));
#3681 = PCURVE('',#2512,#3682);
#3682 = DEFINITIONAL_REPRESENTATION('',(#3683),#3687);
#3683 = LINE('',#3684,#3685);
#3684 = CARTESIAN_POINT('',(3.,0.));
#3685 = VECTOR('',#3686,1.);
#3686 = DIRECTION('',(0.,-1.));
#3687 = ( GEOMETRIC_REPRESENTATION_CONTEXT(2) 
PARAMETRIC_REPRESENTATION_CONTEXT() REPRESENTATION_CONTEXT('2D SPACE',''
  ) );
#3688 = PCURVE('',#2484,#3689);
#3689 = DEFINITIONAL_REPRESENTATION('',(#3690),#3694);
#3690 = LINE('',#3691,#3692);
#3691 = CARTESIAN_POINT('',(0.,0.));
#3692 = VECTOR('',#3693,1.);
#3693 = DIRECTION('',(0.,-1.));
#3694 = ( GEOMETRIC_REPRESENTATION_CONTEXT(2) 
PARAMETRIC_REPRESENTATION_CONTEXT() REPRESENTATION_CONTEXT('2D SPACE',''
  ) );
#3695 = ORIENTED_EDGE('',*,*,#2496,.F.);
#3696 = ADVANCED_FACE('',(#3697),#2064,.F.);
#3697 = FACE_BOUND('',#3698,.F.);
#3698 = EDGE_LOOP('',(#3699,#3700,#3723,#3744));
#3699 = ORIENTED_EDGE('',*,*,#2048,.F.);
#3700 = ORIENTED_EDGE('',*,*,#3701,.T.);
#3701 = EDGE_CURVE('',#2049,#3702,#3704,.T.);
#3702 = VERTEX_POINT('',#3703);
#3703 = CARTESIAN_POINT('',(30.5,28.,100.));
#3704 = SURFACE_CURVE('',#3705,(#3709,#3716),.PCURVE_S1.);
#3705 = LINE('',#3706,#3707);
#3706 = CARTESIAN_POINT('',(30.5,28.,0.));
#3707 = VECTOR('',#3708,1.);
#3708 = DIRECTION('',(0.,0.,1.));
#3709 = PCURVE('',#2064,#3710);
#3710 = DEFINITIONAL_REPRESENTATION('',(#3711),#3715);
#3711 = LINE('',#3712,#3713);
#3712 = CARTESIAN_POINT('',(0.,0.));
#3713 = VECTOR('',#3714,1.);
#3714 = DIRECTION('',(0.,-1.));
#3715 = ( GEOMETRIC_REPRESENTATION_CONTEXT(2) 
PARAMETRIC_REPRESENTATION_CONTEXT() REPRESENTATION_CONTEXT('2D SPACE',''
  ) );
#3716 = PCURVE('',#2092,#3717);
#3717 = DEFINITIONAL_REPRESENTATION('',(#3718),#3722);
#3718 = LINE('',#3719,#3720);
#3719 = CARTESIAN_POINT('',(3.,0.));
#3720 = VECTOR('',#3721,1.);
#3721 = DIRECTION('',(0.,-1.));
#3722 = ( GEOMETRIC_REPRESENTATION_CONTEXT(2) 
PARAMETRIC_REPRESENTATION_CONTEXT() REPRESENTATION_CONTEXT('2D SPACE',''
  ) );
#3723 = ORIENTED_EDGE('',*,*,#3724,.T.);
#3724 = EDGE_CURVE('',#3702,#3604,#3725,.T.);
#3725 = SURFACE_CURVE('',#3726,(#3730,#3737),.PCURVE_S1.);
#3726 = LINE('',#3727,#3728);
#3727 = CARTESIAN_POINT('',(55.5,28.,75.));
#3728 = VECTOR('',#3729,1.);
#3729 = DIRECTION('',(0.707106781187,0.,-0.707106781187));
#3730 = PCURVE('',#2064,#3731);
#3731 = DEFINITIONAL_REPRESENTATION('',(#3732),#3736);
#3732 = LINE('',#3733,#3734);
#3733 = CARTESIAN_POINT('',(25.,-75.));
#3734 = VECTOR('',#3735,1.);
#3735 = DIRECTION('',(0.707106781187,0.707106781187));
#3736 = ( GEOMETRIC_REPRESENTATION_CONTEXT(2) 
PARAMETRIC_REPRESENTATION_CONTEXT() REPRESENTATION_CONTEXT('2D SPACE',''
  ) );
#3737 = PCURVE('',#2736,#3738);
#3738 = DEFINITIONAL_REPRESENTATION('',(#3739),#3743);
#3739 = LINE('',#3740,#3741);
#3740 = CARTESIAN_POINT('',(35.355339059327,-2.5));
#3741 = VECTOR('',#3742,1.);
#3742 = DIRECTION('',(1.,1.570092458684E-16));
#3743 = ( GEOMETRIC_REPRESENTATION_CONTEXT(2) 
PARAMETRIC_REPRESENTATION_CONTEXT() REPRESENTATION_CONTEXT('2D SPACE',''
  ) );
#3744 = ORIENTED_EDGE('',*,*,#3603,.F.);
#3745 = ADVANCED_FACE('',(#3746),#2484,.F.);
#3746 = FACE_BOUND('',#3747,.F.);
#3747 = EDGE_LOOP('',(#3748,#3749,#3750,#3778));
#3748 = ORIENTED_EDGE('',*,*,#2468,.F.);
#3749 = ORIENTED_EDGE('',*,*,#3675,.T.);
#3750 = ORIENTED_EDGE('',*,*,#3751,.F.);
#3751 = EDGE_CURVE('',#3752,#3653,#3754,.T.);
#3752 = VERTEX_POINT('',#3753);
#3753 = CARTESIAN_POINT('',(5.5,-15.,85.));
#3754 = SURFACE_CURVE('',#3755,(#3759,#3766),.PCURVE_S1.);
#3755 = LINE('',#3756,#3757);
#3756 = CARTESIAN_POINT('',(5.5,-25.,75.));
#3757 = VECTOR('',#3758,1.);
#3758 = DIRECTION('',(0.,0.707106781187,0.707106781187));
#3759 = PCURVE('',#2484,#3760);
#3760 = DEFINITIONAL_REPRESENTATION('',(#3761),#3765);
#3761 = LINE('',#3762,#3763);
#3762 = CARTESIAN_POINT('',(25.,-75.));
#3763 = VECTOR('',#3764,1.);
#3764 = DIRECTION('',(-0.707106781187,-0.707106781187));
#3765 = ( GEOMETRIC_REPRESENTATION_CONTEXT(2) 
PARAMETRIC_REPRESENTATION_CONTEXT() REPRESENTATION_CONTEXT('2D SPACE',''
  ) );
#3766 = PCURVE('',#3767,#3772);
#3767 = PLANE('',#3768);
#3768 = AXIS2_PLACEMENT_3D('',#3769,#3770,#3771);
#3769 = CARTESIAN_POINT('',(0.,0.,100.));
#3770 = DIRECTION('',(0.,0.707106781187,-0.707106781187));
#3771 = DIRECTION('',(0.,-0.707106781187,-0.707106781187));
#3772 = DEFINITIONAL_REPRESENTATION('',(#3773),#3777);
#3773 = LINE('',#3774,#3775);
#3774 = CARTESIAN_POINT('',(35.355339059327,-5.5));
#3775 = VECTOR('',#3776,1.);
#3776 = DIRECTION('',(-1.,0.));
#3777 = ( GEOMETRIC_REPRESENTATION_CONTEXT(2) 
PARAMETRIC_REPRESENTATION_CONTEXT() REPRESENTATION_CONTEXT('2D SPACE',''
  ) );
#3778 = ORIENTED_EDGE('',*,*,#3779,.F.);
#3779 = EDGE_CURVE('',#2441,#3752,#3780,.T.);
#3780 = SURFACE_CURVE('',#3781,(#3785,#3792),.PCURVE_S1.);
#3781 = LINE('',#3782,#3783);
#3782 = CARTESIAN_POINT('',(5.5,-15.,0.));
#3783 = VECTOR('',#3784,1.);
#3784 = DIRECTION('',(0.,0.,1.));
#3785 = PCURVE('',#2484,#3786);
#3786 = DEFINITIONAL_REPRESENTATION('',(#3787),#3791);
#3787 = LINE('',#3788,#3789);
#3788 = CARTESIAN_POINT('',(15.,0.));
#3789 = VECTOR('',#3790,1.);
#3790 = DIRECTION('',(0.,-1.));
#3791 = ( GEOMETRIC_REPRESENTATION_CONTEXT(2) 
PARAMETRIC_REPRESENTATION_CONTEXT() REPRESENTATION_CONTEXT('2D SPACE',''
  ) );
#3792 = PCURVE('',#2456,#3793);
#3793 = DEFINITIONAL_REPRESENTATION('',(#3794),#3798);
#3794 = LINE('',#3795,#3796);
#3795 = CARTESIAN_POINT('',(0.,0.));
#3796 = VECTOR('',#3797,1.);
#3797 = DIRECTION('',(0.,-1.));
#3798 = ( GEOMETRIC_REPRESENTATION_CONTEXT(2) 
PARAMETRIC_REPRESENTATION_CONTEXT() REPRESENTATION_CONTEXT('2D SPACE',''
  ) );
#3799 = ADVANCED_FACE('',(#3800),#2092,.F.);
#3800 = FACE_BOUND('',#3801,.F.);
#3801 = EDGE_LOOP('',(#3802,#3825,#3846,#3847));
#3802 = ORIENTED_EDGE('',*,*,#3803,.T.);
#3803 = EDGE_CURVE('',#2077,#3804,#3806,.T.);
#3804 = VERTEX_POINT('',#3805);
#3805 = CARTESIAN_POINT('',(30.5,25.,100.));
#3806 = SURFACE_CURVE('',#3807,(#3811,#3818),.PCURVE_S1.);
#3807 = LINE('',#3808,#3809);
#3808 = CARTESIAN_POINT('',(30.5,25.,0.));
#3809 = VECTOR('',#3810,1.);
#3810 = DIRECTION('',(0.,0.,1.));
#3811 = PCURVE('',#2092,#3812);
#3812 = DEFINITIONAL_REPRESENTATION('',(#3813),#3817);
#3813 = LINE('',#3814,#3815);
#3814 = CARTESIAN_POINT('',(0.,0.));
#3815 = VECTOR('',#3816,1.);
#3816 = DIRECTION('',(0.,-1.));
#3817 = ( GEOMETRIC_REPRESENTATION_CONTEXT(2) 
PARAMETRIC_REPRESENTATION_CONTEXT() REPRESENTATION_CONTEXT('2D SPACE',''
  ) );
#3818 = PCURVE('',#2120,#3819);
#3819 = DEFINITIONAL_REPRESENTATION('',(#3820),#3824);
#3820 = LINE('',#3821,#3822);
#3821 = CARTESIAN_POINT('',(15.,0.));
#3822 = VECTOR('',#3823,1.);
#3823 = DIRECTION('',(0.,-1.));
#3824 = ( GEOMETRIC_REPRESENTATION_CONTEXT(2) 
PARAMETRIC_REPRESENTATION_CONTEXT() REPRESENTATION_CONTEXT('2D SPACE',''
  ) );
#3825 = ORIENTED_EDGE('',*,*,#3826,.T.);
#3826 = EDGE_CURVE('',#3804,#3702,#3827,.T.);
#3827 = SURFACE_CURVE('',#3828,(#3832,#3839),.PCURVE_S1.);
#3828 = LINE('',#3829,#3830);
#3829 = CARTESIAN_POINT('',(30.5,25.,100.));
#3830 = VECTOR('',#3831,1.);
#3831 = DIRECTION('',(0.,1.,0.));
#3832 = PCURVE('',#2092,#3833);
#3833 = DEFINITIONAL_REPRESENTATION('',(#3834),#3838);
#3834 = LINE('',#3835,#3836);
#3835 = CARTESIAN_POINT('',(0.,-100.));
#3836 = VECTOR('',#3837,1.);
#3837 = DIRECTION('',(1.,0.));
#3838 = ( GEOMETRIC_REPRESENTATION_CONTEXT(2) 
PARAMETRIC_REPRESENTATION_CONTEXT() REPRESENTATION_CONTEXT('2D SPACE',''
  ) );
#3839 = PCURVE('',#2710,#3840);
#3840 = DEFINITIONAL_REPRESENTATION('',(#3841),#3845);
#3841 = LINE('',#3842,#3843);
#3842 = CARTESIAN_POINT('',(7.13543795942,17.86456204058));
#3843 = VECTOR('',#3844,1.);
#3844 = DIRECTION('',(0.,1.));
#3845 = ( GEOMETRIC_REPRESENTATION_CONTEXT(2) 
PARAMETRIC_REPRESENTATION_CONTEXT() REPRESENTATION_CONTEXT('2D SPACE',''
  ) );
#3846 = ORIENTED_EDGE('',*,*,#3701,.F.);
#3847 = ORIENTED_EDGE('',*,*,#2076,.F.);
#3848 = ADVANCED_FACE('',(#3849),#2456,.F.);
#3849 = FACE_BOUND('',#3850,.F.);
#3850 = EDGE_LOOP('',(#3851,#3852,#3853,#3876));
#3851 = ORIENTED_EDGE('',*,*,#2440,.F.);
#3852 = ORIENTED_EDGE('',*,*,#3779,.T.);
#3853 = ORIENTED_EDGE('',*,*,#3854,.T.);
#3854 = EDGE_CURVE('',#3752,#3855,#3857,.T.);
#3855 = VERTEX_POINT('',#3856);
#3856 = CARTESIAN_POINT('',(8.,-15.,85.));
#3857 = SURFACE_CURVE('',#3858,(#3862,#3869),.PCURVE_S1.);
#3858 = LINE('',#3859,#3860);
#3859 = CARTESIAN_POINT('',(0.,-15.,85.));
#3860 = VECTOR('',#3861,1.);
#3861 = DIRECTION('',(1.,0.,0.));
#3862 = PCURVE('',#2456,#3863);
#3863 = DEFINITIONAL_REPRESENTATION('',(#3864),#3868);
#3864 = LINE('',#3865,#3866);
#3865 = CARTESIAN_POINT('',(-5.5,-85.));
#3866 = VECTOR('',#3867,1.);
#3867 = DIRECTION('',(1.,0.));
#3868 = ( GEOMETRIC_REPRESENTATION_CONTEXT(2) 
PARAMETRIC_REPRESENTATION_CONTEXT() REPRESENTATION_CONTEXT('2D SPACE',''
  ) );
#3869 = PCURVE('',#3767,#3870);
#3870 = DEFINITIONAL_REPRESENTATION('',(#3871),#3875);
#3871 = LINE('',#3872,#3873);
#3872 = CARTESIAN_POINT('',(21.213203435596,-0.));
#3873 = VECTOR('',#3874,1.);
#3874 = DIRECTION('',(0.,-1.));
#3875 = ( GEOMETRIC_REPRESENTATION_CONTEXT(2) 
PARAMETRIC_REPRESENTATION_CONTEXT() REPRESENTATION_CONTEXT('2D SPACE',''
  ) );
#3876 = ORIENTED_EDGE('',*,*,#3877,.F.);
#3877 = EDGE_CURVE('',#2413,#3855,#3878,.T.);
#3878 = SURFACE_CURVE('',#3879,(#3883,#3890),.PCURVE_S1.);
#3879 = LINE('',#3880,#3881);
#3880 = CARTESIAN_POINT('',(8.,-15.,0.));
#3881 = VECTOR('',#3882,1.);
#3882 = DIRECTION('',(0.,0.,1.));
#3883 = PCURVE('',#2456,#3884);
#3884 = DEFINITIONAL_REPRESENTATION('',(#3885),#3889);
#3885 = LINE('',#3886,#3887);
#3886 = CARTESIAN_POINT('',(2.5,0.));
#3887 = VECTOR('',#3888,1.);
#3888 = DIRECTION('',(0.,-1.));
#3889 = ( GEOMETRIC_REPRESENTATION_CONTEXT(2) 
PARAMETRIC_REPRESENTATION_CONTEXT() REPRESENTATION_CONTEXT('2D SPACE',''
  ) );
#3890 = PCURVE('',#2428,#3891);
#3891 = DEFINITIONAL_REPRESENTATION('',(#3892),#3896);
#3892 = LINE('',#3893,#3894);
#3893 = CARTESIAN_POINT('',(0.,0.));
#3894 = VECTOR('',#3895,1.);
#3895 = DIRECTION('',(0.,-1.));
#3896 = ( GEOMETRIC_REPRESENTATION_CONTEXT(2) 
PARAMETRIC_REPRESENTATION_CONTEXT() REPRESENTATION_CONTEXT('2D SPACE',''
  ) );
#3897 = ADVANCED_FACE('',(#3898),#2120,.F.);
#3898 = FACE_BOUND('',#3899,.F.);
#3899 = EDGE_LOOP('',(#3900,#3901,#3924,#3950));
#3900 = ORIENTED_EDGE('',*,*,#2104,.F.);
#3901 = ORIENTED_EDGE('',*,*,#3902,.T.);
#3902 = EDGE_CURVE('',#2105,#3903,#3905,.T.);
#3903 = VERTEX_POINT('',#3904);
#3904 = CARTESIAN_POINT('',(45.5,25.,85.));
#3905 = SURFACE_CURVE('',#3906,(#3910,#3917),.PCURVE_S1.);
#3906 = LINE('',#3907,#3908);
#3907 = CARTESIAN_POINT('',(45.5,25.,0.));
#3908 = VECTOR('',#3909,1.);
#3909 = DIRECTION('',(0.,0.,1.));
#3910 = PCURVE('',#2120,#3911);
#3911 = DEFINITIONAL_REPRESENTATION('',(#3912),#3916);
#3912 = LINE('',#3913,#3914);
#3913 = CARTESIAN_POINT('',(0.,-0.));
#3914 = VECTOR('',#3915,1.);
#3915 = DIRECTION('',(0.,-1.));
#3916 = ( GEOMETRIC_REPRESENTATION_CONTEXT(2) 
PARAMETRIC_REPRESENTATION_CONTEXT() REPRESENTATION_CONTEXT('2D SPACE',''
  ) );
#3917 = PCURVE('',#2148,#3918);
#3918 = DEFINITIONAL_REPRESENTATION('',(#3919),#3923);
#3919 = LINE('',#3920,#3921);
#3920 = CARTESIAN_POINT('',(2.5,0.));
#3921 = VECTOR('',#3922,1.);
#3922 = DIRECTION('',(0.,-1.));
#3923 = ( GEOMETRIC_REPRESENTATION_CONTEXT(2) 
PARAMETRIC_REPRESENTATION_CONTEXT() REPRESENTATION_CONTEXT('2D SPACE',''
  ) );
#3924 = ORIENTED_EDGE('',*,*,#3925,.T.);
#3925 = EDGE_CURVE('',#3903,#3804,#3926,.T.);
#3926 = SURFACE_CURVE('',#3927,(#3931,#3938),.PCURVE_S1.);
#3927 = LINE('',#3928,#3929);
#3928 = CARTESIAN_POINT('',(59.25,25.,71.25));
#3929 = VECTOR('',#3930,1.);
#3930 = DIRECTION('',(-0.707106781187,0.,0.707106781187));
#3931 = PCURVE('',#2120,#3932);
#3932 = DEFINITIONAL_REPRESENTATION('',(#3933),#3937);
#3933 = LINE('',#3934,#3935);
#3934 = CARTESIAN_POINT('',(-13.75,-71.25));
#3935 = VECTOR('',#3936,1.);
#3936 = DIRECTION('',(0.707106781187,-0.707106781187));
#3937 = ( GEOMETRIC_REPRESENTATION_CONTEXT(2) 
PARAMETRIC_REPRESENTATION_CONTEXT() REPRESENTATION_CONTEXT('2D SPACE',''
  ) );
#3938 = PCURVE('',#3939,#3944);
#3939 = PLANE('',#3940);
#3940 = AXIS2_PLACEMENT_3D('',#3941,#3942,#3943);
#3941 = CARTESIAN_POINT('',(30.5,30.5,100.));
#3942 = DIRECTION('',(0.707106781187,1.570092458684E-16,0.707106781187)
  );
#3943 = DIRECTION('',(0.707106781187,-1.570092458684E-16,-0.707106781187
    ));
#3944 = DEFINITIONAL_REPRESENTATION('',(#3945),#3949);
#3945 = LINE('',#3946,#3947);
#3946 = CARTESIAN_POINT('',(40.658639918226,-5.5));
#3947 = VECTOR('',#3948,1.);
#3948 = DIRECTION('',(-1.,-1.570092458684E-16));
#3949 = ( GEOMETRIC_REPRESENTATION_CONTEXT(2) 
PARAMETRIC_REPRESENTATION_CONTEXT() REPRESENTATION_CONTEXT('2D SPACE',''
  ) );
#3950 = ORIENTED_EDGE('',*,*,#3803,.F.);
#3951 = ADVANCED_FACE('',(#3952),#2428,.F.);
#3952 = FACE_BOUND('',#3953,.F.);
#3953 = EDGE_LOOP('',(#3954,#3955,#3956,#3979));
#3954 = ORIENTED_EDGE('',*,*,#2412,.F.);
#3955 = ORIENTED_EDGE('',*,*,#3877,.T.);
#3956 = ORIENTED_EDGE('',*,*,#3957,.F.);
#3957 = EDGE_CURVE('',#3958,#3855,#3960,.T.);
#3958 = VERTEX_POINT('',#3959);
#3959 = CARTESIAN_POINT('',(8.,0.,100.));
#3960 = SURFACE_CURVE('',#3961,(#3965,#3972),.PCURVE_S1.);
#3961 = LINE('',#3962,#3963);
#3962 = CARTESIAN_POINT('',(8.,-28.75,71.25));
#3963 = VECTOR('',#3964,1.);
#3964 = DIRECTION('',(-0.,-0.707106781187,-0.707106781187));
#3965 = PCURVE('',#2428,#3966);
#3966 = DEFINITIONAL_REPRESENTATION('',(#3967),#3971);
#3967 = LINE('',#3968,#3969);
#3968 = CARTESIAN_POINT('',(-13.75,-71.25));
#3969 = VECTOR('',#3970,1.);
#3970 = DIRECTION('',(-0.707106781187,0.707106781187));
#3971 = ( GEOMETRIC_REPRESENTATION_CONTEXT(2) 
PARAMETRIC_REPRESENTATION_CONTEXT() REPRESENTATION_CONTEXT('2D SPACE',''
  ) );
#3972 = PCURVE('',#3767,#3973);
#3973 = DEFINITIONAL_REPRESENTATION('',(#3974),#3978);
#3974 = LINE('',#3975,#3976);
#3975 = CARTESIAN_POINT('',(40.658639918226,-8.));
#3976 = VECTOR('',#3977,1.);
#3977 = DIRECTION('',(1.,0.));
#3978 = ( GEOMETRIC_REPRESENTATION_CONTEXT(2) 
PARAMETRIC_REPRESENTATION_CONTEXT() REPRESENTATION_CONTEXT('2D SPACE',''
  ) );
#3979 = ORIENTED_EDGE('',*,*,#3980,.F.);
#3980 = EDGE_CURVE('',#2385,#3958,#3981,.T.);
#3981 = SURFACE_CURVE('',#3982,(#3986,#3993),.PCURVE_S1.);
#3982 = LINE('',#3983,#3984);
#3983 = CARTESIAN_POINT('',(8.,0.,0.));
#3984 = VECTOR('',#3985,1.);
#3985 = DIRECTION('',(0.,0.,1.));
#3986 = PCURVE('',#2428,#3987);
#3987 = DEFINITIONAL_REPRESENTATION('',(#3988),#3992);
#3988 = LINE('',#3989,#3990);
#3989 = CARTESIAN_POINT('',(15.,0.));
#3990 = VECTOR('',#3991,1.);
#3991 = DIRECTION('',(0.,-1.));
#3992 = ( GEOMETRIC_REPRESENTATION_CONTEXT(2) 
PARAMETRIC_REPRESENTATION_CONTEXT() REPRESENTATION_CONTEXT('2D SPACE',''
  ) );
#3993 = PCURVE('',#2400,#3994);
#3994 = DEFINITIONAL_REPRESENTATION('',(#3995),#3999);
#3995 = LINE('',#3996,#3997);
#3996 = CARTESIAN_POINT('',(0.,0.));
#3997 = VECTOR('',#3998,1.);
#3998 = DIRECTION('',(0.,-1.));
#3999 = ( GEOMETRIC_REPRESENTATION_CONTEXT(2) 
PARAMETRIC_REPRESENTATION_CONTEXT() REPRESENTATION_CONTEXT('2D SPACE',''
  ) );
#4000 = ADVANCED_FACE('',(#4001),#2148,.F.);
#4001 = FACE_BOUND('',#4002,.F.);
#4002 = EDGE_LOOP('',(#4003,#4004,#4027,#4048));
#4003 = ORIENTED_EDGE('',*,*,#2132,.F.);
#4004 = ORIENTED_EDGE('',*,*,#4005,.T.);
#4005 = EDGE_CURVE('',#2133,#4006,#4008,.T.);
#4006 = VERTEX_POINT('',#4007);
#4007 = CARTESIAN_POINT('',(45.5,22.5,85.));
#4008 = SURFACE_CURVE('',#4009,(#4013,#4020),.PCURVE_S1.);
#4009 = LINE('',#4010,#4011);
#4010 = CARTESIAN_POINT('',(45.5,22.5,0.));
#4011 = VECTOR('',#4012,1.);
#4012 = DIRECTION('',(0.,0.,1.));
#4013 = PCURVE('',#2148,#4014);
#4014 = DEFINITIONAL_REPRESENTATION('',(#4015),#4019);
#4015 = LINE('',#4016,#4017);
#4016 = CARTESIAN_POINT('',(0.,0.));
#4017 = VECTOR('',#4018,1.);
#4018 = DIRECTION('',(0.,-1.));
#4019 = ( GEOMETRIC_REPRESENTATION_CONTEXT(2) 
PARAMETRIC_REPRESENTATION_CONTEXT() REPRESENTATION_CONTEXT('2D SPACE',''
  ) );
#4020 = PCURVE('',#2176,#4021);
#4021 = DEFINITIONAL_REPRESENTATION('',(#4022),#4026);
#4022 = LINE('',#4023,#4024);
#4023 = CARTESIAN_POINT('',(15.,0.));
#4024 = VECTOR('',#4025,1.);
#4025 = DIRECTION('',(0.,-1.));
#4026 = ( GEOMETRIC_REPRESENTATION_CONTEXT(2) 
PARAMETRIC_REPRESENTATION_CONTEXT() REPRESENTATION_CONTEXT('2D SPACE',''
  ) );
#4027 = ORIENTED_EDGE('',*,*,#4028,.F.);
#4028 = EDGE_CURVE('',#3903,#4006,#4029,.T.);
#4029 = SURFACE_CURVE('',#4030,(#4034,#4041),.PCURVE_S1.);
#4030 = LINE('',#4031,#4032);
#4031 = CARTESIAN_POINT('',(45.5,30.5,85.));
#4032 = VECTOR('',#4033,1.);
#4033 = DIRECTION('',(0.,-1.,2.22044604925E-16));
#4034 = PCURVE('',#2148,#4035);
#4035 = DEFINITIONAL_REPRESENTATION('',(#4036),#4040);
#4036 = LINE('',#4037,#4038);
#4037 = CARTESIAN_POINT('',(8.,-85.));
#4038 = VECTOR('',#4039,1.);
#4039 = DIRECTION('',(-1.,-2.22044604925E-16));
#4040 = ( GEOMETRIC_REPRESENTATION_CONTEXT(2) 
PARAMETRIC_REPRESENTATION_CONTEXT() REPRESENTATION_CONTEXT('2D SPACE',''
  ) );
#4041 = PCURVE('',#3939,#4042);
#4042 = DEFINITIONAL_REPRESENTATION('',(#4043),#4047);
#4043 = LINE('',#4044,#4045);
#4044 = CARTESIAN_POINT('',(21.213203435596,-2.22044604925E-16));
#4045 = VECTOR('',#4046,1.);
#4046 = DIRECTION('',(0.,-1.));
#4047 = ( GEOMETRIC_REPRESENTATION_CONTEXT(2) 
PARAMETRIC_REPRESENTATION_CONTEXT() REPRESENTATION_CONTEXT('2D SPACE',''
  ) );
#4048 = ORIENTED_EDGE('',*,*,#3902,.F.);
#4049 = ADVANCED_FACE('',(#4050),#2400,.F.);
#4050 = FACE_BOUND('',#4051,.F.);
#4051 = EDGE_LOOP('',(#4052,#4053,#4076,#4097));
#4052 = ORIENTED_EDGE('',*,*,#3980,.T.);
#4053 = ORIENTED_EDGE('',*,*,#4054,.T.);
#4054 = EDGE_CURVE('',#3958,#4055,#4057,.T.);
#4055 = VERTEX_POINT('',#4056);
#4056 = CARTESIAN_POINT('',(28.,0.,100.));
#4057 = SURFACE_CURVE('',#4058,(#4062,#4069),.PCURVE_S1.);
#4058 = LINE('',#4059,#4060);
#4059 = CARTESIAN_POINT('',(8.,0.,100.));
#4060 = VECTOR('',#4061,1.);
#4061 = DIRECTION('',(1.,0.,0.));
#4062 = PCURVE('',#2400,#4063);
#4063 = DEFINITIONAL_REPRESENTATION('',(#4064),#4068);
#4064 = LINE('',#4065,#4066);
#4065 = CARTESIAN_POINT('',(0.,-100.));
#4066 = VECTOR('',#4067,1.);
#4067 = DIRECTION('',(1.,0.));
#4068 = ( GEOMETRIC_REPRESENTATION_CONTEXT(2) 
PARAMETRIC_REPRESENTATION_CONTEXT() REPRESENTATION_CONTEXT('2D SPACE',''
  ) );
#4069 = PCURVE('',#2710,#4070);
#4070 = DEFINITIONAL_REPRESENTATION('',(#4071),#4075);
#4071 = LINE('',#4072,#4073);
#4072 = CARTESIAN_POINT('',(-15.36456204058,-7.13543795942));
#4073 = VECTOR('',#4074,1.);
#4074 = DIRECTION('',(1.,0.));
#4075 = ( GEOMETRIC_REPRESENTATION_CONTEXT(2) 
PARAMETRIC_REPRESENTATION_CONTEXT() REPRESENTATION_CONTEXT('2D SPACE',''
  ) );
#4076 = ORIENTED_EDGE('',*,*,#4077,.F.);
#4077 = EDGE_CURVE('',#2357,#4055,#4078,.T.);
#4078 = SURFACE_CURVE('',#4079,(#4083,#4090),.PCURVE_S1.);
#4079 = LINE('',#4080,#4081);
#4080 = CARTESIAN_POINT('',(28.,0.,0.));
#4081 = VECTOR('',#4082,1.);
#4082 = DIRECTION('',(0.,0.,1.));
#4083 = PCURVE('',#2400,#4084);
#4084 = DEFINITIONAL_REPRESENTATION('',(#4085),#4089);
#4085 = LINE('',#4086,#4087);
#4086 = CARTESIAN_POINT('',(20.,0.));
#4087 = VECTOR('',#4088,1.);
#4088 = DIRECTION('',(0.,-1.));
#4089 = ( GEOMETRIC_REPRESENTATION_CONTEXT(2) 
PARAMETRIC_REPRESENTATION_CONTEXT() REPRESENTATION_CONTEXT('2D SPACE',''
  ) );
#4090 = PCURVE('',#2372,#4091);
#4091 = DEFINITIONAL_REPRESENTATION('',(#4092),#4096);
#4092 = LINE('',#4093,#4094);
#4093 = CARTESIAN_POINT('',(0.,0.));
#4094 = VECTOR('',#4095,1.);
#4095 = DIRECTION('',(0.,-1.));
#4096 = ( GEOMETRIC_REPRESENTATION_CONTEXT(2) 
PARAMETRIC_REPRESENTATION_CONTEXT() REPRESENTATION_CONTEXT('2D SPACE',''
  ) );
#4097 = ORIENTED_EDGE('',*,*,#2384,.F.);
#4098 = ADVANCED_FACE('',(#4099),#2176,.F.);
#4099 = FACE_BOUND('',#4100,.F.);
#4100 = EDGE_LOOP('',(#4101,#4102,#4125,#4146));
#4101 = ORIENTED_EDGE('',*,*,#2160,.F.);
#4102 = ORIENTED_EDGE('',*,*,#4103,.T.);
#4103 = EDGE_CURVE('',#2161,#4104,#4106,.T.);
#4104 = VERTEX_POINT('',#4105);
#4105 = CARTESIAN_POINT('',(30.5,22.5,100.));
#4106 = SURFACE_CURVE('',#4107,(#4111,#4118),.PCURVE_S1.);
#4107 = LINE('',#4108,#4109);
#4108 = CARTESIAN_POINT('',(30.5,22.5,0.));
#4109 = VECTOR('',#4110,1.);
#4110 = DIRECTION('',(0.,0.,1.));
#4111 = PCURVE('',#2176,#4112);
#4112 = DEFINITIONAL_REPRESENTATION('',(#4113),#4117);
#4113 = LINE('',#4114,#4115);
#4114 = CARTESIAN_POINT('',(0.,0.));
#4115 = VECTOR('',#4116,1.);
#4116 = DIRECTION('',(0.,-1.));
#4117 = ( GEOMETRIC_REPRESENTATION_CONTEXT(2) 
PARAMETRIC_REPRESENTATION_CONTEXT() REPRESENTATION_CONTEXT('2D SPACE',''
  ) );
#4118 = PCURVE('',#2204,#4119);
#4119 = DEFINITIONAL_REPRESENTATION('',(#4120),#4124);
#4120 = LINE('',#4121,#4122);
#4121 = CARTESIAN_POINT('',(20.,0.));
#4122 = VECTOR('',#4123,1.);
#4123 = DIRECTION('',(0.,-1.));
#4124 = ( GEOMETRIC_REPRESENTATION_CONTEXT(2) 
PARAMETRIC_REPRESENTATION_CONTEXT() REPRESENTATION_CONTEXT('2D SPACE',''
  ) );
#4125 = ORIENTED_EDGE('',*,*,#4126,.T.);
#4126 = EDGE_CURVE('',#4104,#4006,#4127,.T.);
#4127 = SURFACE_CURVE('',#4128,(#4132,#4139),.PCURVE_S1.);
#4128 = LINE('',#4129,#4130);
#4129 = CARTESIAN_POINT('',(55.5,22.5,75.));
#4130 = VECTOR('',#4131,1.);
#4131 = DIRECTION('',(0.707106781187,0.,-0.707106781187));
#4132 = PCURVE('',#2176,#4133);
#4133 = DEFINITIONAL_REPRESENTATION('',(#4134),#4138);
#4134 = LINE('',#4135,#4136);
#4135 = CARTESIAN_POINT('',(25.,-75.));
#4136 = VECTOR('',#4137,1.);
#4137 = DIRECTION('',(0.707106781187,0.707106781187));
#4138 = ( GEOMETRIC_REPRESENTATION_CONTEXT(2) 
PARAMETRIC_REPRESENTATION_CONTEXT() REPRESENTATION_CONTEXT('2D SPACE',''
  ) );
#4139 = PCURVE('',#3939,#4140);
#4140 = DEFINITIONAL_REPRESENTATION('',(#4141),#4145);
#4141 = LINE('',#4142,#4143);
#4142 = CARTESIAN_POINT('',(35.355339059327,-8.));
#4143 = VECTOR('',#4144,1.);
#4144 = DIRECTION('',(1.,1.570092458684E-16));
#4145 = ( GEOMETRIC_REPRESENTATION_CONTEXT(2) 
PARAMETRIC_REPRESENTATION_CONTEXT() REPRESENTATION_CONTEXT('2D SPACE',''
  ) );
#4146 = ORIENTED_EDGE('',*,*,#4005,.F.);
#4147 = ADVANCED_FACE('',(#4148),#2372,.F.);
#4148 = FACE_BOUND('',#4149,.F.);
#4149 = EDGE_LOOP('',(#4150,#4151,#4152,#4180));
#4150 = ORIENTED_EDGE('',*,*,#2356,.F.);
#4151 = ORIENTED_EDGE('',*,*,#4077,.T.);
#4152 = ORIENTED_EDGE('',*,*,#4153,.F.);
#4153 = EDGE_CURVE('',#4154,#4055,#4156,.T.);
#4154 = VERTEX_POINT('',#4155);
#4155 = CARTESIAN_POINT('',(28.,-15.,85.));
#4156 = SURFACE_CURVE('',#4157,(#4161,#4168),.PCURVE_S1.);
#4157 = LINE('',#4158,#4159);
#4158 = CARTESIAN_POINT('',(28.,-25.,75.));
#4159 = VECTOR('',#4160,1.);
#4160 = DIRECTION('',(0.,0.707106781187,0.707106781187));
#4161 = PCURVE('',#2372,#4162);
#4162 = DEFINITIONAL_REPRESENTATION('',(#4163),#4167);
#4163 = LINE('',#4164,#4165);
#4164 = CARTESIAN_POINT('',(25.,-75.));
#4165 = VECTOR('',#4166,1.);
#4166 = DIRECTION('',(-0.707106781187,-0.707106781187));
#4167 = ( GEOMETRIC_REPRESENTATION_CONTEXT(2) 
PARAMETRIC_REPRESENTATION_CONTEXT() REPRESENTATION_CONTEXT('2D SPACE',''
  ) );
#4168 = PCURVE('',#4169,#4174);
#4169 = PLANE('',#4170);
#4170 = AXIS2_PLACEMENT_3D('',#4171,#4172,#4173);
#4171 = CARTESIAN_POINT('',(0.,0.,100.));
#4172 = DIRECTION('',(0.,0.707106781187,-0.707106781187));
#4173 = DIRECTION('',(0.,-0.707106781187,-0.707106781187));
#4174 = DEFINITIONAL_REPRESENTATION('',(#4175),#4179);
#4175 = LINE('',#4176,#4177);
#4176 = CARTESIAN_POINT('',(35.355339059327,-28.));
#4177 = VECTOR('',#4178,1.);
#4178 = DIRECTION('',(-1.,0.));
#4179 = ( GEOMETRIC_REPRESENTATION_CONTEXT(2) 
PARAMETRIC_REPRESENTATION_CONTEXT() REPRESENTATION_CONTEXT('2D SPACE',''
  ) );
#4180 = ORIENTED_EDGE('',*,*,#4181,.F.);
#4181 = EDGE_CURVE('',#2329,#4154,#4182,.T.);
#4182 = SURFACE_CURVE('',#4183,(#4187,#4194),.PCURVE_S1.);
#4183 = LINE('',#4184,#4185);
#4184 = CARTESIAN_POINT('',(28.,-15.,0.));
#4185 = VECTOR('',#4186,1.);
#4186 = DIRECTION('',(0.,0.,1.));
#4187 = PCURVE('',#2372,#4188);
#4188 = DEFINITIONAL_REPRESENTATION('',(#4189),#4193);
#4189 = LINE('',#4190,#4191);
#4190 = CARTESIAN_POINT('',(15.,0.));
#4191 = VECTOR('',#4192,1.);
#4192 = DIRECTION('',(0.,-1.));
#4193 = ( GEOMETRIC_REPRESENTATION_CONTEXT(2) 
PARAMETRIC_REPRESENTATION_CONTEXT() REPRESENTATION_CONTEXT('2D SPACE',''
  ) );
#4194 = PCURVE('',#2344,#4195);
#4195 = DEFINITIONAL_REPRESENTATION('',(#4196),#4200);
#4196 = LINE('',#4197,#4198);
#4197 = CARTESIAN_POINT('',(0.,0.));
#4198 = VECTOR('',#4199,1.);
#4199 = DIRECTION('',(0.,-1.));
#4200 = ( GEOMETRIC_REPRESENTATION_CONTEXT(2) 
PARAMETRIC_REPRESENTATION_CONTEXT() REPRESENTATION_CONTEXT('2D SPACE',''
  ) );
#4201 = ADVANCED_FACE('',(#4202),#2204,.F.);
#4202 = FACE_BOUND('',#4203,.F.);
#4203 = EDGE_LOOP('',(#4204,#4227,#4248,#4249));
#4204 = ORIENTED_EDGE('',*,*,#4205,.T.);
#4205 = EDGE_CURVE('',#2189,#4206,#4208,.T.);
#4206 = VERTEX_POINT('',#4207);
#4207 = CARTESIAN_POINT('',(30.5,2.5,100.));
#4208 = SURFACE_CURVE('',#4209,(#4213,#4220),.PCURVE_S1.);
#4209 = LINE('',#4210,#4211);
#4210 = CARTESIAN_POINT('',(30.5,2.5,0.));
#4211 = VECTOR('',#4212,1.);
#4212 = DIRECTION('',(0.,0.,1.));
#4213 = PCURVE('',#2204,#4214);
#4214 = DEFINITIONAL_REPRESENTATION('',(#4215),#4219);
#4215 = LINE('',#4216,#4217);
#4216 = CARTESIAN_POINT('',(0.,0.));
#4217 = VECTOR('',#4218,1.);
#4218 = DIRECTION('',(0.,-1.));
#4219 = ( GEOMETRIC_REPRESENTATION_CONTEXT(2) 
PARAMETRIC_REPRESENTATION_CONTEXT() REPRESENTATION_CONTEXT('2D SPACE',''
  ) );
#4220 = PCURVE('',#2232,#4221);
#4221 = DEFINITIONAL_REPRESENTATION('',(#4222),#4226);
#4222 = LINE('',#4223,#4224);
#4223 = CARTESIAN_POINT('',(15.,0.));
#4224 = VECTOR('',#4225,1.);
#4225 = DIRECTION('',(0.,-1.));
#4226 = ( GEOMETRIC_REPRESENTATION_CONTEXT(2) 
PARAMETRIC_REPRESENTATION_CONTEXT() REPRESENTATION_CONTEXT('2D SPACE',''
  ) );
#4227 = ORIENTED_EDGE('',*,*,#4228,.T.);
#4228 = EDGE_CURVE('',#4206,#4104,#4229,.T.);
#4229 = SURFACE_CURVE('',#4230,(#4234,#4241),.PCURVE_S1.);
#4230 = LINE('',#4231,#4232);
#4231 = CARTESIAN_POINT('',(30.5,2.5,100.));
#4232 = VECTOR('',#4233,1.);
#4233 = DIRECTION('',(0.,1.,0.));
#4234 = PCURVE('',#2204,#4235);
#4235 = DEFINITIONAL_REPRESENTATION('',(#4236),#4240);
#4236 = LINE('',#4237,#4238);
#4237 = CARTESIAN_POINT('',(0.,-100.));
#4238 = VECTOR('',#4239,1.);
#4239 = DIRECTION('',(1.,0.));
#4240 = ( GEOMETRIC_REPRESENTATION_CONTEXT(2) 
PARAMETRIC_REPRESENTATION_CONTEXT() REPRESENTATION_CONTEXT('2D SPACE',''
  ) );
#4241 = PCURVE('',#2710,#4242);
#4242 = DEFINITIONAL_REPRESENTATION('',(#4243),#4247);
#4243 = LINE('',#4244,#4245);
#4244 = CARTESIAN_POINT('',(7.13543795942,-4.63543795942));
#4245 = VECTOR('',#4246,1.);
#4246 = DIRECTION('',(0.,1.));
#4247 = ( GEOMETRIC_REPRESENTATION_CONTEXT(2) 
PARAMETRIC_REPRESENTATION_CONTEXT() REPRESENTATION_CONTEXT('2D SPACE',''
  ) );
#4248 = ORIENTED_EDGE('',*,*,#4103,.F.);
#4249 = ORIENTED_EDGE('',*,*,#2188,.F.);
#4250 = ADVANCED_FACE('',(#4251),#2344,.F.);
#4251 = FACE_BOUND('',#4252,.F.);
#4252 = EDGE_LOOP('',(#4253,#4254,#4255,#4278));
#4253 = ORIENTED_EDGE('',*,*,#2328,.F.);
#4254 = ORIENTED_EDGE('',*,*,#4181,.T.);
#4255 = ORIENTED_EDGE('',*,*,#4256,.T.);
#4256 = EDGE_CURVE('',#4154,#4257,#4259,.T.);
#4257 = VERTEX_POINT('',#4258);
#4258 = CARTESIAN_POINT('',(30.5,-15.,85.));
#4259 = SURFACE_CURVE('',#4260,(#4264,#4271),.PCURVE_S1.);
#4260 = LINE('',#4261,#4262);
#4261 = CARTESIAN_POINT('',(0.,-15.,85.));
#4262 = VECTOR('',#4263,1.);
#4263 = DIRECTION('',(1.,0.,0.));
#4264 = PCURVE('',#2344,#4265);
#4265 = DEFINITIONAL_REPRESENTATION('',(#4266),#4270);
#4266 = LINE('',#4267,#4268);
#4267 = CARTESIAN_POINT('',(-28.,-85.));
#4268 = VECTOR('',#4269,1.);
#4269 = DIRECTION('',(1.,0.));
#4270 = ( GEOMETRIC_REPRESENTATION_CONTEXT(2) 
PARAMETRIC_REPRESENTATION_CONTEXT() REPRESENTATION_CONTEXT('2D SPACE',''
  ) );
#4271 = PCURVE('',#4169,#4272);
#4272 = DEFINITIONAL_REPRESENTATION('',(#4273),#4277);
#4273 = LINE('',#4274,#4275);
#4274 = CARTESIAN_POINT('',(21.213203435596,-0.));
#4275 = VECTOR('',#4276,1.);
#4276 = DIRECTION('',(0.,-1.));
#4277 = ( GEOMETRIC_REPRESENTATION_CONTEXT(2) 
PARAMETRIC_REPRESENTATION_CONTEXT() REPRESENTATION_CONTEXT('2D SPACE',''
  ) );
#4278 = ORIENTED_EDGE('',*,*,#4279,.F.);
#4279 = EDGE_CURVE('',#2301,#4257,#4280,.T.);
#4280 = SURFACE_CURVE('',#4281,(#4285,#4292),.PCURVE_S1.);
#4281 = LINE('',#4282,#4283);
#4282 = CARTESIAN_POINT('',(30.5,-15.,0.));
#4283 = VECTOR('',#4284,1.);
#4284 = DIRECTION('',(0.,0.,1.));
#4285 = PCURVE('',#2344,#4286);
#4286 = DEFINITIONAL_REPRESENTATION('',(#4287),#4291);
#4287 = LINE('',#4288,#4289);
#4288 = CARTESIAN_POINT('',(2.5,0.));
#4289 = VECTOR('',#4290,1.);
#4290 = DIRECTION('',(0.,-1.));
#4291 = ( GEOMETRIC_REPRESENTATION_CONTEXT(2) 
PARAMETRIC_REPRESENTATION_CONTEXT() REPRESENTATION_CONTEXT('2D SPACE',''
  ) );
#4292 = PCURVE('',#2316,#4293);
#4293 = DEFINITIONAL_REPRESENTATION('',(#4294),#4298);
#4294 = LINE('',#4295,#4296);
#4295 = CARTESIAN_POINT('',(0.,0.));
#4296 = VECTOR('',#4297,1.);
#4297 = DIRECTION('',(0.,-1.));
#4298 = ( GEOMETRIC_REPRESENTATION_CONTEXT(2) 
PARAMETRIC_REPRESENTATION_CONTEXT() REPRESENTATION_CONTEXT('2D SPACE',''
  ) );
#4299 = ADVANCED_FACE('',(#4300),#2232,.F.);
#4300 = FACE_BOUND('',#4301,.F.);
#4301 = EDGE_LOOP('',(#4302,#4303,#4326,#4352));
#4302 = ORIENTED_EDGE('',*,*,#2216,.F.);
#4303 = ORIENTED_EDGE('',*,*,#4304,.T.);
#4304 = EDGE_CURVE('',#2217,#4305,#4307,.T.);
#4305 = VERTEX_POINT('',#4306);
#4306 = CARTESIAN_POINT('',(45.5,2.5,85.));
#4307 = SURFACE_CURVE('',#4308,(#4312,#4319),.PCURVE_S1.);
#4308 = LINE('',#4309,#4310);
#4309 = CARTESIAN_POINT('',(45.5,2.5,0.));
#4310 = VECTOR('',#4311,1.);
#4311 = DIRECTION('',(0.,0.,1.));
#4312 = PCURVE('',#2232,#4313);
#4313 = DEFINITIONAL_REPRESENTATION('',(#4314),#4318);
#4314 = LINE('',#4315,#4316);
#4315 = CARTESIAN_POINT('',(0.,-0.));
#4316 = VECTOR('',#4317,1.);
#4317 = DIRECTION('',(0.,-1.));
#4318 = ( GEOMETRIC_REPRESENTATION_CONTEXT(2) 
PARAMETRIC_REPRESENTATION_CONTEXT() REPRESENTATION_CONTEXT('2D SPACE',''
  ) );
#4319 = PCURVE('',#2260,#4320);
#4320 = DEFINITIONAL_REPRESENTATION('',(#4321),#4325);
#4321 = LINE('',#4322,#4323);
#4322 = CARTESIAN_POINT('',(2.5,0.));
#4323 = VECTOR('',#4324,1.);
#4324 = DIRECTION('',(0.,-1.));
#4325 = ( GEOMETRIC_REPRESENTATION_CONTEXT(2) 
PARAMETRIC_REPRESENTATION_CONTEXT() REPRESENTATION_CONTEXT('2D SPACE',''
  ) );
#4326 = ORIENTED_EDGE('',*,*,#4327,.T.);
#4327 = EDGE_CURVE('',#4305,#4206,#4328,.T.);
#4328 = SURFACE_CURVE('',#4329,(#4333,#4340),.PCURVE_S1.);
#4329 = LINE('',#4330,#4331);
#4330 = CARTESIAN_POINT('',(59.25,2.5,71.25));
#4331 = VECTOR('',#4332,1.);
#4332 = DIRECTION('',(-0.707106781187,0.,0.707106781187));
#4333 = PCURVE('',#2232,#4334);
#4334 = DEFINITIONAL_REPRESENTATION('',(#4335),#4339);
#4335 = LINE('',#4336,#4337);
#4336 = CARTESIAN_POINT('',(-13.75,-71.25));
#4337 = VECTOR('',#4338,1.);
#4338 = DIRECTION('',(0.707106781187,-0.707106781187));
#4339 = ( GEOMETRIC_REPRESENTATION_CONTEXT(2) 
PARAMETRIC_REPRESENTATION_CONTEXT() REPRESENTATION_CONTEXT('2D SPACE',''
  ) );
#4340 = PCURVE('',#4341,#4346);
#4341 = PLANE('',#4342);
#4342 = AXIS2_PLACEMENT_3D('',#4343,#4344,#4345);
#4343 = CARTESIAN_POINT('',(30.5,30.5,100.));
#4344 = DIRECTION('',(0.707106781187,1.570092458684E-16,0.707106781187)
  );
#4345 = DIRECTION('',(0.707106781187,-1.570092458684E-16,-0.707106781187
    ));
#4346 = DEFINITIONAL_REPRESENTATION('',(#4347),#4351);
#4347 = LINE('',#4348,#4349);
#4348 = CARTESIAN_POINT('',(40.658639918226,-28.));
#4349 = VECTOR('',#4350,1.);
#4350 = DIRECTION('',(-1.,-1.570092458684E-16));
#4351 = ( GEOMETRIC_REPRESENTATION_CONTEXT(2) 
PARAMETRIC_REPRESENTATION_CONTEXT() REPRESENTATION_CONTEXT('2D SPACE',''
  ) );
#4352 = ORIENTED_EDGE('',*,*,#4205,.F.);
#4353 = ADVANCED_FACE('',(#4354),#2316,.F.);
#4354 = FACE_BOUND('',#4355,.F.);
#4355 = EDGE_LOOP('',(#4356,#4357,#4358,#4381));
#4356 = ORIENTED_EDGE('',*,*,#2300,.F.);
#4357 = ORIENTED_EDGE('',*,*,#4279,.T.);
#4358 = ORIENTED_EDGE('',*,*,#4359,.F.);
#4359 = EDGE_CURVE('',#4360,#4257,#4362,.T.);
#4360 = VERTEX_POINT('',#4361);
#4361 = CARTESIAN_POINT('',(30.5,0.,100.));
#4362 = SURFACE_CURVE('',#4363,(#4367,#4374),.PCURVE_S1.);
#4363 = LINE('',#4364,#4365);
#4364 = CARTESIAN_POINT('',(30.5,-28.75,71.25));
#4365 = VECTOR('',#4366,1.);
#4366 = DIRECTION('',(-0.,-0.707106781187,-0.707106781187));
#4367 = PCURVE('',#2316,#4368);
#4368 = DEFINITIONAL_REPRESENTATION('',(#4369),#4373);
#4369 = LINE('',#4370,#4371);
#4370 = CARTESIAN_POINT('',(-13.75,-71.25));
#4371 = VECTOR('',#4372,1.);
#4372 = DIRECTION('',(-0.707106781187,0.707106781187));
#4373 = ( GEOMETRIC_REPRESENTATION_CONTEXT(2) 
PARAMETRIC_REPRESENTATION_CONTEXT() REPRESENTATION_CONTEXT('2D SPACE',''
  ) );
#4374 = PCURVE('',#4169,#4375);
#4375 = DEFINITIONAL_REPRESENTATION('',(#4376),#4380);
#4376 = LINE('',#4377,#4378);
#4377 = CARTESIAN_POINT('',(40.658639918226,-30.5));
#4378 = VECTOR('',#4379,1.);
#4379 = DIRECTION('',(1.,0.));
#4380 = ( GEOMETRIC_REPRESENTATION_CONTEXT(2) 
PARAMETRIC_REPRESENTATION_CONTEXT() REPRESENTATION_CONTEXT('2D SPACE',''
  ) );
#4381 = ORIENTED_EDGE('',*,*,#4382,.F.);
#4382 = EDGE_CURVE('',#2273,#4360,#4383,.T.);
#4383 = SURFACE_CURVE('',#4384,(#4388,#4395),.PCURVE_S1.);
#4384 = LINE('',#4385,#4386);
#4385 = CARTESIAN_POINT('',(30.5,0.,0.));
#4386 = VECTOR('',#4387,1.);
#4387 = DIRECTION('',(0.,0.,1.));
#4388 = PCURVE('',#2316,#4389);
#4389 = DEFINITIONAL_REPRESENTATION('',(#4390),#4394);
#4390 = LINE('',#4391,#4392);
#4391 = CARTESIAN_POINT('',(15.,0.));
#4392 = VECTOR('',#4393,1.);
#4393 = DIRECTION('',(0.,-1.));
#4394 = ( GEOMETRIC_REPRESENTATION_CONTEXT(2) 
PARAMETRIC_REPRESENTATION_CONTEXT() REPRESENTATION_CONTEXT('2D SPACE',''
  ) );
#4395 = PCURVE('',#2288,#4396);
#4396 = DEFINITIONAL_REPRESENTATION('',(#4397),#4401);
#4397 = LINE('',#4398,#4399);
#4398 = CARTESIAN_POINT('',(0.,0.));
#4399 = VECTOR('',#4400,1.);
#4400 = DIRECTION('',(0.,-1.));
#4401 = ( GEOMETRIC_REPRESENTATION_CONTEXT(2) 
PARAMETRIC_REPRESENTATION_CONTEXT() REPRESENTATION_CONTEXT('2D SPACE',''
  ) );
#4402 = ADVANCED_FACE('',(#4403),#2260,.F.);
#4403 = FACE_BOUND('',#4404,.F.);
#4404 = EDGE_LOOP('',(#4405,#4406,#4429,#4450));
#4405 = ORIENTED_EDGE('',*,*,#2244,.F.);
#4406 = ORIENTED_EDGE('',*,*,#4407,.T.);
#4407 = EDGE_CURVE('',#2245,#4408,#4410,.T.);
#4408 = VERTEX_POINT('',#4409);
#4409 = CARTESIAN_POINT('',(45.5,0.,85.));
#4410 = SURFACE_CURVE('',#4411,(#4415,#4422),.PCURVE_S1.);
#4411 = LINE('',#4412,#4413);
#4412 = CARTESIAN_POINT('',(45.5,0.,0.));
#4413 = VECTOR('',#4414,1.);
#4414 = DIRECTION('',(0.,0.,1.));
#4415 = PCURVE('',#2260,#4416);
#4416 = DEFINITIONAL_REPRESENTATION('',(#4417),#4421);
#4417 = LINE('',#4418,#4419);
#4418 = CARTESIAN_POINT('',(0.,0.));
#4419 = VECTOR('',#4420,1.);
#4420 = DIRECTION('',(0.,-1.));
#4421 = ( GEOMETRIC_REPRESENTATION_CONTEXT(2) 
PARAMETRIC_REPRESENTATION_CONTEXT() REPRESENTATION_CONTEXT('2D SPACE',''
  ) );
#4422 = PCURVE('',#2288,#4423);
#4423 = DEFINITIONAL_REPRESENTATION('',(#4424),#4428);
#4424 = LINE('',#4425,#4426);
#4425 = CARTESIAN_POINT('',(15.,0.));
#4426 = VECTOR('',#4427,1.);
#4427 = DIRECTION('',(0.,-1.));
#4428 = ( GEOMETRIC_REPRESENTATION_CONTEXT(2) 
PARAMETRIC_REPRESENTATION_CONTEXT() REPRESENTATION_CONTEXT('2D SPACE',''
  ) );
#4429 = ORIENTED_EDGE('',*,*,#4430,.F.);
#4430 = EDGE_CURVE('',#4305,#4408,#4431,.T.);
#4431 = SURFACE_CURVE('',#4432,(#4436,#4443),.PCURVE_S1.);
#4432 = LINE('',#4433,#4434);
#4433 = CARTESIAN_POINT('',(45.5,30.5,85.));
#4434 = VECTOR('',#4435,1.);
#4435 = DIRECTION('',(0.,-1.,2.22044604925E-16));
#4436 = PCURVE('',#2260,#4437);
#4437 = DEFINITIONAL_REPRESENTATION('',(#4438),#4442);
#4438 = LINE('',#4439,#4440);
#4439 = CARTESIAN_POINT('',(30.5,-85.));
#4440 = VECTOR('',#4441,1.);
#4441 = DIRECTION('',(-1.,-2.22044604925E-16));
#4442 = ( GEOMETRIC_REPRESENTATION_CONTEXT(2) 
PARAMETRIC_REPRESENTATION_CONTEXT() REPRESENTATION_CONTEXT('2D SPACE',''
  ) );
#4443 = PCURVE('',#4341,#4444);
#4444 = DEFINITIONAL_REPRESENTATION('',(#4445),#4449);
#4445 = LINE('',#4446,#4447);
#4446 = CARTESIAN_POINT('',(21.213203435596,-2.22044604925E-16));
#4447 = VECTOR('',#4448,1.);
#4448 = DIRECTION('',(0.,-1.));
#4449 = ( GEOMETRIC_REPRESENTATION_CONTEXT(2) 
PARAMETRIC_REPRESENTATION_CONTEXT() REPRESENTATION_CONTEXT('2D SPACE',''
  ) );
#4450 = ORIENTED_EDGE('',*,*,#4304,.F.);
#4451 = ADVANCED_FACE('',(#4452),#2288,.F.);
#4452 = FACE_BOUND('',#4453,.F.);
#4453 = EDGE_LOOP('',(#4454,#4455,#4456,#4477));
#4454 = ORIENTED_EDGE('',*,*,#2272,.F.);
#4455 = ORIENTED_EDGE('',*,*,#4382,.T.);
#4456 = ORIENTED_EDGE('',*,*,#4457,.T.);
#4457 = EDGE_CURVE('',#4360,#4408,#4458,.T.);
#4458 = SURFACE_CURVE('',#4459,(#4463,#4470),.PCURVE_S1.);
#4459 = LINE('',#4460,#4461);
#4460 = CARTESIAN_POINT('',(55.5,0.,75.));
#4461 = VECTOR('',#4462,1.);
#4462 = DIRECTION('',(0.707106781187,0.,-0.707106781187));
#4463 = PCURVE('',#2288,#4464);
#4464 = DEFINITIONAL_REPRESENTATION('',(#4465),#4469);
#4465 = LINE('',#4466,#4467);
#4466 = CARTESIAN_POINT('',(25.,-75.));
#4467 = VECTOR('',#4468,1.);
#4468 = DIRECTION('',(0.707106781187,0.707106781187));
#4469 = ( GEOMETRIC_REPRESENTATION_CONTEXT(2) 
PARAMETRIC_REPRESENTATION_CONTEXT() REPRESENTATION_CONTEXT('2D SPACE',''
  ) );
#4470 = PCURVE('',#4341,#4471);
#4471 = DEFINITIONAL_REPRESENTATION('',(#4472),#4476);
#4472 = LINE('',#4473,#4474);
#4473 = CARTESIAN_POINT('',(35.355339059327,-30.5));
#4474 = VECTOR('',#4475,1.);
#4475 = DIRECTION('',(1.,1.570092458684E-16));
#4476 = ( GEOMETRIC_REPRESENTATION_CONTEXT(2) 
PARAMETRIC_REPRESENTATION_CONTEXT() REPRESENTATION_CONTEXT('2D SPACE',''
  ) );
#4477 = ORIENTED_EDGE('',*,*,#4407,.F.);
#4478 = ADVANCED_FACE('',(#4479),#2736,.T.);
#4479 = FACE_BOUND('',#4480,.T.);
#4480 = EDGE_LOOP('',(#4481,#4482,#4503,#4504));
#4481 = ORIENTED_EDGE('',*,*,#2722,.F.);
#4482 = ORIENTED_EDGE('',*,*,#4483,.T.);
#4483 = EDGE_CURVE('',#2695,#3702,#4484,.T.);
#4484 = SURFACE_CURVE('',#4485,(#4489,#4496),.PCURVE_S1.);
#4485 = LINE('',#4486,#4487);
#4486 = CARTESIAN_POINT('',(30.5,30.5,100.));
#4487 = VECTOR('',#4488,1.);
#4488 = DIRECTION('',(0.,-1.,2.22044604925E-16));
#4489 = PCURVE('',#2736,#4490);
#4490 = DEFINITIONAL_REPRESENTATION('',(#4491),#4495);
#4491 = LINE('',#4492,#4493);
#4492 = CARTESIAN_POINT('',(0.,0.));
#4493 = VECTOR('',#4494,1.);
#4494 = DIRECTION('',(0.,-1.));
#4495 = ( GEOMETRIC_REPRESENTATION_CONTEXT(2) 
PARAMETRIC_REPRESENTATION_CONTEXT() REPRESENTATION_CONTEXT('2D SPACE',''
  ) );
#4496 = PCURVE('',#2710,#4497);
#4497 = DEFINITIONAL_REPRESENTATION('',(#4498),#4502);
#4498 = LINE('',#4499,#4500);
#4499 = CARTESIAN_POINT('',(7.13543795942,23.36456204058));
#4500 = VECTOR('',#4501,1.);
#4501 = DIRECTION('',(0.,-1.));
#4502 = ( GEOMETRIC_REPRESENTATION_CONTEXT(2) 
PARAMETRIC_REPRESENTATION_CONTEXT() REPRESENTATION_CONTEXT('2D SPACE',''
  ) );
#4503 = ORIENTED_EDGE('',*,*,#3724,.T.);
#4504 = ORIENTED_EDGE('',*,*,#3626,.F.);
#4505 = ADVANCED_FACE('',(#4506,#4641),#2710,.T.);
#4506 = FACE_BOUND('',#4507,.T.);
#4507 = EDGE_LOOP('',(#4508,#4509,#4530,#4531,#4552,#4553,#4574,#4595,
    #4596,#4617,#4618,#4619,#4620));
#4508 = ORIENTED_EDGE('',*,*,#2861,.F.);
#4509 = ORIENTED_EDGE('',*,*,#4510,.T.);
#4510 = EDGE_CURVE('',#2834,#3556,#4511,.T.);
#4511 = SURFACE_CURVE('',#4512,(#4516,#4523),.PCURVE_S1.);
#4512 = LINE('',#4513,#4514);
#4513 = CARTESIAN_POINT('',(0.,0.,100.));
#4514 = VECTOR('',#4515,1.);
#4515 = DIRECTION('',(1.,0.,0.));
#4516 = PCURVE('',#2710,#4517);
#4517 = DEFINITIONAL_REPRESENTATION('',(#4518),#4522);
#4518 = LINE('',#4519,#4520);
#4519 = CARTESIAN_POINT('',(-23.36456204058,-7.13543795942));
#4520 = VECTOR('',#4521,1.);
#4521 = DIRECTION('',(1.,0.));
#4522 = ( GEOMETRIC_REPRESENTATION_CONTEXT(2) 
PARAMETRIC_REPRESENTATION_CONTEXT() REPRESENTATION_CONTEXT('2D SPACE',''
  ) );
#4523 = PCURVE('',#2849,#4524);
#4524 = DEFINITIONAL_REPRESENTATION('',(#4525),#4529);
#4525 = LINE('',#4526,#4527);
#4526 = CARTESIAN_POINT('',(0.,0.));
#4527 = VECTOR('',#4528,1.);
#4528 = DIRECTION('',(0.,-1.));
#4529 = ( GEOMETRIC_REPRESENTATION_CONTEXT(2) 
PARAMETRIC_REPRESENTATION_CONTEXT() REPRESENTATION_CONTEXT('2D SPACE',''
  ) );
#4530 = ORIENTED_EDGE('',*,*,#3652,.T.);
#4531 = ORIENTED_EDGE('',*,*,#4532,.T.);
#4532 = EDGE_CURVE('',#3653,#3958,#4533,.T.);
#4533 = SURFACE_CURVE('',#4534,(#4538,#4545),.PCURVE_S1.);
#4534 = LINE('',#4535,#4536);
#4535 = CARTESIAN_POINT('',(0.,0.,100.));
#4536 = VECTOR('',#4537,1.);
#4537 = DIRECTION('',(1.,0.,0.));
#4538 = PCURVE('',#2710,#4539);
#4539 = DEFINITIONAL_REPRESENTATION('',(#4540),#4544);
#4540 = LINE('',#4541,#4542);
#4541 = CARTESIAN_POINT('',(-23.36456204058,-7.13543795942));
#4542 = VECTOR('',#4543,1.);
#4543 = DIRECTION('',(1.,0.));
#4544 = ( GEOMETRIC_REPRESENTATION_CONTEXT(2) 
PARAMETRIC_REPRESENTATION_CONTEXT() REPRESENTATION_CONTEXT('2D SPACE',''
  ) );
#4545 = PCURVE('',#3767,#4546);
#4546 = DEFINITIONAL_REPRESENTATION('',(#4547),#4551);
#4547 = LINE('',#4548,#4549);
#4548 = CARTESIAN_POINT('',(0.,0.));
#4549 = VECTOR('',#4550,1.);
#4550 = DIRECTION('',(0.,-1.));
#4551 = ( GEOMETRIC_REPRESENTATION_CONTEXT(2) 
PARAMETRIC_REPRESENTATION_CONTEXT() REPRESENTATION_CONTEXT('2D SPACE',''
  ) );
#4552 = ORIENTED_EDGE('',*,*,#4054,.T.);
#4553 = ORIENTED_EDGE('',*,*,#4554,.T.);
#4554 = EDGE_CURVE('',#4055,#4360,#4555,.T.);
#4555 = SURFACE_CURVE('',#4556,(#4560,#4567),.PCURVE_S1.);
#4556 = LINE('',#4557,#4558);
#4557 = CARTESIAN_POINT('',(0.,0.,100.));
#4558 = VECTOR('',#4559,1.);
#4559 = DIRECTION('',(1.,0.,0.));
#4560 = PCURVE('',#2710,#4561);
#4561 = DEFINITIONAL_REPRESENTATION('',(#4562),#4566);
#4562 = LINE('',#4563,#4564);
#4563 = CARTESIAN_POINT('',(-23.36456204058,-7.13543795942));
#4564 = VECTOR('',#4565,1.);
#4565 = DIRECTION('',(1.,0.));
#4566 = ( GEOMETRIC_REPRESENTATION_CONTEXT(2) 
PARAMETRIC_REPRESENTATION_CONTEXT() REPRESENTATION_CONTEXT('2D SPACE',''
  ) );
#4567 = PCURVE('',#4169,#4568);
#4568 = DEFINITIONAL_REPRESENTATION('',(#4569),#4573);
#4569 = LINE('',#4570,#4571);
#4570 = CARTESIAN_POINT('',(0.,0.));
#4571 = VECTOR('',#4572,1.);
#4572 = DIRECTION('',(0.,-1.));
#4573 = ( GEOMETRIC_REPRESENTATION_CONTEXT(2) 
PARAMETRIC_REPRESENTATION_CONTEXT() REPRESENTATION_CONTEXT('2D SPACE',''
  ) );
#4574 = ORIENTED_EDGE('',*,*,#4575,.F.);
#4575 = EDGE_CURVE('',#4206,#4360,#4576,.T.);
#4576 = SURFACE_CURVE('',#4577,(#4581,#4588),.PCURVE_S1.);
#4577 = LINE('',#4578,#4579);
#4578 = CARTESIAN_POINT('',(30.5,30.5,100.));
#4579 = VECTOR('',#4580,1.);
#4580 = DIRECTION('',(0.,-1.,2.22044604925E-16));
#4581 = PCURVE('',#2710,#4582);
#4582 = DEFINITIONAL_REPRESENTATION('',(#4583),#4587);
#4583 = LINE('',#4584,#4585);
#4584 = CARTESIAN_POINT('',(7.13543795942,23.36456204058));
#4585 = VECTOR('',#4586,1.);
#4586 = DIRECTION('',(0.,-1.));
#4587 = ( GEOMETRIC_REPRESENTATION_CONTEXT(2) 
PARAMETRIC_REPRESENTATION_CONTEXT() REPRESENTATION_CONTEXT('2D SPACE',''
  ) );
#4588 = PCURVE('',#4341,#4589);
#4589 = DEFINITIONAL_REPRESENTATION('',(#4590),#4594);
#4590 = LINE('',#4591,#4592);
#4591 = CARTESIAN_POINT('',(0.,0.));
#4592 = VECTOR('',#4593,1.);
#4593 = DIRECTION('',(0.,-1.));
#4594 = ( GEOMETRIC_REPRESENTATION_CONTEXT(2) 
PARAMETRIC_REPRESENTATION_CONTEXT() REPRESENTATION_CONTEXT('2D SPACE',''
  ) );
#4595 = ORIENTED_EDGE('',*,*,#4228,.T.);
#4596 = ORIENTED_EDGE('',*,*,#4597,.F.);
#4597 = EDGE_CURVE('',#3804,#4104,#4598,.T.);
#4598 = SURFACE_CURVE('',#4599,(#4603,#4610),.PCURVE_S1.);
#4599 = LINE('',#4600,#4601);
#4600 = CARTESIAN_POINT('',(30.5,30.5,100.));
#4601 = VECTOR('',#4602,1.);
#4602 = DIRECTION('',(0.,-1.,2.22044604925E-16));
#4603 = PCURVE('',#2710,#4604);
#4604 = DEFINITIONAL_REPRESENTATION('',(#4605),#4609);
#4605 = LINE('',#4606,#4607);
#4606 = CARTESIAN_POINT('',(7.13543795942,23.36456204058));
#4607 = VECTOR('',#4608,1.);
#4608 = DIRECTION('',(0.,-1.));
#4609 = ( GEOMETRIC_REPRESENTATION_CONTEXT(2) 
PARAMETRIC_REPRESENTATION_CONTEXT() REPRESENTATION_CONTEXT('2D SPACE',''
  ) );
#4610 = PCURVE('',#3939,#4611);
#4611 = DEFINITIONAL_REPRESENTATION('',(#4612),#4616);
#4612 = LINE('',#4613,#4614);
#4613 = CARTESIAN_POINT('',(0.,0.));
#4614 = VECTOR('',#4615,1.);
#4615 = DIRECTION('',(0.,-1.));
#4616 = ( GEOMETRIC_REPRESENTATION_CONTEXT(2) 
PARAMETRIC_REPRESENTATION_CONTEXT() REPRESENTATION_CONTEXT('2D SPACE',''
  ) );
#4617 = ORIENTED_EDGE('',*,*,#3826,.T.);
#4618 = ORIENTED_EDGE('',*,*,#4483,.F.);
#4619 = ORIENTED_EDGE('',*,*,#2694,.T.);
#4620 = ORIENTED_EDGE('',*,*,#4621,.T.);
#4621 = EDGE_CURVE('',#2667,#2862,#4622,.T.);
#4622 = SURFACE_CURVE('',#4623,(#4627,#4634),.PCURVE_S1.);
#4623 = LINE('',#4624,#4625);
#4624 = CARTESIAN_POINT('',(28.,30.5,100.));
#4625 = VECTOR('',#4626,1.);
#4626 = DIRECTION('',(-0.707106781187,-0.707106781187,0.));
#4627 = PCURVE('',#2710,#4628);
#4628 = DEFINITIONAL_REPRESENTATION('',(#4629),#4633);
#4629 = LINE('',#4630,#4631);
#4630 = CARTESIAN_POINT('',(4.63543795942,23.36456204058));
#4631 = VECTOR('',#4632,1.);
#4632 = DIRECTION('',(-0.707106781187,-0.707106781187));
#4633 = ( GEOMETRIC_REPRESENTATION_CONTEXT(2) 
PARAMETRIC_REPRESENTATION_CONTEXT() REPRESENTATION_CONTEXT('2D SPACE',''
  ) );
#4634 = PCURVE('',#2682,#4635);
#4635 = DEFINITIONAL_REPRESENTATION('',(#4636),#4640);
#4636 = LINE('',#4637,#4638);
#4637 = CARTESIAN_POINT('',(0.,-2.5));
#4638 = VECTOR('',#4639,1.);
#4639 = DIRECTION('',(1.,-0.));
#4640 = ( GEOMETRIC_REPRESENTATION_CONTEXT(2) 
PARAMETRIC_REPRESENTATION_CONTEXT() REPRESENTATION_CONTEXT('2D SPACE',''
  ) );
#4641 = FACE_BOUND('',#4642,.T.);
#4642 = EDGE_LOOP('',(#4643));
#4643 = ORIENTED_EDGE('',*,*,#4644,.F.);
#4644 = EDGE_CURVE('',#4645,#4645,#4647,.T.);
#4645 = VERTEX_POINT('',#4646);
#4646 = CARTESIAN_POINT('',(19.2,9.5,100.));
#4647 = SURFACE_CURVE('',#4648,(#4653,#4660),.PCURVE_S1.);
#4648 = CIRCLE('',#4649,1.8);
#4649 = AXIS2_PLACEMENT_3D('',#4650,#4651,#4652);
#4650 = CARTESIAN_POINT('',(21.,9.5,100.));
#4651 = DIRECTION('',(0.,-0.,1.));
#4652 = DIRECTION('',(-1.,0.,0.));
#4653 = PCURVE('',#2710,#4654);
#4654 = DEFINITIONAL_REPRESENTATION('',(#4655),#4659);
#4655 = CIRCLE('',#4656,1.8);
#4656 = AXIS2_PLACEMENT_2D('',#4657,#4658);
#4657 = CARTESIAN_POINT('',(-2.36456204058,2.36456204058));
#4658 = DIRECTION('',(-1.,0.));
#4659 = ( GEOMETRIC_REPRESENTATION_CONTEXT(2) 
PARAMETRIC_REPRESENTATION_CONTEXT() REPRESENTATION_CONTEXT('2D SPACE',''
  ) );
#4660 = PCURVE('',#4661,#4666);
#4661 = CYLINDRICAL_SURFACE('',#4662,1.8);
#4662 = AXIS2_PLACEMENT_3D('',#4663,#4664,#4665);
#4663 = CARTESIAN_POINT('',(21.,9.5,0.));
#4664 = DIRECTION('',(0.,0.,1.));
#4665 = DIRECTION('',(-1.,0.,0.));
#4666 = DEFINITIONAL_REPRESENTATION('',(#4667),#4671);
#4667 = LINE('',#4668,#4669);
#4668 = CARTESIAN_POINT('',(-6.28318530718,100.));
#4669 = VECTOR('',#4670,1.);
#4670 = DIRECTION('',(1.,-0.));
#4671 = ( GEOMETRIC_REPRESENTATION_CONTEXT(2) 
PARAMETRIC_REPRESENTATION_CONTEXT() REPRESENTATION_CONTEXT('2D SPACE',''
  ) );
#4672 = ADVANCED_FACE('',(#4673),#2682,.F.);
#4673 = FACE_BOUND('',#4674,.F.);
#4674 = EDGE_LOOP('',(#4675,#4676,#4677,#4678));
#4675 = ORIENTED_EDGE('',*,*,#2666,.T.);
#4676 = ORIENTED_EDGE('',*,*,#4621,.T.);
#4677 = ORIENTED_EDGE('',*,*,#2884,.F.);
#4678 = ORIENTED_EDGE('',*,*,#4679,.F.);
#4679 = EDGE_CURVE('',#2639,#2885,#4680,.T.);
#4680 = SURFACE_CURVE('',#4681,(#4685,#4692),.PCURVE_S1.);
#4681 = LINE('',#4682,#4683);
#4682 = CARTESIAN_POINT('',(28.,30.5,97.5));
#4683 = VECTOR('',#4684,1.);
#4684 = DIRECTION('',(-0.707106781187,-0.707106781187,0.));
#4685 = PCURVE('',#2682,#4686);
#4686 = DEFINITIONAL_REPRESENTATION('',(#4687),#4691);
#4687 = LINE('',#4688,#4689);
#4688 = CARTESIAN_POINT('',(0.,0.));
#4689 = VECTOR('',#4690,1.);
#4690 = DIRECTION('',(1.,-0.));
#4691 = ( GEOMETRIC_REPRESENTATION_CONTEXT(2) 
PARAMETRIC_REPRESENTATION_CONTEXT() REPRESENTATION_CONTEXT('2D SPACE',''
  ) );
#4692 = PCURVE('',#4693,#4698);
#4693 = B_SPLINE_SURFACE_WITH_KNOTS('',1,1,(
    (#4694,#4695)
    ,(#4696,#4697
    )),.UNSPECIFIED.,.F.,.F.,.F.,(2,2),(2,2),(0.,36.31481274907),(0.,1.)
  ,.PIECEWISE_BEZIER_KNOTS.);
#4694 = CARTESIAN_POINT('',(28.,2.5,74.375));
#4695 = CARTESIAN_POINT('',(28.,2.5,74.375));
#4696 = CARTESIAN_POINT('',(28.,30.5,97.5));
#4697 = CARTESIAN_POINT('',(1.859623566247E-15,2.5,97.5));
#4698 = DEFINITIONAL_REPRESENTATION('',(#4699),#4702);
#4699 = B_SPLINE_CURVE_WITH_KNOTS('',1,(#4700,#4701),.UNSPECIFIED.,.F.,
  .F.,(2,2),(0.,39.597979746447),.PIECEWISE_BEZIER_KNOTS.);
#4700 = CARTESIAN_POINT('',(36.31481274907,0.));
#4701 = CARTESIAN_POINT('',(36.31481274907,1.));
#4702 = ( GEOMETRIC_REPRESENTATION_CONTEXT(2) 
PARAMETRIC_REPRESENTATION_CONTEXT() REPRESENTATION_CONTEXT('2D SPACE',''
  ) );
#4703 = ADVANCED_FACE('',(#4704),#2654,.T.);
#4704 = FACE_BOUND('',#4705,.T.);
#4705 = EDGE_LOOP('',(#4706,#4707,#4735));
#4706 = ORIENTED_EDGE('',*,*,#2638,.F.);
#4707 = ORIENTED_EDGE('',*,*,#4708,.T.);
#4708 = EDGE_CURVE('',#2611,#4709,#4711,.T.);
#4709 = VERTEX_POINT('',#4710);
#4710 = CARTESIAN_POINT('',(28.,2.5,74.375));
#4711 = SURFACE_CURVE('',#4712,(#4716,#4723),.PCURVE_S1.);
#4712 = LINE('',#4713,#4714);
#4713 = CARTESIAN_POINT('',(28.,30.5,51.25));
#4714 = VECTOR('',#4715,1.);
#4715 = DIRECTION('',(0.,-0.771035229989,0.636792489054));
#4716 = PCURVE('',#2654,#4717);
#4717 = DEFINITIONAL_REPRESENTATION('',(#4718),#4722);
#4718 = LINE('',#4719,#4720);
#4719 = CARTESIAN_POINT('',(28.,-51.25));
#4720 = VECTOR('',#4721,1.);
#4721 = DIRECTION('',(-0.771035229989,-0.636792489054));
#4722 = ( GEOMETRIC_REPRESENTATION_CONTEXT(2) 
PARAMETRIC_REPRESENTATION_CONTEXT() REPRESENTATION_CONTEXT('2D SPACE',''
  ) );
#4723 = PCURVE('',#4724,#4729);
#4724 = B_SPLINE_SURFACE_WITH_KNOTS('',1,1,(
    (#4725,#4726)
    ,(#4727,#4728
    )),.UNSPECIFIED.,.F.,.F.,.F.,(2,2),(2,2),(0.,36.31481274907),(0.,1.)
  ,.PIECEWISE_BEZIER_KNOTS.);
#4725 = CARTESIAN_POINT('',(28.,30.5,51.25));
#4726 = CARTESIAN_POINT('',(5.412337245048E-15,2.5,51.25));
#4727 = CARTESIAN_POINT('',(28.,2.5,74.375));
#4728 = CARTESIAN_POINT('',(28.,2.5,74.375));
#4729 = DEFINITIONAL_REPRESENTATION('',(#4730),#4734);
#4730 = LINE('',#4731,#4732);
#4731 = CARTESIAN_POINT('',(0.,0.));
#4732 = VECTOR('',#4733,1.);
#4733 = DIRECTION('',(1.,0.));
#4734 = ( GEOMETRIC_REPRESENTATION_CONTEXT(2) 
PARAMETRIC_REPRESENTATION_CONTEXT() REPRESENTATION_CONTEXT('2D SPACE',''
  ) );
#4735 = ORIENTED_EDGE('',*,*,#4736,.T.);
#4736 = EDGE_CURVE('',#4709,#2639,#4737,.T.);
#4737 = SURFACE_CURVE('',#4738,(#4742,#4749),.PCURVE_S1.);
#4738 = LINE('',#4739,#4740);
#4739 = CARTESIAN_POINT('',(28.,2.5,74.375));
#4740 = VECTOR('',#4741,1.);
#4741 = DIRECTION('',(0.,0.771035229989,0.636792489054));
#4742 = PCURVE('',#2654,#4743);
#4743 = DEFINITIONAL_REPRESENTATION('',(#4744),#4748);
#4744 = LINE('',#4745,#4746);
#4745 = CARTESIAN_POINT('',(5.329070518201E-15,-74.375));
#4746 = VECTOR('',#4747,1.);
#4747 = DIRECTION('',(0.771035229989,-0.636792489054));
#4748 = ( GEOMETRIC_REPRESENTATION_CONTEXT(2) 
PARAMETRIC_REPRESENTATION_CONTEXT() REPRESENTATION_CONTEXT('2D SPACE',''
  ) );
#4749 = PCURVE('',#4693,#4750);
#4750 = DEFINITIONAL_REPRESENTATION('',(#4751),#4755);
#4751 = LINE('',#4752,#4753);
#4752 = CARTESIAN_POINT('',(0.,0.));
#4753 = VECTOR('',#4754,1.);
#4754 = DIRECTION('',(1.,0.));
#4755 = ( GEOMETRIC_REPRESENTATION_CONTEXT(2) 
PARAMETRIC_REPRESENTATION_CONTEXT() REPRESENTATION_CONTEXT('2D SPACE',''
  ) );
#4756 = ADVANCED_FACE('',(#4757),#2626,.F.);
#4757 = FACE_BOUND('',#4758,.F.);
#4758 = EDGE_LOOP('',(#4759,#4760,#4780,#4781));
#4759 = ORIENTED_EDGE('',*,*,#2610,.T.);
#4760 = ORIENTED_EDGE('',*,*,#4761,.T.);
#4761 = EDGE_CURVE('',#2611,#2908,#4762,.T.);
#4762 = SURFACE_CURVE('',#4763,(#4767,#4774),.PCURVE_S1.);
#4763 = LINE('',#4764,#4765);
#4764 = CARTESIAN_POINT('',(28.,30.5,51.25));
#4765 = VECTOR('',#4766,1.);
#4766 = DIRECTION('',(-0.707106781187,-0.707106781187,0.));
#4767 = PCURVE('',#2626,#4768);
#4768 = DEFINITIONAL_REPRESENTATION('',(#4769),#4773);
#4769 = LINE('',#4770,#4771);
#4770 = CARTESIAN_POINT('',(0.,-2.5));
#4771 = VECTOR('',#4772,1.);
#4772 = DIRECTION('',(1.,-0.));
#4773 = ( GEOMETRIC_REPRESENTATION_CONTEXT(2) 
PARAMETRIC_REPRESENTATION_CONTEXT() REPRESENTATION_CONTEXT('2D SPACE',''
  ) );
#4774 = PCURVE('',#4724,#4775);
#4775 = DEFINITIONAL_REPRESENTATION('',(#4776),#4779);
#4776 = B_SPLINE_CURVE_WITH_KNOTS('',1,(#4777,#4778),.UNSPECIFIED.,.F.,
  .F.,(2,2),(0.,39.597979746447),.PIECEWISE_BEZIER_KNOTS.);
#4777 = CARTESIAN_POINT('',(0.,0.));
#4778 = CARTESIAN_POINT('',(0.,1.));
#4779 = ( GEOMETRIC_REPRESENTATION_CONTEXT(2) 
PARAMETRIC_REPRESENTATION_CONTEXT() REPRESENTATION_CONTEXT('2D SPACE',''
  ) );
#4780 = ORIENTED_EDGE('',*,*,#2935,.F.);
#4781 = ORIENTED_EDGE('',*,*,#2961,.F.);
#4782 = ADVANCED_FACE('',(#4783),#2923,.T.);
#4783 = FACE_BOUND('',#4784,.T.);
#4784 = EDGE_LOOP('',(#4785,#4806,#4807));
#4785 = ORIENTED_EDGE('',*,*,#4786,.F.);
#4786 = EDGE_CURVE('',#2908,#4709,#4787,.T.);
#4787 = SURFACE_CURVE('',#4788,(#4792,#4799),.PCURVE_S1.);
#4788 = LINE('',#4789,#4790);
#4789 = CARTESIAN_POINT('',(5.412337245048E-15,2.5,51.25));
#4790 = VECTOR('',#4791,1.);
#4791 = DIRECTION('',(0.771035229989,1.413963366512E-16,0.636792489054)
  );
#4792 = PCURVE('',#2923,#4793);
#4793 = DEFINITIONAL_REPRESENTATION('',(#4794),#4798);
#4794 = LINE('',#4795,#4796);
#4795 = CARTESIAN_POINT('',(5.412337245048E-15,-51.25));
#4796 = VECTOR('',#4797,1.);
#4797 = DIRECTION('',(0.771035229989,-0.636792489054));
#4798 = ( GEOMETRIC_REPRESENTATION_CONTEXT(2) 
PARAMETRIC_REPRESENTATION_CONTEXT() REPRESENTATION_CONTEXT('2D SPACE',''
  ) );
#4799 = PCURVE('',#4724,#4800);
#4800 = DEFINITIONAL_REPRESENTATION('',(#4801),#4805);
#4801 = LINE('',#4802,#4803);
#4802 = CARTESIAN_POINT('',(0.,1.));
#4803 = VECTOR('',#4804,1.);
#4804 = DIRECTION('',(1.,0.));
#4805 = ( GEOMETRIC_REPRESENTATION_CONTEXT(2) 
PARAMETRIC_REPRESENTATION_CONTEXT() REPRESENTATION_CONTEXT('2D SPACE',''
  ) );
#4806 = ORIENTED_EDGE('',*,*,#2907,.T.);
#4807 = ORIENTED_EDGE('',*,*,#4808,.F.);
#4808 = EDGE_CURVE('',#4709,#2885,#4809,.T.);
#4809 = SURFACE_CURVE('',#4810,(#4814,#4821),.PCURVE_S1.);
#4810 = LINE('',#4811,#4812);
#4811 = CARTESIAN_POINT('',(28.,2.5,74.375));
#4812 = VECTOR('',#4813,1.);
#4813 = DIRECTION('',(-0.771035229989,1.413963366512E-16,0.636792489054)
  );
#4814 = PCURVE('',#2923,#4815);
#4815 = DEFINITIONAL_REPRESENTATION('',(#4816),#4820);
#4816 = LINE('',#4817,#4818);
#4817 = CARTESIAN_POINT('',(28.,-74.375));
#4818 = VECTOR('',#4819,1.);
#4819 = DIRECTION('',(-0.771035229989,-0.636792489054));
#4820 = ( GEOMETRIC_REPRESENTATION_CONTEXT(2) 
PARAMETRIC_REPRESENTATION_CONTEXT() REPRESENTATION_CONTEXT('2D SPACE',''
  ) );
#4821 = PCURVE('',#4693,#4822);
#4822 = DEFINITIONAL_REPRESENTATION('',(#4823),#4827);
#4823 = LINE('',#4824,#4825);
#4824 = CARTESIAN_POINT('',(0.,1.));
#4825 = VECTOR('',#4826,1.);
#4826 = DIRECTION('',(1.,0.));
#4827 = ( GEOMETRIC_REPRESENTATION_CONTEXT(2) 
PARAMETRIC_REPRESENTATION_CONTEXT() REPRESENTATION_CONTEXT('2D SPACE',''
  ) );
#4828 = ADVANCED_FACE('',(#4829),#2849,.F.);
#4829 = FACE_BOUND('',#4830,.F.);
#4830 = EDGE_LOOP('',(#4831,#4832,#4833,#4834,#4857));
#4831 = ORIENTED_EDGE('',*,*,#2833,.F.);
#4832 = ORIENTED_EDGE('',*,*,#4510,.T.);
#4833 = ORIENTED_EDGE('',*,*,#3555,.T.);
#4834 = ORIENTED_EDGE('',*,*,#4835,.F.);
#4835 = EDGE_CURVE('',#4836,#3527,#4838,.T.);
#4836 = VERTEX_POINT('',#4837);
#4837 = CARTESIAN_POINT('',(1.25,-3.964466094067,96.035533905933));
#4838 = SURFACE_CURVE('',#4839,(#4843,#4850),.PCURVE_S1.);
#4839 = LINE('',#4840,#4841);
#4840 = CARTESIAN_POINT('',(1.25,-3.964466094067,96.035533905933));
#4841 = VECTOR('',#4842,1.);
#4842 = DIRECTION('',(0.707106781187,0.5,0.5));
#4843 = PCURVE('',#2849,#4844);
#4844 = DEFINITIONAL_REPRESENTATION('',(#4845),#4849);
#4845 = LINE('',#4846,#4847);
#4846 = CARTESIAN_POINT('',(5.606601717798,-1.25));
#4847 = VECTOR('',#4848,1.);
#4848 = DIRECTION('',(-0.707106781187,-0.707106781187));
#4849 = ( GEOMETRIC_REPRESENTATION_CONTEXT(2) 
PARAMETRIC_REPRESENTATION_CONTEXT() REPRESENTATION_CONTEXT('2D SPACE',''
  ) );
#4850 = PCURVE('',#3543,#4851);
#4851 = DEFINITIONAL_REPRESENTATION('',(#4852),#4856);
#4852 = LINE('',#4853,#4854);
#4853 = CARTESIAN_POINT('',(-0.,0.));
#4854 = VECTOR('',#4855,1.);
#4855 = DIRECTION('',(-0.,1.));
#4856 = ( GEOMETRIC_REPRESENTATION_CONTEXT(2) 
PARAMETRIC_REPRESENTATION_CONTEXT() REPRESENTATION_CONTEXT('2D SPACE',''
  ) );
#4857 = ORIENTED_EDGE('',*,*,#4858,.F.);
#4858 = EDGE_CURVE('',#2805,#4836,#4859,.T.);
#4859 = SURFACE_CURVE('',#4860,(#4864,#4871),.PCURVE_S1.);
#4860 = LINE('',#4861,#4862);
#4861 = CARTESIAN_POINT('',(0.,-3.964466094067,96.035533905933));
#4862 = VECTOR('',#4863,1.);
#4863 = DIRECTION('',(1.,0.,0.));
#4864 = PCURVE('',#2849,#4865);
#4865 = DEFINITIONAL_REPRESENTATION('',(#4866),#4870);
#4866 = LINE('',#4867,#4868);
#4867 = CARTESIAN_POINT('',(5.606601717798,-0.));
#4868 = VECTOR('',#4869,1.);
#4869 = DIRECTION('',(0.,-1.));
#4870 = ( GEOMETRIC_REPRESENTATION_CONTEXT(2) 
PARAMETRIC_REPRESENTATION_CONTEXT() REPRESENTATION_CONTEXT('2D SPACE',''
  ) );
#4871 = PCURVE('',#2821,#4872);
#4872 = DEFINITIONAL_REPRESENTATION('',(#4873),#4877);
#4873 = LINE('',#4874,#4875);
#4874 = CARTESIAN_POINT('',(-0.,0.));
#4875 = VECTOR('',#4876,1.);
#4876 = DIRECTION('',(-0.,1.));
#4877 = ( GEOMETRIC_REPRESENTATION_CONTEXT(2) 
PARAMETRIC_REPRESENTATION_CONTEXT() REPRESENTATION_CONTEXT('2D SPACE',''
  ) );
#4878 = ADVANCED_FACE('',(#4879),#2821,.F.);
#4879 = FACE_BOUND('',#4880,.T.);
#4880 = EDGE_LOOP('',(#4881,#4882,#4883,#4906));
#4881 = ORIENTED_EDGE('',*,*,#4858,.F.);
#4882 = ORIENTED_EDGE('',*,*,#2804,.T.);
#4883 = ORIENTED_EDGE('',*,*,#4884,.T.);
#4884 = EDGE_CURVE('',#2777,#4885,#4887,.T.);
#4885 = VERTEX_POINT('',#4886);
#4886 = CARTESIAN_POINT('',(1.25,-11.03553390593,88.964466094067));
#4887 = SURFACE_CURVE('',#4888,(#4892,#4899),.PCURVE_S1.);
#4888 = LINE('',#4889,#4890);
#4889 = CARTESIAN_POINT('',(0.,-11.03553390593,88.964466094067));
#4890 = VECTOR('',#4891,1.);
#4891 = DIRECTION('',(1.,0.,0.));
#4892 = PCURVE('',#2821,#4893);
#4893 = DEFINITIONAL_REPRESENTATION('',(#4894),#4898);
#4894 = LINE('',#4895,#4896);
#4895 = CARTESIAN_POINT('',(-3.14159265359,0.));
#4896 = VECTOR('',#4897,1.);
#4897 = DIRECTION('',(-0.,1.));
#4898 = ( GEOMETRIC_REPRESENTATION_CONTEXT(2) 
PARAMETRIC_REPRESENTATION_CONTEXT() REPRESENTATION_CONTEXT('2D SPACE',''
  ) );
#4899 = PCURVE('',#2792,#4900);
#4900 = DEFINITIONAL_REPRESENTATION('',(#4901),#4905);
#4901 = LINE('',#4902,#4903);
#4902 = CARTESIAN_POINT('',(15.606601717798,-0.));
#4903 = VECTOR('',#4904,1.);
#4904 = DIRECTION('',(0.,-1.));
#4905 = ( GEOMETRIC_REPRESENTATION_CONTEXT(2) 
PARAMETRIC_REPRESENTATION_CONTEXT() REPRESENTATION_CONTEXT('2D SPACE',''
  ) );
#4906 = ORIENTED_EDGE('',*,*,#4907,.F.);
#4907 = EDGE_CURVE('',#4836,#4885,#4908,.T.);
#4908 = SURFACE_CURVE('',#4909,(#4914,#4921),.PCURVE_S1.);
#4909 = CIRCLE('',#4910,5.);
#4910 = AXIS2_PLACEMENT_3D('',#4911,#4912,#4913);
#4911 = CARTESIAN_POINT('',(1.25,-7.5,92.5));
#4912 = DIRECTION('',(-1.,0.,0.));
#4913 = DIRECTION('',(0.,0.707106781187,0.707106781187));
#4914 = PCURVE('',#2821,#4915);
#4915 = DEFINITIONAL_REPRESENTATION('',(#4916),#4920);
#4916 = LINE('',#4917,#4918);
#4917 = CARTESIAN_POINT('',(-0.,1.25));
#4918 = VECTOR('',#4919,1.);
#4919 = DIRECTION('',(-1.,0.));
#4920 = ( GEOMETRIC_REPRESENTATION_CONTEXT(2) 
PARAMETRIC_REPRESENTATION_CONTEXT() REPRESENTATION_CONTEXT('2D SPACE',''
  ) );
#4921 = PCURVE('',#3543,#4922);
#4922 = DEFINITIONAL_REPRESENTATION('',(#4923),#4927);
#4923 = LINE('',#4924,#4925);
#4924 = CARTESIAN_POINT('',(-0.,0.));
#4925 = VECTOR('',#4926,1.);
#4926 = DIRECTION('',(-1.,0.));
#4927 = ( GEOMETRIC_REPRESENTATION_CONTEXT(2) 
PARAMETRIC_REPRESENTATION_CONTEXT() REPRESENTATION_CONTEXT('2D SPACE',''
  ) );
#4928 = ADVANCED_FACE('',(#4929),#2792,.F.);
#4929 = FACE_BOUND('',#4930,.F.);
#4930 = EDGE_LOOP('',(#4931,#4932,#4933,#4954,#4955));
#4931 = ORIENTED_EDGE('',*,*,#2776,.F.);
#4932 = ORIENTED_EDGE('',*,*,#4884,.T.);
#4933 = ORIENTED_EDGE('',*,*,#4934,.T.);
#4934 = EDGE_CURVE('',#4885,#3504,#4935,.T.);
#4935 = SURFACE_CURVE('',#4936,(#4940,#4947),.PCURVE_S1.);
#4936 = LINE('',#4937,#4938);
#4937 = CARTESIAN_POINT('',(-3.75,-7.5,92.5));
#4938 = VECTOR('',#4939,1.);
#4939 = DIRECTION('',(0.707106781187,-0.5,-0.5));
#4940 = PCURVE('',#2792,#4941);
#4941 = DEFINITIONAL_REPRESENTATION('',(#4942),#4946);
#4942 = LINE('',#4943,#4944);
#4943 = CARTESIAN_POINT('',(10.606601717798,3.75));
#4944 = VECTOR('',#4945,1.);
#4945 = DIRECTION('',(0.707106781187,-0.707106781187));
#4946 = ( GEOMETRIC_REPRESENTATION_CONTEXT(2) 
PARAMETRIC_REPRESENTATION_CONTEXT() REPRESENTATION_CONTEXT('2D SPACE',''
  ) );
#4947 = PCURVE('',#3543,#4948);
#4948 = DEFINITIONAL_REPRESENTATION('',(#4949),#4953);
#4949 = LINE('',#4950,#4951);
#4950 = CARTESIAN_POINT('',(-3.14159265359,-5.));
#4951 = VECTOR('',#4952,1.);
#4952 = DIRECTION('',(-0.,1.));
#4953 = ( GEOMETRIC_REPRESENTATION_CONTEXT(2) 
PARAMETRIC_REPRESENTATION_CONTEXT() REPRESENTATION_CONTEXT('2D SPACE',''
  ) );
#4954 = ORIENTED_EDGE('',*,*,#3503,.T.);
#4955 = ORIENTED_EDGE('',*,*,#3454,.F.);
#4956 = ADVANCED_FACE('',(#4957),#3126,.F.);
#4957 = FACE_BOUND('',#4958,.T.);
#4958 = EDGE_LOOP('',(#4959,#4960,#4983,#5318,#5444,#5445));
#4959 = ORIENTED_EDGE('',*,*,#3200,.T.);
#4960 = ORIENTED_EDGE('',*,*,#4961,.T.);
#4961 = EDGE_CURVE('',#2985,#4962,#4964,.T.);
#4962 = VERTEX_POINT('',#4963);
#4963 = CARTESIAN_POINT('',(19.2,9.5,61.325892857143));
#4964 = SEAM_CURVE('',#4965,(#4969,#4976),.PCURVE_S1.);
#4965 = LINE('',#4966,#4967);
#4966 = CARTESIAN_POINT('',(19.2,9.5,0.));
#4967 = VECTOR('',#4968,1.);
#4968 = DIRECTION('',(6.100991339472E-17,0.,1.));
#4969 = PCURVE('',#3126,#4970);
#4970 = DEFINITIONAL_REPRESENTATION('',(#4971),#4975);
#4971 = LINE('',#4972,#4973);
#4972 = CARTESIAN_POINT('',(-0.,0.));
#4973 = VECTOR('',#4974,1.);
#4974 = DIRECTION('',(-0.,1.));
#4975 = ( GEOMETRIC_REPRESENTATION_CONTEXT(2) 
PARAMETRIC_REPRESENTATION_CONTEXT() REPRESENTATION_CONTEXT('2D SPACE',''
  ) );
#4976 = PCURVE('',#3126,#4977);
#4977 = DEFINITIONAL_REPRESENTATION('',(#4978),#4982);
#4978 = LINE('',#4979,#4980);
#4979 = CARTESIAN_POINT('',(-6.28318530718,0.));
#4980 = VECTOR('',#4981,1.);
#4981 = DIRECTION('',(-0.,1.));
#4982 = ( GEOMETRIC_REPRESENTATION_CONTEXT(2) 
PARAMETRIC_REPRESENTATION_CONTEXT() REPRESENTATION_CONTEXT('2D SPACE',''
  ) );
#4983 = ORIENTED_EDGE('',*,*,#4984,.T.);
#4984 = EDGE_CURVE('',#4962,#4985,#4987,.T.);
#4985 = VERTEX_POINT('',#4986);
#4986 = CARTESIAN_POINT('',(20.650457937737,11.265735072628,
    61.065507723416));
#4987 = SURFACE_CURVE('',#4988,(#5096,#5207),.PCURVE_S1.);
#4988 = B_SPLINE_CURVE_WITH_KNOTS('',8,(#4989,#4990,#4991,#4992,#4993,
    #4994,#4995,#4996,#4997,#4998,#4999,#5000,#5001,#5002,#5003,#5004,
    #5005,#5006,#5007,#5008,#5009,#5010,#5011,#5012,#5013,#5014,#5015,
    #5016,#5017,#5018,#5019,#5020,#5021,#5022,#5023,#5024,#5025,#5026,
    #5027,#5028,#5029,#5030,#5031,#5032,#5033,#5034,#5035,#5036,#5037,
    #5038,#5039,#5040,#5041,#5042,#5043,#5044,#5045,#5046,#5047,#5048,
    #5049,#5050,#5051,#5052,#5053,#5054,#5055,#5056,#5057,#5058,#5059,
    #5060,#5061,#5062,#5063,#5064,#5065,#5066,#5067,#5068,#5069,#5070,
    #5071,#5072,#5073,#5074,#5075,#5076,#5077,#5078,#5079,#5080,#5081,
    #5082,#5083,#5084,#5085,#5086,#5087,#5088,#5089,#5090,#5091,#5092,
    #5093,#5094,#5095),.UNSPECIFIED.,.F.,.F.,(9,7,7,7,7,7,7,7,7,7,7,7,7,
    7,7,9),(0.,9.299930924837E-02,0.183379678503,0.26697941658,
    0.356902550614,0.412824501053,0.448074428743,0.468543510781,
    0.497113702659,0.521875348141,0.551075799514,0.595910635075,
    0.652079944451,0.78031019768,0.913824346168,1.),.UNSPECIFIED.);
#4989 = CARTESIAN_POINT('',(19.199999999989,9.499999999989,
    61.325892857143));
#4990 = CARTESIAN_POINT('',(19.19999999999,9.393350967898,
    61.413973530969));
#4991 = CARTESIAN_POINT('',(19.207220636222,9.291797370863,
    61.503809393265));
#4992 = CARTESIAN_POINT('',(19.220460530369,9.194694129771,
    61.594941000494));
#4993 = CARTESIAN_POINT('',(19.238981056841,9.101684085462,
    61.687053302255));
#4994 = CARTESIAN_POINT('',(19.262228541724,9.012496533267,
    61.779912596271));
#4995 = CARTESIAN_POINT('',(19.289767489842,8.926898159754,
    61.873351902081));
#4996 = CARTESIAN_POINT('',(19.321290916927,8.844700907324,
    61.967272999002));
#4997 = CARTESIAN_POINT('',(19.390863212951,8.688985528981,
    62.153336480065));
#4998 = CARTESIAN_POINT('',(19.428685260775,8.615329841832,
    62.245405145109));
#4999 = CARTESIAN_POINT('',(19.46981556959,8.544637040205,
    62.337759053287));
#5000 = CARTESIAN_POINT('',(19.514088830106,8.476826388555,
    62.430328355746));
#5001 = CARTESIAN_POINT('',(19.561382601164,8.411849765338,
    62.523051672445));
#5002 = CARTESIAN_POINT('',(19.611607568818,8.349683590602,
    62.615874714152));
#5003 = CARTESIAN_POINT('',(19.664704324861,8.290326522205,
    62.708749524515));
#5004 = CARTESIAN_POINT('',(19.77239202723,8.181519904785,
    62.887550636841));
#5005 = CARTESIAN_POINT('',(19.826567130627,8.131666008559,
    62.973467444565));
#5006 = CARTESIAN_POINT('',(19.883149159811,8.084259812978,
    63.059350576626));
#5007 = CARTESIAN_POINT('',(19.942134135674,8.039343280426,
    63.145162090272));
#5008 = CARTESIAN_POINT('',(20.003534863798,7.996979900425,63.230860126)
  );
#5009 = CARTESIAN_POINT('',(20.067382200962,7.957256525241,
    63.316398437537));
#5010 = CARTESIAN_POINT('',(20.13372963954,7.920288895373,
    63.401725614602));
#5011 = CARTESIAN_POINT('',(20.276806691232,7.849596700238,
    63.578276108633));
#5012 = CARTESIAN_POINT('',(20.353915648835,7.816341677552,
    63.66942493164));
#5013 = CARTESIAN_POINT('',(20.434112840038,7.786644411186,
    63.760185979186));
#5014 = CARTESIAN_POINT('',(20.517540622858,7.760746867423,
    63.850476985515));
#5015 = CARTESIAN_POINT('',(20.60437644196,7.738979882715,
    63.940171265448));
#5016 = CARTESIAN_POINT('',(20.694832818363,7.721763612449,
    64.029097335241));
#5017 = CARTESIAN_POINT('',(20.789191026799,7.709652308643,
    64.117029744905));
#5018 = CARTESIAN_POINT('',(20.949317603655,7.699662343694,
    64.257527781665));
#5019 = CARTESIAN_POINT('',(21.012358718136,7.698136539675,
    64.310853138461));
#5020 = CARTESIAN_POINT('',(21.077182086887,7.69911321699,
    64.363583664871));
#5021 = CARTESIAN_POINT('',(21.143916964784,7.702838153494,
    64.415623125396));
#5022 = CARTESIAN_POINT('',(21.212693166744,7.709625121398,
    64.466819591022));
#5023 = CARTESIAN_POINT('',(21.283640533322,7.719855462099,
    64.516965349001));
#5024 = CARTESIAN_POINT('',(21.356908100572,7.734010532996,
    64.565785937507));
#5025 = CARTESIAN_POINT('',(21.48052958841,7.764628022457,
    64.642597275452));
#5026 = CARTESIAN_POINT('',(21.529290975091,7.778290864478,
    64.671584912783));
#5027 = CARTESIAN_POINT('',(21.57909956432,7.793953709636,
    64.699785638914));
#5028 = CARTESIAN_POINT('',(21.630002457609,7.811819663124,
    64.727070611516));
#5029 = CARTESIAN_POINT('',(21.682010075033,7.832116118275,
    64.75326063393));
#5030 = CARTESIAN_POINT('',(21.735095292251,7.855094451724,
    64.778125694186));
#5031 = CARTESIAN_POINT('',(21.789193709898,7.881033381235,
    64.801382414298));
#5032 = CARTESIAN_POINT('',(21.876149283836,7.927209289251,
    64.835062049099));
#5033 = CARTESIAN_POINT('',(21.908385726144,7.945268165832,
    64.846771199365));
#5034 = CARTESIAN_POINT('',(21.940882515665,7.964476132762,
    64.857746343023));
#5035 = CARTESIAN_POINT('',(21.973588233933,7.984879904822,
    64.867906432524));
#5036 = CARTESIAN_POINT('',(22.00643136259,8.00651628051,64.877162009753
    ));
#5037 = CARTESIAN_POINT('',(22.039319765319,8.029406544059,
    64.885419401487));
#5038 = CARTESIAN_POINT('',(22.072140199758,8.053548383694,
    64.892586990946));
#5039 = CARTESIAN_POINT('',(22.150284707799,8.114297861554,
    64.906953422121));
#5040 = CARTESIAN_POINT('',(22.195523009965,8.152140298669,
    64.91306161424));
#5041 = CARTESIAN_POINT('',(22.239923052335,8.192212588298,
    64.916635874316));
#5042 = CARTESIAN_POINT('',(22.283007630914,8.234226536039,
    64.917520100678));
#5043 = CARTESIAN_POINT('',(22.324374382376,8.277828229902,
    64.915674277713));
#5044 = CARTESIAN_POINT('',(22.363696507478,8.322601783355,
    64.911171981977));
#5045 = CARTESIAN_POINT('',(22.400721886798,8.368074393784,
    64.904195474141));
#5046 = CARTESIAN_POINT('',(22.465213779733,8.453285894143,
    64.887083298367));
#5047 = CARTESIAN_POINT('',(22.493350518512,8.493052512502,
    64.877478263893));
#5048 = CARTESIAN_POINT('',(22.519646287705,8.53280651769,
    64.866363202914));
#5049 = CARTESIAN_POINT('',(22.544127214637,8.572375062914,
    64.853902446736));
#5050 = CARTESIAN_POINT('',(22.5668571676,8.611626159539,64.840257752193
    ));
#5051 = CARTESIAN_POINT('',(22.587921025817,8.650466620619,
    64.825576182864));
#5052 = CARTESIAN_POINT('',(22.607414123169,8.688840296726,
    64.809982847732));
#5053 = CARTESIAN_POINT('',(22.64669256853,8.771404461912,
    64.774233480912));
#5054 = CARTESIAN_POINT('',(22.665893896885,8.815383802409,
    64.75376949767));
#5055 = CARTESIAN_POINT('',(22.683212412154,8.858636459919,
    64.732350674837));
#5056 = CARTESIAN_POINT('',(22.698799369125,8.901145908092,
    64.710115581656));
#5057 = CARTESIAN_POINT('',(22.712790938054,8.94290861647,
    64.687179595951));
#5058 = CARTESIAN_POINT('',(22.725310702316,8.983934772037,
    64.663636370989));
#5059 = CARTESIAN_POINT('',(22.736470431605,9.024248365737,
    64.639558402615));
#5060 = CARTESIAN_POINT('',(22.761567750092,9.124747884178,
    64.577284264259));
#5061 = CARTESIAN_POINT('',(22.773782602508,9.183971505563,
    64.538460057745));
#5062 = CARTESIAN_POINT('',(22.783371688759,9.241668481663,
    64.498728095146));
#5063 = CARTESIAN_POINT('',(22.79060957152,9.297921902031,
    64.458246512747));
#5064 = CARTESIAN_POINT('',(22.795717002669,9.352803704379,
    64.417138215106));
#5065 = CARTESIAN_POINT('',(22.798879599964,9.406385233959,
    64.375497579066));
#5066 = CARTESIAN_POINT('',(22.800255573059,9.458741630176,
    64.333393211756));
#5067 = CARTESIAN_POINT('',(22.799617862095,9.574104196457,
    64.237589411353));
#5068 = CARTESIAN_POINT('',(22.796660291724,9.636425709751,
    64.183675882433));
#5069 = CARTESIAN_POINT('',(22.791357187092,9.697043407035,
    64.129232362994));
#5070 = CARTESIAN_POINT('',(22.783908674822,9.756054792768,
    64.074343607947));
#5071 = CARTESIAN_POINT('',(22.774475990075,9.813539020891,
    64.019077407585));
#5072 = CARTESIAN_POINT('',(22.763193561079,9.869565421813,
    63.963487525733));
#5073 = CARTESIAN_POINT('',(22.750174796951,9.924197584627,
    63.907615108392));
#5074 = CARTESIAN_POINT('',(22.702036569091,10.099162354345,
    63.723355936286));
#5075 = CARTESIAN_POINT('',(22.660010045157,10.21380358505,
    63.593965156785));
#5076 = CARTESIAN_POINT('',(22.610548607607,10.322100097331,
    63.463673992862));
#5077 = CARTESIAN_POINT('',(22.554323070489,10.424398270958,
    63.33275039247));
#5078 = CARTESIAN_POINT('',(22.491803572636,10.520909284362,
    63.201408229155));
#5079 = CARTESIAN_POINT('',(22.423322007767,10.611760545697,
    63.069816386084));
#5080 = CARTESIAN_POINT('',(22.34905849392,10.696982287782,
    62.938098652391));
#5081 = CARTESIAN_POINT('',(22.185762211592,10.859324735671,
    62.669155951096));
#5082 = CARTESIAN_POINT('',(22.096310652371,10.935902229118,
    62.532033742419));
#5083 = CARTESIAN_POINT('',(22.000764039505,11.006200506637,
    62.395063632054));
#5084 = CARTESIAN_POINT('',(21.899062205868,11.069989801917,
    62.258385690764));
#5085 = CARTESIAN_POINT('',(21.79106429658,11.126897444617,
    62.122191373272));
#5086 = CARTESIAN_POINT('',(21.676488743264,11.176329814182,
    61.986738401251));
#5087 = CARTESIAN_POINT('',(21.554932657364,11.217494485747,
    61.852348489952));
#5088 = CARTESIAN_POINT('',(21.34200027114,11.269300766886,
    61.633702715567));
#5089 = CARTESIAN_POINT('',(21.255341039632,11.285555739753,
    61.548706609275));
#5090 = CARTESIAN_POINT('',(21.165226634216,11.297417162892,
    61.464485500871));
#5091 = CARTESIAN_POINT('',(21.071329646797,11.304379478777,
    61.381186522694));
#5092 = CARTESIAN_POINT('',(20.973348505774,11.305812288929,
    61.29908125052));
#5093 = CARTESIAN_POINT('',(20.870892116113,11.300766059959,
    61.218630894591));
#5094 = CARTESIAN_POINT('',(20.763576478683,11.28812783624,
    61.140437494875));
#5095 = CARTESIAN_POINT('',(20.650457937737,11.265735072628,
    61.065507723416));
#5096 = PCURVE('',#3126,#5097);
#5097 = DEFINITIONAL_REPRESENTATION('',(#5098),#5206);
#5098 = B_SPLINE_CURVE_WITH_KNOTS('',8,(#5099,#5100,#5101,#5102,#5103,
    #5104,#5105,#5106,#5107,#5108,#5109,#5110,#5111,#5112,#5113,#5114,
    #5115,#5116,#5117,#5118,#5119,#5120,#5121,#5122,#5123,#5124,#5125,
    #5126,#5127,#5128,#5129,#5130,#5131,#5132,#5133,#5134,#5135,#5136,
    #5137,#5138,#5139,#5140,#5141,#5142,#5143,#5144,#5145,#5146,#5147,
    #5148,#5149,#5150,#5151,#5152,#5153,#5154,#5155,#5156,#5157,#5158,
    #5159,#5160,#5161,#5162,#5163,#5164,#5165,#5166,#5167,#5168,#5169,
    #5170,#5171,#5172,#5173,#5174,#5175,#5176,#5177,#5178,#5179,#5180,
    #5181,#5182,#5183,#5184,#5185,#5186,#5187,#5188,#5189,#5190,#5191,
    #5192,#5193,#5194,#5195,#5196,#5197,#5198,#5199,#5200,#5201,#5202,
    #5203,#5204,#5205),.UNSPECIFIED.,.F.,.F.,(9,7,7,7,7,7,7,7,7,7,7,7,7,
    7,7,9),(0.,9.299930924837E-02,0.183379678503,0.26697941658,
    0.356902550614,0.412824501053,0.448074428743,0.468543510781,
    0.497113702659,0.521875348141,0.551075799514,0.595910635075,
    0.652079944451,0.78031019768,0.913824346168,1.),.UNSPECIFIED.);
#5099 = CARTESIAN_POINT('',(-6.28318530718,61.325892857143));
#5100 = CARTESIAN_POINT('',(-6.223935844907,61.413973530969));
#5101 = CARTESIAN_POINT('',(-6.167516929956,61.503809393265));
#5102 = CARTESIAN_POINT('',(-6.113254903824,61.594941000494));
#5103 = CARTESIAN_POINT('',(-6.06075633373,61.687053302255));
#5104 = CARTESIAN_POINT('',(-6.009720772051,61.779912596271));
#5105 = CARTESIAN_POINT('',(-5.959891296266,61.873351902081));
#5106 = CARTESIAN_POINT('',(-5.911054653618,61.967272999002));
#5107 = CARTESIAN_POINT('',(-5.816304196068,62.153336480065));
#5108 = CARTESIAN_POINT('',(-5.770372223941,62.245405145109));
#5109 = CARTESIAN_POINT('',(-5.725038617082,62.337759053287));
#5110 = CARTESIAN_POINT('',(-5.680165119313,62.430328355746));
#5111 = CARTESIAN_POINT('',(-5.63563126696,62.523051672445));
#5112 = CARTESIAN_POINT('',(-5.5913250971,62.615874714152));
#5113 = CARTESIAN_POINT('',(-5.547136816641,62.708749524515));
#5114 = CARTESIAN_POINT('',(-5.462088679879,62.887550636841));
#5115 = CARTESIAN_POINT('',(-5.421231482445,62.973467444565));
#5116 = CARTESIAN_POINT('',(-5.380296386848,63.059350576626));
#5117 = CARTESIAN_POINT('',(-5.339197247161,63.145162090272));
#5118 = CARTESIAN_POINT('',(-5.297846599644,63.230860126));
#5119 = CARTESIAN_POINT('',(-5.256151507536,63.316398437537));
#5120 = CARTESIAN_POINT('',(-5.21400787557,63.401725614602));
#5121 = CARTESIAN_POINT('',(-5.125347702503,63.578276108633));
#5122 = CARTESIAN_POINT('',(-5.078757872263,63.66942493164));
#5123 = CARTESIAN_POINT('',(-5.031356804722,63.760185979186));
#5124 = CARTESIAN_POINT('',(-4.982970364203,63.850476985515));
#5125 = CARTESIAN_POINT('',(-4.933394531295,63.940171265448));
#5126 = CARTESIAN_POINT('',(-4.882390618589,64.029097335241));
#5127 = CARTESIAN_POINT('',(-4.829652023313,64.117029744905));
#5128 = CARTESIAN_POINT('',(-4.740519856198,64.257527781665));
#5129 = CARTESIAN_POINT('',(-4.705512276875,64.310853138461));
#5130 = CARTESIAN_POINT('',(-4.669541813507,64.363583664871));
#5131 = CARTESIAN_POINT('',(-4.632473250252,64.415623125396));
#5132 = CARTESIAN_POINT('',(-4.594152250909,64.466819591022));
#5133 = CARTESIAN_POINT('',(-4.554402373174,64.516965349001));
#5134 = CARTESIAN_POINT('',(-4.513001335687,64.565785937507));
#5135 = CARTESIAN_POINT('',(-4.442247670433,64.642597275452));
#5136 = CARTESIAN_POINT('',(-4.414127650352,64.671584912783));
#5137 = CARTESIAN_POINT('',(-4.385144731795,64.699785638914));
#5138 = CARTESIAN_POINT('',(-4.355207614738,64.727070611516));
#5139 = CARTESIAN_POINT('',(-4.324231355716,64.75326063393));
#5140 = CARTESIAN_POINT('',(-4.292134089496,64.778125694186));
#5141 = CARTESIAN_POINT('',(-4.258831295924,64.801382414298));
#5142 = CARTESIAN_POINT('',(-4.204133793555,64.835062049099));
#5143 = CARTESIAN_POINT('',(-4.183611150496,64.846771199365));
#5144 = CARTESIAN_POINT('',(-4.162648949668,64.857746343023));
#5145 = CARTESIAN_POINT('',(-4.141245767454,64.867906432524));
#5146 = CARTESIAN_POINT('',(-4.11940994698,64.877162009753));
#5147 = CARTESIAN_POINT('',(-4.097161324959,64.885419401487));
#5148 = CARTESIAN_POINT('',(-4.074534228129,64.892586990946));
#5149 = CARTESIAN_POINT('',(-4.019545275262,64.906953422121));
#5150 = CARTESIAN_POINT('',(-3.986799969292,64.91306161424));
#5151 = CARTESIAN_POINT('',(-3.953612074642,64.916635874316));
#5152 = CARTESIAN_POINT('',(-3.920229376282,64.917520100678));
#5153 = CARTESIAN_POINT('',(-3.886888544159,64.915674277713));
#5154 = CARTESIAN_POINT('',(-3.853822076201,64.911171981977));
#5155 = CARTESIAN_POINT('',(-3.821264831048,64.904195474141));
#5156 = CARTESIAN_POINT('',(-3.761895189515,64.887083298367));
#5157 = CARTESIAN_POINT('',(-3.734845790862,64.877478263893));
#5158 = CARTESIAN_POINT('',(-3.708387162465,64.866363202914));
#5159 = CARTESIAN_POINT('',(-3.682560505198,64.853902446736));
#5160 = CARTESIAN_POINT('',(-3.657382258356,64.840257752193));
#5161 = CARTESIAN_POINT('',(-3.632850247201,64.825576182864));
#5162 = CARTESIAN_POINT('',(-3.608946732552,64.809982847732));
#5163 = CARTESIAN_POINT('',(-3.55815170253,64.774233480912));
#5164 = CARTESIAN_POINT('',(-3.531505530724,64.75376949767));
#5165 = CARTESIAN_POINT('',(-3.505641678343,64.732350674837));
#5166 = CARTESIAN_POINT('',(-3.480508719618,64.710115581656));
#5167 = CARTESIAN_POINT('',(-3.456058209641,64.687179595951));
#5168 = CARTESIAN_POINT('',(-3.432242013661,64.663636370989));
#5169 = CARTESIAN_POINT('',(-3.409010727707,64.639558402615));
#5170 = CARTESIAN_POINT('',(-3.351463032506,64.577284264259));
#5171 = CARTESIAN_POINT('',(-3.317897094973,64.538460057745));
#5172 = CARTESIAN_POINT('',(-3.285443296476,64.498728095146));
#5173 = CARTESIAN_POINT('',(-3.253974522841,64.458246512747));
#5174 = CARTESIAN_POINT('',(-3.223388879159,64.417138215106));
#5175 = CARTESIAN_POINT('',(-3.193596708395,64.375497579066));
#5176 = CARTESIAN_POINT('',(-3.16451437667,64.333393211756));
#5177 = CARTESIAN_POINT('',(-3.100423082857,64.237589411353));
#5178 = CARTESIAN_POINT('',(-3.065791402771,64.183675882433));
#5179 = CARTESIAN_POINT('',(-3.032030320337,64.129232362994));
#5180 = CARTESIAN_POINT('',(-2.999033120613,64.074343607947));
#5181 = CARTESIAN_POINT('',(-2.966713285346,64.019077407585));
#5182 = CARTESIAN_POINT('',(-2.934995959913,63.963487525733));
#5183 = CARTESIAN_POINT('',(-2.9038134402,63.907615108392));
#5184 = CARTESIAN_POINT('',(-2.802998918502,63.723355936286));
#5185 = CARTESIAN_POINT('',(-2.735397233584,63.593965156785));
#5186 = CARTESIAN_POINT('',(-2.669574936661,63.463673992862));
#5187 = CARTESIAN_POINT('',(-2.605071939519,63.33275039247));
#5188 = CARTESIAN_POINT('',(-2.541516728777,63.201408229155));
#5189 = CARTESIAN_POINT('',(-2.478574417587,63.069816386084));
#5190 = CARTESIAN_POINT('',(-2.415935930749,62.938098652391));
#5191 = CARTESIAN_POINT('',(-2.288012407337,62.669155951096));
#5192 = CARTESIAN_POINT('',(-2.222775368807,62.532033742419));
#5193 = CARTESIAN_POINT('',(-2.157173945939,62.395063632054));
#5194 = CARTESIAN_POINT('',(-2.090848133235,62.258385690764));
#5195 = CARTESIAN_POINT('',(-2.023429811141,62.122191373272));
#5196 = CARTESIAN_POINT('',(-1.954472192325,61.986738401251));
#5197 = CARTESIAN_POINT('',(-1.883448733414,61.852348489952));
#5198 = CARTESIAN_POINT('',(-1.761702067847,61.633702715567));
#5199 = CARTESIAN_POINT('',(-1.712787611149,61.548706609275));
#5200 = CARTESIAN_POINT('',(-1.662420601277,61.464485500871));
#5201 = CARTESIAN_POINT('',(-1.610284552577,61.381186522694));
#5202 = CARTESIAN_POINT('',(-1.556056921255,61.29908125052));
#5203 = CARTESIAN_POINT('',(-1.499276255785,61.218630894591));
#5204 = CARTESIAN_POINT('',(-1.439427771797,61.140437494875));
#5205 = CARTESIAN_POINT('',(-1.375364627388,61.065507723416));
#5206 = ( GEOMETRIC_REPRESENTATION_CONTEXT(2) 
PARAMETRIC_REPRESENTATION_CONTEXT() REPRESENTATION_CONTEXT('2D SPACE',''
  ) );
#5207 = PCURVE('',#4724,#5208);
#5208 = DEFINITIONAL_REPRESENTATION('',(#5209),#5317);
#5209 = B_SPLINE_CURVE_WITH_KNOTS('',8,(#5210,#5211,#5212,#5213,#5214,
    #5215,#5216,#5217,#5218,#5219,#5220,#5221,#5222,#5223,#5224,#5225,
    #5226,#5227,#5228,#5229,#5230,#5231,#5232,#5233,#5234,#5235,#5236,
    #5237,#5238,#5239,#5240,#5241,#5242,#5243,#5244,#5245,#5246,#5247,
    #5248,#5249,#5250,#5251,#5252,#5253,#5254,#5255,#5256,#5257,#5258,
    #5259,#5260,#5261,#5262,#5263,#5264,#5265,#5266,#5267,#5268,#5269,
    #5270,#5271,#5272,#5273,#5274,#5275,#5276,#5277,#5278,#5279,#5280,
    #5281,#5282,#5283,#5284,#5285,#5286,#5287,#5288,#5289,#5290,#5291,
    #5292,#5293,#5294,#5295,#5296,#5297,#5298,#5299,#5300,#5301,#5302,
    #5303,#5304,#5305,#5306,#5307,#5308,#5309,#5310,#5311,#5312,#5313,
    #5314,#5315,#5316),.UNSPECIFIED.,.F.,.F.,(9,7,7,7,7,7,7,7,7,7,7,7,7,
    7,7,9),(0.,9.299930924837E-02,0.183379678503,0.26697941658,
    0.356902550614,0.412824501053,0.448074428743,0.468543510781,
    0.497113702659,0.521875348141,0.551075799514,0.595910635075,
    0.652079944451,0.78031019768,0.913824346168,1.),.UNSPECIFIED.);
#5210 = CARTESIAN_POINT('',(15.822882697809,0.556962025318));
#5211 = CARTESIAN_POINT('',(15.961201970319,0.560721484869));
#5212 = CARTESIAN_POINT('',(16.102277538641,0.564156857802));
#5213 = CARTESIAN_POINT('',(16.245387906297,0.567317854357));
#5214 = CARTESIAN_POINT('',(16.3900383275,0.570231832115));
#5215 = CARTESIAN_POINT('',(16.535861803141,0.572918202459));
#5216 = CARTESIAN_POINT('',(16.682596112067,0.575391977764));
#5217 = CARTESIAN_POINT('',(16.830087011434,0.577663252368));
#5218 = CARTESIAN_POINT('',(17.122275572482,0.58175710192));
#5219 = CARTESIAN_POINT('',(17.266857467884,0.583589401207));
#5220 = CARTESIAN_POINT('',(17.411887300624,0.585242306229));
#5221 = CARTESIAN_POINT('',(17.557255382141,0.586718457869));
#5222 = CARTESIAN_POINT('',(17.702865323046,0.58801798902));
#5223 = CARTESIAN_POINT('',(17.848631869138,0.589138972333));
#5224 = CARTESIAN_POINT('',(17.994479711189,0.590077466574));
#5225 = CARTESIAN_POINT('',(18.275263664204,0.591520611981));
#5226 = CARTESIAN_POINT('',(18.410184865695,0.592052463753));
#5227 = CARTESIAN_POINT('',(18.545053183926,0.592417808122));
#5228 = CARTESIAN_POINT('',(18.679809034727,0.592609935399));
#5229 = CARTESIAN_POINT('',(18.814386683177,0.592620387466));
#5230 = CARTESIAN_POINT('',(18.948713505506,0.592438713161));
#5231 = CARTESIAN_POINT('',(19.082708768535,0.592051926559));
#5232 = CARTESIAN_POINT('',(19.359958417464,0.590789401715));
#5233 = CARTESIAN_POINT('',(19.503095820265,0.589879139191));
#5234 = CARTESIAN_POINT('',(19.645624272007,0.588692461098));
#5235 = CARTESIAN_POINT('',(19.787414584993,0.587204638117));
#5236 = CARTESIAN_POINT('',(19.928267816578,0.585384450558));
#5237 = CARTESIAN_POINT('',(20.067914673791,0.583193984288));
#5238 = CARTESIAN_POINT('',(20.206001116668,0.580585034854));
#5239 = CARTESIAN_POINT('',(20.426635058139,0.575559972132));
#5240 = CARTESIAN_POINT('',(20.510375613678,0.573445426612));
#5241 = CARTESIAN_POINT('',(20.593182065256,0.571125501648));
#5242 = CARTESIAN_POINT('',(20.674903287506,0.568580257023));
#5243 = CARTESIAN_POINT('',(20.75530069562,0.565786113099));
#5244 = CARTESIAN_POINT('',(20.83404810367,0.562715973605));
#5245 = CARTESIAN_POINT('',(20.910714504963,0.559337171667));
#5246 = CARTESIAN_POINT('',(21.031336747319,0.553250218725));
#5247 = CARTESIAN_POINT('',(21.0768580715,0.550758358863));
#5248 = CARTESIAN_POINT('',(21.12114365372,0.548115749537));
#5249 = CARTESIAN_POINT('',(21.163991163814,0.545310071404));
#5250 = CARTESIAN_POINT('',(21.205119196673,0.54232940488));
#5251 = CARTESIAN_POINT('',(21.244166548334,0.539162542926));
#5252 = CARTESIAN_POINT('',(21.280688210433,0.535799195361));
#5253 = CARTESIAN_POINT('',(21.333577708001,0.530157557978));
#5254 = CARTESIAN_POINT('',(21.351965409595,0.528016661723));
#5255 = CARTESIAN_POINT('',(21.369200449025,0.525806447862));
#5256 = CARTESIAN_POINT('',(21.385155551631,0.523527204371));
#5257 = CARTESIAN_POINT('',(21.399690235045,0.521180696136));
#5258 = CARTESIAN_POINT('',(21.412657397623,0.518770488659));
#5259 = CARTESIAN_POINT('',(21.423913167096,0.516302354624));
#5260 = CARTESIAN_POINT('',(21.446473783658,0.510270777395));
#5261 = CARTESIAN_POINT('',(21.456065907032,0.506652231811));
#5262 = CARTESIAN_POINT('',(21.461678818833,0.502965222218));
#5263 = CARTESIAN_POINT('',(21.463067381633,0.499247052057));
#5264 = CARTESIAN_POINT('',(21.460168756105,0.495535252537));
#5265 = CARTESIAN_POINT('',(21.453098484684,0.491866662165));
#5266 = CARTESIAN_POINT('',(21.442142784114,0.488276565829));
#5267 = CARTESIAN_POINT('',(21.415270331834,0.481782945074));
#5268 = CARTESIAN_POINT('',(21.400186871147,0.478846258511));
#5269 = CARTESIAN_POINT('',(21.382732109714,0.476000370075));
#5270 = CARTESIAN_POINT('',(21.363164108533,0.473252708222));
#5271 = CARTESIAN_POINT('',(21.341736885729,0.47060676339));
#5272 = CARTESIAN_POINT('',(21.318681385576,0.468063015755));
#5273 = CARTESIAN_POINT('',(21.294194075503,0.465619620865));
#5274 = CARTESIAN_POINT('',(21.238054332281,0.460505400745));
#5275 = CARTESIAN_POINT('',(21.205918301168,0.457873612141));
#5276 = CARTESIAN_POINT('',(21.172282818335,0.45537091685));
#5277 = CARTESIAN_POINT('',(21.137365488808,0.452990781004));
#5278 = CARTESIAN_POINT('',(21.10134749849,0.450726608737));
#5279 = CARTESIAN_POINT('',(21.06437591769,0.448571717554));
#5280 = CARTESIAN_POINT('',(21.026564591727,0.446519387728));
#5281 = CARTESIAN_POINT('',(20.928771135576,0.441559095047));
#5282 = CARTESIAN_POINT('',(20.867802755481,0.438783581208));
#5283 = CARTESIAN_POINT('',(20.805408862208,0.436213279011));
#5284 = CARTESIAN_POINT('',(20.74183778828,0.43382988342));
#5285 = CARTESIAN_POINT('',(20.67728253936,0.431618062077));
#5286 = CARTESIAN_POINT('',(20.611891322039,0.429564274564));
#5287 = CARTESIAN_POINT('',(20.545771874913,0.427656298368));
#5288 = CARTESIAN_POINT('',(20.39532443395,0.423662442647));
#5289 = CARTESIAN_POINT('',(20.310660230387,0.421654557271));
#5290 = CARTESIAN_POINT('',(20.225163745465,0.419839268889));
#5291 = CARTESIAN_POINT('',(20.138968075776,0.418200211466));
#5292 = CARTESIAN_POINT('',(20.052179677181,0.41672381406));
#5293 = CARTESIAN_POINT('',(19.964882978795,0.415398388901));
#5294 = CARTESIAN_POINT('',(19.877142595073,0.414213682967));
#5295 = CARTESIAN_POINT('',(19.587787467188,0.410757453953));
#5296 = CARTESIAN_POINT('',(19.384596032419,0.409042629799));
#5297 = CARTESIAN_POINT('',(19.179990660712,0.407910490044));
#5298 = CARTESIAN_POINT('',(18.97439212957,0.407293213192));
#5299 = CARTESIAN_POINT('',(18.768136299652,0.407140274922));
#5300 = CARTESIAN_POINT('',(18.561488380066,0.407412714093));
#5301 = CARTESIAN_POINT('',(18.354642765589,0.408083503836));
#5302 = CARTESIAN_POINT('',(17.932303140172,0.41022993656));
#5303 = CARTESIAN_POINT('',(17.716970498794,0.411736814932));
#5304 = CARTESIAN_POINT('',(17.50187670809,0.413635019143));
#5305 = CARTESIAN_POINT('',(17.287241731009,0.415915870749));
#5306 = CARTESIAN_POINT('',(17.073366222378,0.418578840706));
#5307 = CARTESIAN_POINT('',(16.860654900635,0.421635178693));
#5308 = CARTESIAN_POINT('',(16.649612977859,0.425106348109));
#5309 = CARTESIAN_POINT('',(16.30625815169,0.431589689266));
#5310 = CARTESIAN_POINT('',(16.172782792364,0.434324097454));
#5311 = CARTESIAN_POINT('',(16.04052446669,0.437266311132));
#5312 = CARTESIAN_POINT('',(15.909714226921,0.440437498849));
#5313 = CARTESIAN_POINT('',(15.780778547582,0.443860939097));
#5314 = CARTESIAN_POINT('',(15.654441699532,0.44757156342));
#5315 = CARTESIAN_POINT('',(15.531649108444,0.451608737957));
#5316 = CARTESIAN_POINT('',(15.413981622179,0.456060544336));
#5317 = ( GEOMETRIC_REPRESENTATION_CONTEXT(2) 
PARAMETRIC_REPRESENTATION_CONTEXT() REPRESENTATION_CONTEXT('2D SPACE',''
  ) );
#5318 = ORIENTED_EDGE('',*,*,#5319,.T.);
#5319 = EDGE_CURVE('',#4985,#4962,#5320,.T.);
#5320 = SURFACE_CURVE('',#5321,(#5360,#5402),.PCURVE_S1.);
#5321 = B_SPLINE_CURVE_WITH_KNOTS('',7,(#5322,#5323,#5324,#5325,#5326,
    #5327,#5328,#5329,#5330,#5331,#5332,#5333,#5334,#5335,#5336,#5337,
    #5338,#5339,#5340,#5341,#5342,#5343,#5344,#5345,#5346,#5347,#5348,
    #5349,#5350,#5351,#5352,#5353,#5354,#5355,#5356,#5357,#5358,#5359),
  .UNSPECIFIED.,.F.,.F.,(8,6,6,6,6,6,8),(0.,0.243619931361,
    0.421495777116,0.607232390777,0.784987020968,0.893400065294,1.),
  .UNSPECIFIED.);
#5322 = CARTESIAN_POINT('',(20.650457937737,11.265735072628,
    61.065507723416));
#5323 = CARTESIAN_POINT('',(20.582987805425,11.25237879424,
    61.020815477988));
#5324 = CARTESIAN_POINT('',(20.51359462823,11.235516407819,
    60.977430673107));
#5325 = CARTESIAN_POINT('',(20.441954055064,11.214662202489,
    60.935486574671));
#5326 = CARTESIAN_POINT('',(20.367897544966,11.189198449584,
    60.895354163597));
#5327 = CARTESIAN_POINT('',(20.291417662293,11.158364016907,
    60.857655912484));
#5328 = CARTESIAN_POINT('',(20.212689300943,11.121302286768,
    60.823243739386));
#5329 = CARTESIAN_POINT('',(20.073119880182,11.044478398559,
    60.771422652233));
#5330 = CARTESIAN_POINT('',(20.013130953771,11.00811406301,
    60.751911271387));
#5331 = CARTESIAN_POINT('',(19.95245636103,10.967516666699,
    60.735329658264));
#5332 = CARTESIAN_POINT('',(19.891727141203,10.922518673569,
    60.722337350502));
#5333 = CARTESIAN_POINT('',(19.831787288823,10.87318165718,
    60.713580543991));
#5334 = CARTESIAN_POINT('',(19.773667045658,10.819954452858,
    60.709539418161));
#5335 = CARTESIAN_POINT('',(19.660888576916,10.705616215448,
    60.710827619962));
#5336 = CARTESIAN_POINT('',(19.606500512949,10.644264399042,
    60.716578933361));
#5337 = CARTESIAN_POINT('',(19.556563882427,10.581258625215,
    60.727372645465));
#5338 = CARTESIAN_POINT('',(19.511444910256,10.51773099811,
    60.742576222085));
#5339 = CARTESIAN_POINT('',(19.471098896362,10.454558071897,
    60.76142880592));
#5340 = CARTESIAN_POINT('',(19.435248308189,10.39234176747,
    60.783204062648));
#5341 = CARTESIAN_POINT('',(19.373135588696,10.273069704355,
    60.830411556264));
#5342 = CARTESIAN_POINT('',(19.346485055366,10.21582567163,
    60.85567850889));
#5343 = CARTESIAN_POINT('',(19.323157780041,10.15978389379,
    60.882697182841));
#5344 = CARTESIAN_POINT('',(19.302804961153,10.105010646186,
    60.911124769058));
#5345 = CARTESIAN_POINT('',(19.28511637806,10.051515880704,
    60.940696839334));
#5346 = CARTESIAN_POINT('',(19.269817164932,9.999253613614,
    60.971224361579));
#5347 = CARTESIAN_POINT('',(19.248658866461,9.916942294302,
    61.021730204685));
#5348 = CARTESIAN_POINT('',(19.241236138196,9.885367086671,
    61.041677564876));
#5349 = CARTESIAN_POINT('',(19.234423763491,9.853397507114,
    61.062454720669));
#5350 = CARTESIAN_POINT('',(19.228240238276,9.821029318958,
    61.084080446758));
#5351 = CARTESIAN_POINT('',(19.222705757523,9.788256766298,
    61.106576175788));
#5352 = CARTESIAN_POINT('',(19.217842795566,9.755072938047,
    61.129966176969));
#5353 = CARTESIAN_POINT('',(19.209580251664,9.688429302314,
    61.178182703704));
#5354 = CARTESIAN_POINT('',(19.206269215772,9.655892245685,
    61.202320265474));
#5355 = CARTESIAN_POINT('',(19.203695117297,9.623815358845,
    61.22668640765));
#5356 = CARTESIAN_POINT('',(19.201816028389,9.592193351891,
    61.251250871215));
#5357 = CARTESIAN_POINT('',(19.200595243149,9.56103170486,
    61.275978815104));
#5358 = CARTESIAN_POINT('',(19.199999965992,9.530319124328,
    61.300852480838));
#5359 = CARTESIAN_POINT('',(19.2,9.5,61.325892857143));
#5360 = PCURVE('',#3126,#5361);
#5361 = DEFINITIONAL_REPRESENTATION('',(#5362),#5401);
#5362 = B_SPLINE_CURVE_WITH_KNOTS('',7,(#5363,#5364,#5365,#5366,#5367,
    #5368,#5369,#5370,#5371,#5372,#5373,#5374,#5375,#5376,#5377,#5378,
    #5379,#5380,#5381,#5382,#5383,#5384,#5385,#5386,#5387,#5388,#5389,
    #5390,#5391,#5392,#5393,#5394,#5395,#5396,#5397,#5398,#5399,#5400),
  .UNSPECIFIED.,.F.,.F.,(8,6,6,6,6,6,8),(0.,0.243619931361,
    0.421495777116,0.607232390777,0.784987020968,0.893400065294,1.),
  .UNSPECIFIED.);
#5363 = CARTESIAN_POINT('',(-1.375364627388,61.065507723416));
#5364 = CARTESIAN_POINT('',(-1.337153837243,61.020815477988));
#5365 = CARTESIAN_POINT('',(-1.297516838403,60.977430673107));
#5366 = CARTESIAN_POINT('',(-1.256132901192,60.935486574671));
#5367 = CARTESIAN_POINT('',(-1.212723267925,60.895354163597));
#5368 = CARTESIAN_POINT('',(-1.167021921812,60.857655912484));
#5369 = CARTESIAN_POINT('',(-1.1187763473,60.823243739386));
#5370 = CARTESIAN_POINT('',(-1.030267554036,60.771422652233));
#5371 = CARTESIAN_POINT('',(-0.991329263541,60.751911271387));
#5372 = CARTESIAN_POINT('',(-0.950838254897,60.735329658264));
#5373 = CARTESIAN_POINT('',(-0.90893856607,60.722337350502));
#5374 = CARTESIAN_POINT('',(-0.865904299344,60.713580543991));
#5375 = CARTESIAN_POINT('',(-0.822177136715,60.709539418161));
#5376 = CARTESIAN_POINT('',(-0.732955164344,60.710827619962));
#5377 = CARTESIAN_POINT('',(-0.687470557502,60.716578933361));
#5378 = CARTESIAN_POINT('',(-0.64291361288,60.727372645465));
#5379 = CARTESIAN_POINT('',(-0.599723833955,60.742576222085));
#5380 = CARTESIAN_POINT('',(-0.558152176088,60.76142880592));
#5381 = CARTESIAN_POINT('',(-0.518296039702,60.783204062648));
#5382 = CARTESIAN_POINT('',(-0.443587108702,60.830411556264));
#5383 = CARTESIAN_POINT('',(-0.408541811416,60.85567850889));
#5384 = CARTESIAN_POINT('',(-0.374862157543,60.882697182841));
#5385 = CARTESIAN_POINT('',(-0.342440456252,60.911124769058));
#5386 = CARTESIAN_POINT('',(-0.311169270317,60.940696839334));
#5387 = CARTESIAN_POINT('',(-0.280932785226,60.971224361579));
#5388 = CARTESIAN_POINT('',(-0.233717665234,61.021730204685));
#5389 = CARTESIAN_POINT('',(-0.215701566704,61.041677564876));
#5390 = CARTESIAN_POINT('',(-0.19754832695,61.062454720669));
#5391 = CARTESIAN_POINT('',(-0.1792482947,61.084080446758));
#5392 = CARTESIAN_POINT('',(-0.160790489154,61.106576175788));
#5393 = CARTESIAN_POINT('',(-0.142162691362,61.129966176969));
#5394 = CARTESIAN_POINT('',(-0.104854979357,61.178182703704));
#5395 = CARTESIAN_POINT('',(-8.668987659871E-02,61.202320265474));
#5396 = CARTESIAN_POINT('',(-6.881849264342E-02,61.22668640765));
#5397 = CARTESIAN_POINT('',(-5.122633454079E-02,61.251250871215));
#5398 = CARTESIAN_POINT('',(-3.390648861074E-02,61.275978815104));
#5399 = CARTESIAN_POINT('',(-1.684395796013E-02,61.300852480838));
#5400 = CARTESIAN_POINT('',(0.,61.325892857143));
#5401 = ( GEOMETRIC_REPRESENTATION_CONTEXT(2) 
PARAMETRIC_REPRESENTATION_CONTEXT() REPRESENTATION_CONTEXT('2D SPACE',''
  ) );
#5402 = PCURVE('',#4724,#5403);
#5403 = DEFINITIONAL_REPRESENTATION('',(#5404),#5443);
#5404 = B_SPLINE_CURVE_WITH_KNOTS('',7,(#5405,#5406,#5407,#5408,#5409,
    #5410,#5411,#5412,#5413,#5414,#5415,#5416,#5417,#5418,#5419,#5420,
    #5421,#5422,#5423,#5424,#5425,#5426,#5427,#5428,#5429,#5430,#5431,
    #5432,#5433,#5434,#5435,#5436,#5437,#5438,#5439,#5440,#5441,#5442),
  .UNSPECIFIED.,.F.,.F.,(8,6,6,6,6,6,8),(0.,0.243619931361,
    0.421495777116,0.607232390777,0.784987020968,0.893400065294,1.),
  .UNSPECIFIED.);
#5405 = CARTESIAN_POINT('',(15.413981622179,0.456060544336));
#5406 = CARTESIAN_POINT('',(15.343798248166,0.45871584702));
#5407 = CARTESIAN_POINT('',(15.275668039933,0.461514475621));
#5408 = CARTESIAN_POINT('',(15.209800274283,0.464480200728));
#5409 = CARTESIAN_POINT('',(15.146777528626,0.467635062028));
#5410 = CARTESIAN_POINT('',(15.087577315432,0.471000306037));
#5411 = CARTESIAN_POINT('',(15.033537461492,0.474595283748));
#5412 = CARTESIAN_POINT('',(14.952159166296,0.48125687698));
#5413 = CARTESIAN_POINT('',(14.921519073673,0.484206862632));
#5414 = CARTESIAN_POINT('',(14.895479801214,0.487292296948));
#5415 = CARTESIAN_POINT('',(14.875077067221,0.490500335054));
#5416 = CARTESIAN_POINT('',(14.86132563852,0.49380640301));
#5417 = CARTESIAN_POINT('',(14.854979574614,0.49717076647));
#5418 = CARTESIAN_POINT('',(14.85700252844,0.504034204247));
#5419 = CARTESIAN_POINT('',(14.866034220077,0.507532438826));
#5420 = CARTESIAN_POINT('',(14.882984344788,0.510952214502));
#5421 = CARTESIAN_POINT('',(14.906859589677,0.514253547997));
#5422 = CARTESIAN_POINT('',(14.936465127053,0.517413833221));
#5423 = CARTESIAN_POINT('',(14.97066034308,0.520424102353));
#5424 = CARTESIAN_POINT('',(15.044793588097,0.526025762091));
#5425 = CARTESIAN_POINT('',(15.084472059593,0.528633423578));
#5426 = CARTESIAN_POINT('',(15.1269013822,0.531118135514));
#5427 = CARTESIAN_POINT('',(15.171543218756,0.533488053009));
#5428 = CARTESIAN_POINT('',(15.217982319066,0.535751608709));
#5429 = CARTESIAN_POINT('',(15.265921832754,0.537917869672));
#5430 = CARTESIAN_POINT('',(15.345234707786,0.54126412386));
#5431 = CARTESIAN_POINT('',(15.376559449416,0.542532293734));
#5432 = CARTESIAN_POINT('',(15.409187277397,0.543800834884));
#5433 = CARTESIAN_POINT('',(15.443147674954,0.545069700216));
#5434 = CARTESIAN_POINT('',(15.478474299273,0.546338858495));
#5435 = CARTESIAN_POINT('',(15.515205262001,0.547608268636));
#5436 = CARTESIAN_POINT('',(15.59092306264,0.550126206691));
#5437 = CARTESIAN_POINT('',(15.628855600137,0.551339981529));
#5438 = CARTESIAN_POINT('',(15.667095243445,0.55252313613));
#5439 = CARTESIAN_POINT('',(15.705630240425,0.55367630444));
#5440 = CARTESIAN_POINT('',(15.744471655655,0.554799129787));
#5441 = CARTESIAN_POINT('',(15.783602160521,0.555892597933));
#5442 = CARTESIAN_POINT('',(15.822924823296,0.556961370127));
#5443 = ( GEOMETRIC_REPRESENTATION_CONTEXT(2) 
PARAMETRIC_REPRESENTATION_CONTEXT() REPRESENTATION_CONTEXT('2D SPACE',''
  ) );
#5444 = ORIENTED_EDGE('',*,*,#4961,.F.);
#5445 = ORIENTED_EDGE('',*,*,#2984,.T.);
#5446 = ADVANCED_FACE('',(#5447),#3543,.F.);
#5447 = FACE_BOUND('',#5448,.T.);
#5448 = EDGE_LOOP('',(#5449,#5450,#5451,#5452));
#5449 = ORIENTED_EDGE('',*,*,#4835,.F.);
#5450 = ORIENTED_EDGE('',*,*,#4907,.T.);
#5451 = ORIENTED_EDGE('',*,*,#4934,.T.);
#5452 = ORIENTED_EDGE('',*,*,#3526,.F.);
#5453 = ADVANCED_FACE('',(#5454),#3767,.F.);
#5454 = FACE_BOUND('',#5455,.F.);
#5455 = EDGE_LOOP('',(#5456,#5457,#5458,#5459));
#5456 = ORIENTED_EDGE('',*,*,#3751,.T.);
#5457 = ORIENTED_EDGE('',*,*,#4532,.T.);
#5458 = ORIENTED_EDGE('',*,*,#3957,.T.);
#5459 = ORIENTED_EDGE('',*,*,#3854,.F.);
#5460 = ADVANCED_FACE('',(#5461),#3939,.T.);
#5461 = FACE_BOUND('',#5462,.T.);
#5462 = EDGE_LOOP('',(#5463,#5464,#5465,#5466));
#5463 = ORIENTED_EDGE('',*,*,#3925,.T.);
#5464 = ORIENTED_EDGE('',*,*,#4597,.T.);
#5465 = ORIENTED_EDGE('',*,*,#4126,.T.);
#5466 = ORIENTED_EDGE('',*,*,#4028,.F.);
#5467 = ADVANCED_FACE('',(#5468),#4169,.F.);
#5468 = FACE_BOUND('',#5469,.F.);
#5469 = EDGE_LOOP('',(#5470,#5471,#5472,#5473));
#5470 = ORIENTED_EDGE('',*,*,#4153,.T.);
#5471 = ORIENTED_EDGE('',*,*,#4554,.T.);
#5472 = ORIENTED_EDGE('',*,*,#4359,.T.);
#5473 = ORIENTED_EDGE('',*,*,#4256,.F.);
#5474 = ADVANCED_FACE('',(#5475),#4341,.T.);
#5475 = FACE_BOUND('',#5476,.T.);
#5476 = EDGE_LOOP('',(#5477,#5478,#5479,#5480));
#5477 = ORIENTED_EDGE('',*,*,#4327,.T.);
#5478 = ORIENTED_EDGE('',*,*,#4575,.T.);
#5479 = ORIENTED_EDGE('',*,*,#4457,.T.);
#5480 = ORIENTED_EDGE('',*,*,#4430,.F.);
#5481 = ADVANCED_FACE('',(#5482),#4661,.F.);
#5482 = FACE_BOUND('',#5483,.T.);
#5483 = EDGE_LOOP('',(#5484,#5519,#5540,#5541,#5542,#5570,#5603,#5636));
#5484 = ORIENTED_EDGE('',*,*,#5485,.F.);
#5485 = EDGE_CURVE('',#5486,#5488,#5490,.T.);
#5486 = VERTEX_POINT('',#5487);
#5487 = CARTESIAN_POINT('',(19.2,9.5,90.191666666667));
#5488 = VERTEX_POINT('',#5489);
#5489 = CARTESIAN_POINT('',(19.727207793864,8.227207793864,
    90.191666666667));
#5490 = SURFACE_CURVE('',#5491,(#5496,#5503),.PCURVE_S1.);
#5491 = CIRCLE('',#5492,1.8);
#5492 = AXIS2_PLACEMENT_3D('',#5493,#5494,#5495);
#5493 = CARTESIAN_POINT('',(21.,9.5,90.191666666667));
#5494 = DIRECTION('',(0.,0.,1.));
#5495 = DIRECTION('',(-1.,0.,0.));
#5496 = PCURVE('',#4661,#5497);
#5497 = DEFINITIONAL_REPRESENTATION('',(#5498),#5502);
#5498 = LINE('',#5499,#5500);
#5499 = CARTESIAN_POINT('',(-6.28318530718,90.191666666667));
#5500 = VECTOR('',#5501,1.);
#5501 = DIRECTION('',(1.,-0.));
#5502 = ( GEOMETRIC_REPRESENTATION_CONTEXT(2) 
PARAMETRIC_REPRESENTATION_CONTEXT() REPRESENTATION_CONTEXT('2D SPACE',''
  ) );
#5503 = PCURVE('',#5504,#5509);
#5504 = PLANE('',#5505);
#5505 = AXIS2_PLACEMENT_3D('',#5506,#5507,#5508);
#5506 = CARTESIAN_POINT('',(21.,9.5,90.191666666667));
#5507 = DIRECTION('',(-0.,-0.,-1.));
#5508 = DIRECTION('',(-1.,-0.,-0.));
#5509 = DEFINITIONAL_REPRESENTATION('',(#5510),#5518);
#5510 = ( BOUNDED_CURVE() B_SPLINE_CURVE(2,(#5511,#5512,#5513,#5514,
#5515,#5516,#5517),.UNSPECIFIED.,.T.,.F.) B_SPLINE_CURVE_WITH_KNOTS((1,2
    ,2,2,2,1),(-2.094395102393,0.,2.094395102393,4.188790204786,
6.28318530718,8.377580409573),.UNSPECIFIED.) CURVE() 
GEOMETRIC_REPRESENTATION_ITEM() RATIONAL_B_SPLINE_CURVE((1.,0.5,1.,0.5,
1.,0.5,1.)) REPRESENTATION_ITEM('') );
#5511 = CARTESIAN_POINT('',(1.8,-3.552713678801E-15));
#5512 = CARTESIAN_POINT('',(1.8,-3.117691453624));
#5513 = CARTESIAN_POINT('',(-0.9,-1.558845726812));
#5514 = CARTESIAN_POINT('',(-3.6,-3.993586526494E-15));
#5515 = CARTESIAN_POINT('',(-0.9,1.558845726812));
#5516 = CARTESIAN_POINT('',(1.8,3.117691453624));
#5517 = CARTESIAN_POINT('',(1.8,-3.552713678801E-15));
#5518 = ( GEOMETRIC_REPRESENTATION_CONTEXT(2) 
PARAMETRIC_REPRESENTATION_CONTEXT() REPRESENTATION_CONTEXT('2D SPACE',''
  ) );
#5519 = ORIENTED_EDGE('',*,*,#5520,.T.);
#5520 = EDGE_CURVE('',#5486,#4645,#5521,.T.);
#5521 = SEAM_CURVE('',#5522,(#5526,#5533),.PCURVE_S1.);
#5522 = LINE('',#5523,#5524);
#5523 = CARTESIAN_POINT('',(19.2,9.5,0.));
#5524 = VECTOR('',#5525,1.);
#5525 = DIRECTION('',(6.100991339472E-17,0.,1.));
#5526 = PCURVE('',#4661,#5527);
#5527 = DEFINITIONAL_REPRESENTATION('',(#5528),#5532);
#5528 = LINE('',#5529,#5530);
#5529 = CARTESIAN_POINT('',(-0.,0.));
#5530 = VECTOR('',#5531,1.);
#5531 = DIRECTION('',(-0.,1.));
#5532 = ( GEOMETRIC_REPRESENTATION_CONTEXT(2) 
PARAMETRIC_REPRESENTATION_CONTEXT() REPRESENTATION_CONTEXT('2D SPACE',''
  ) );
#5533 = PCURVE('',#4661,#5534);
#5534 = DEFINITIONAL_REPRESENTATION('',(#5535),#5539);
#5535 = LINE('',#5536,#5537);
#5536 = CARTESIAN_POINT('',(-6.28318530718,0.));
#5537 = VECTOR('',#5538,1.);
#5538 = DIRECTION('',(-0.,1.));
#5539 = ( GEOMETRIC_REPRESENTATION_CONTEXT(2) 
PARAMETRIC_REPRESENTATION_CONTEXT() REPRESENTATION_CONTEXT('2D SPACE',''
  ) );
#5540 = ORIENTED_EDGE('',*,*,#4644,.T.);
#5541 = ORIENTED_EDGE('',*,*,#5520,.F.);
#5542 = ORIENTED_EDGE('',*,*,#5543,.F.);
#5543 = EDGE_CURVE('',#5544,#5486,#5546,.T.);
#5544 = VERTEX_POINT('',#5545);
#5545 = CARTESIAN_POINT('',(19.727207793864,10.772792206136,
    90.191666666667));
#5546 = SURFACE_CURVE('',#5547,(#5552,#5559),.PCURVE_S1.);
#5547 = CIRCLE('',#5548,1.8);
#5548 = AXIS2_PLACEMENT_3D('',#5549,#5550,#5551);
#5549 = CARTESIAN_POINT('',(21.,9.5,90.191666666667));
#5550 = DIRECTION('',(0.,0.,1.));
#5551 = DIRECTION('',(-1.,0.,0.));
#5552 = PCURVE('',#4661,#5553);
#5553 = DEFINITIONAL_REPRESENTATION('',(#5554),#5558);
#5554 = LINE('',#5555,#5556);
#5555 = CARTESIAN_POINT('',(-6.28318530718,90.191666666667));
#5556 = VECTOR('',#5557,1.);
#5557 = DIRECTION('',(1.,-0.));
#5558 = ( GEOMETRIC_REPRESENTATION_CONTEXT(2) 
PARAMETRIC_REPRESENTATION_CONTEXT() REPRESENTATION_CONTEXT('2D SPACE',''
  ) );
#5559 = PCURVE('',#5504,#5560);
#5560 = DEFINITIONAL_REPRESENTATION('',(#5561),#5569);
#5561 = ( BOUNDED_CURVE() B_SPLINE_CURVE(2,(#5562,#5563,#5564,#5565,
#5566,#5567,#5568),.UNSPECIFIED.,.T.,.F.) B_SPLINE_CURVE_WITH_KNOTS((1,2
    ,2,2,2,1),(-2.094395102393,0.,2.094395102393,4.188790204786,
6.28318530718,8.377580409573),.UNSPECIFIED.) CURVE() 
GEOMETRIC_REPRESENTATION_ITEM() RATIONAL_B_SPLINE_CURVE((1.,0.5,1.,0.5,
1.,0.5,1.)) REPRESENTATION_ITEM('') );
#5562 = CARTESIAN_POINT('',(1.8,-3.552713678801E-15));
#5563 = CARTESIAN_POINT('',(1.8,-3.117691453624));
#5564 = CARTESIAN_POINT('',(-0.9,-1.558845726812));
#5565 = CARTESIAN_POINT('',(-3.6,-3.993586526494E-15));
#5566 = CARTESIAN_POINT('',(-0.9,1.558845726812));
#5567 = CARTESIAN_POINT('',(1.8,3.117691453624));
#5568 = CARTESIAN_POINT('',(1.8,-3.552713678801E-15));
#5569 = ( GEOMETRIC_REPRESENTATION_CONTEXT(2) 
PARAMETRIC_REPRESENTATION_CONTEXT() REPRESENTATION_CONTEXT('2D SPACE',''
  ) );
#5570 = ORIENTED_EDGE('',*,*,#5571,.F.);
#5571 = EDGE_CURVE('',#5572,#5544,#5574,.T.);
#5572 = VERTEX_POINT('',#5573);
#5573 = CARTESIAN_POINT('',(22.272792206136,10.772792206136,
    90.191666666667));
#5574 = SURFACE_CURVE('',#5575,(#5580,#5587),.PCURVE_S1.);
#5575 = CIRCLE('',#5576,1.8);
#5576 = AXIS2_PLACEMENT_3D('',#5577,#5578,#5579);
#5577 = CARTESIAN_POINT('',(21.,9.5,90.191666666667));
#5578 = DIRECTION('',(0.,0.,1.));
#5579 = DIRECTION('',(-1.,0.,0.));
#5580 = PCURVE('',#4661,#5581);
#5581 = DEFINITIONAL_REPRESENTATION('',(#5582),#5586);
#5582 = LINE('',#5583,#5584);
#5583 = CARTESIAN_POINT('',(-6.28318530718,90.191666666667));
#5584 = VECTOR('',#5585,1.);
#5585 = DIRECTION('',(1.,-0.));
#5586 = ( GEOMETRIC_REPRESENTATION_CONTEXT(2) 
PARAMETRIC_REPRESENTATION_CONTEXT() REPRESENTATION_CONTEXT('2D SPACE',''
  ) );
#5587 = PCURVE('',#5588,#5593);
#5588 = PLANE('',#5589);
#5589 = AXIS2_PLACEMENT_3D('',#5590,#5591,#5592);
#5590 = CARTESIAN_POINT('',(21.,9.5,90.191666666667));
#5591 = DIRECTION('',(-0.,-0.,-1.));
#5592 = DIRECTION('',(-1.,-0.,-0.));
#5593 = DEFINITIONAL_REPRESENTATION('',(#5594),#5602);
#5594 = ( BOUNDED_CURVE() B_SPLINE_CURVE(2,(#5595,#5596,#5597,#5598,
#5599,#5600,#5601),.UNSPECIFIED.,.T.,.F.) B_SPLINE_CURVE_WITH_KNOTS((1,2
    ,2,2,2,1),(-2.094395102393,0.,2.094395102393,4.188790204786,
6.28318530718,8.377580409573),.UNSPECIFIED.) CURVE() 
GEOMETRIC_REPRESENTATION_ITEM() RATIONAL_B_SPLINE_CURVE((1.,0.5,1.,0.5,
1.,0.5,1.)) REPRESENTATION_ITEM('') );
#5595 = CARTESIAN_POINT('',(1.8,-3.552713678801E-15));
#5596 = CARTESIAN_POINT('',(1.8,-3.117691453624));
#5597 = CARTESIAN_POINT('',(-0.9,-1.558845726812));
#5598 = CARTESIAN_POINT('',(-3.6,-3.993586526494E-15));
#5599 = CARTESIAN_POINT('',(-0.9,1.558845726812));
#5600 = CARTESIAN_POINT('',(1.8,3.117691453624));
#5601 = CARTESIAN_POINT('',(1.8,-3.552713678801E-15));
#5602 = ( GEOMETRIC_REPRESENTATION_CONTEXT(2) 
PARAMETRIC_REPRESENTATION_CONTEXT() REPRESENTATION_CONTEXT('2D SPACE',''
  ) );
#5603 = ORIENTED_EDGE('',*,*,#5604,.F.);
#5604 = EDGE_CURVE('',#5605,#5572,#5607,.T.);
#5605 = VERTEX_POINT('',#5606);
#5606 = CARTESIAN_POINT('',(22.272792206136,8.227207793864,
    90.191666666667));
#5607 = SURFACE_CURVE('',#5608,(#5613,#5620),.PCURVE_S1.);
#5608 = CIRCLE('',#5609,1.8);
#5609 = AXIS2_PLACEMENT_3D('',#5610,#5611,#5612);
#5610 = CARTESIAN_POINT('',(21.,9.5,90.191666666667));
#5611 = DIRECTION('',(0.,0.,1.));
#5612 = DIRECTION('',(-1.,0.,0.));
#5613 = PCURVE('',#4661,#5614);
#5614 = DEFINITIONAL_REPRESENTATION('',(#5615),#5619);
#5615 = LINE('',#5616,#5617);
#5616 = CARTESIAN_POINT('',(-6.28318530718,90.191666666667));
#5617 = VECTOR('',#5618,1.);
#5618 = DIRECTION('',(1.,-0.));
#5619 = ( GEOMETRIC_REPRESENTATION_CONTEXT(2) 
PARAMETRIC_REPRESENTATION_CONTEXT() REPRESENTATION_CONTEXT('2D SPACE',''
  ) );
#5620 = PCURVE('',#5621,#5626);
#5621 = PLANE('',#5622);
#5622 = AXIS2_PLACEMENT_3D('',#5623,#5624,#5625);
#5623 = CARTESIAN_POINT('',(21.,9.5,90.191666666667));
#5624 = DIRECTION('',(-0.,-0.,-1.));
#5625 = DIRECTION('',(-1.,-0.,-0.));
#5626 = DEFINITIONAL_REPRESENTATION('',(#5627),#5635);
#5627 = ( BOUNDED_CURVE() B_SPLINE_CURVE(2,(#5628,#5629,#5630,#5631,
#5632,#5633,#5634),.UNSPECIFIED.,.T.,.F.) B_SPLINE_CURVE_WITH_KNOTS((1,2
    ,2,2,2,1),(-2.094395102393,0.,2.094395102393,4.188790204786,
6.28318530718,8.377580409573),.UNSPECIFIED.) CURVE() 
GEOMETRIC_REPRESENTATION_ITEM() RATIONAL_B_SPLINE_CURVE((1.,0.5,1.,0.5,
1.,0.5,1.)) REPRESENTATION_ITEM('') );
#5628 = CARTESIAN_POINT('',(1.8,-3.552713678801E-15));
#5629 = CARTESIAN_POINT('',(1.8,-3.117691453624));
#5630 = CARTESIAN_POINT('',(-0.9,-1.558845726812));
#5631 = CARTESIAN_POINT('',(-3.6,-3.993586526494E-15));
#5632 = CARTESIAN_POINT('',(-0.9,1.558845726812));
#5633 = CARTESIAN_POINT('',(1.8,3.117691453624));
#5634 = CARTESIAN_POINT('',(1.8,-3.552713678801E-15));
#5635 = ( GEOMETRIC_REPRESENTATION_CONTEXT(2) 
PARAMETRIC_REPRESENTATION_CONTEXT() REPRESENTATION_CONTEXT('2D SPACE',''
  ) );
#5636 = ORIENTED_EDGE('',*,*,#5637,.F.);
#5637 = EDGE_CURVE('',#5488,#5605,#5638,.T.);
#5638 = SURFACE_CURVE('',#5639,(#5644,#5651),.PCURVE_S1.);
#5639 = CIRCLE('',#5640,1.8);
#5640 = AXIS2_PLACEMENT_3D('',#5641,#5642,#5643);
#5641 = CARTESIAN_POINT('',(21.,9.5,90.191666666667));
#5642 = DIRECTION('',(0.,0.,1.));
#5643 = DIRECTION('',(-1.,0.,0.));
#5644 = PCURVE('',#4661,#5645);
#5645 = DEFINITIONAL_REPRESENTATION('',(#5646),#5650);
#5646 = LINE('',#5647,#5648);
#5647 = CARTESIAN_POINT('',(-6.28318530718,90.191666666667));
#5648 = VECTOR('',#5649,1.);
#5649 = DIRECTION('',(1.,-0.));
#5650 = ( GEOMETRIC_REPRESENTATION_CONTEXT(2) 
PARAMETRIC_REPRESENTATION_CONTEXT() REPRESENTATION_CONTEXT('2D SPACE',''
  ) );
#5651 = PCURVE('',#5652,#5657);
#5652 = PLANE('',#5653);
#5653 = AXIS2_PLACEMENT_3D('',#5654,#5655,#5656);
#5654 = CARTESIAN_POINT('',(21.,9.5,90.191666666667));
#5655 = DIRECTION('',(-0.,-0.,-1.));
#5656 = DIRECTION('',(-1.,-0.,-0.));
#5657 = DEFINITIONAL_REPRESENTATION('',(#5658),#5666);
#5658 = ( BOUNDED_CURVE() B_SPLINE_CURVE(2,(#5659,#5660,#5661,#5662,
#5663,#5664,#5665),.UNSPECIFIED.,.T.,.F.) B_SPLINE_CURVE_WITH_KNOTS((1,2
    ,2,2,2,1),(-2.094395102393,0.,2.094395102393,4.188790204786,
6.28318530718,8.377580409573),.UNSPECIFIED.) CURVE() 
GEOMETRIC_REPRESENTATION_ITEM() RATIONAL_B_SPLINE_CURVE((1.,0.5,1.,0.5,
1.,0.5,1.)) REPRESENTATION_ITEM('') );
#5659 = CARTESIAN_POINT('',(1.8,-3.552713678801E-15));
#5660 = CARTESIAN_POINT('',(1.8,-3.117691453624));
#5661 = CARTESIAN_POINT('',(-0.9,-1.558845726812));
#5662 = CARTESIAN_POINT('',(-3.6,-3.993586526494E-15));
#5663 = CARTESIAN_POINT('',(-0.9,1.558845726812));
#5664 = CARTESIAN_POINT('',(1.8,3.117691453624));
#5665 = CARTESIAN_POINT('',(1.8,-3.552713678801E-15));
#5666 = ( GEOMETRIC_REPRESENTATION_CONTEXT(2) 
PARAMETRIC_REPRESENTATION_CONTEXT() REPRESENTATION_CONTEXT('2D SPACE',''
  ) );
#5667 = ADVANCED_FACE('',(#5668,#5673),#4693,.F.);
#5668 = FACE_BOUND('',#5669,.F.);
#5669 = EDGE_LOOP('',(#5670,#5671,#5672));
#5670 = ORIENTED_EDGE('',*,*,#4808,.F.);
#5671 = ORIENTED_EDGE('',*,*,#4736,.T.);
#5672 = ORIENTED_EDGE('',*,*,#4679,.T.);
#5673 = FACE_BOUND('',#5674,.F.);
#5674 = EDGE_LOOP('',(#5675,#5841,#5896,#6359));
#5675 = ORIENTED_EDGE('',*,*,#5676,.T.);
#5676 = EDGE_CURVE('',#5677,#5679,#5681,.T.);
#5677 = VERTEX_POINT('',#5678);
#5678 = CARTESIAN_POINT('',(20.265277174438,13.431943841104,
    89.791666666667));
#5679 = VERTEX_POINT('',#5680);
#5680 = CARTESIAN_POINT('',(24.979608437296,9.903381563534,
    82.983919769437));
#5681 = SURFACE_CURVE('',#5682,(#5721,#5763),.PCURVE_S1.);
#5682 = B_SPLINE_CURVE_WITH_KNOTS('',7,(#5683,#5684,#5685,#5686,#5687,
    #5688,#5689,#5690,#5691,#5692,#5693,#5694,#5695,#5696,#5697,#5698,
    #5699,#5700,#5701,#5702,#5703,#5704,#5705,#5706,#5707,#5708,#5709,
    #5710,#5711,#5712,#5713,#5714,#5715,#5716,#5717,#5718,#5719,#5720),
  .UNSPECIFIED.,.F.,.F.,(8,6,6,6,6,6,8),(0.,3.23299155201E-02,
    0.172352250227,0.308365537357,0.568482486127,0.784914864368,1.),
  .UNSPECIFIED.);
#5683 = CARTESIAN_POINT('',(20.264922419758,13.4318775351,
    89.791904894367));
#5684 = CARTESIAN_POINT('',(20.30665582563,13.439679763584,
    89.763881377328));
#5685 = CARTESIAN_POINT('',(20.347997851493,13.446873832238,
    89.735678823383));
#5686 = CARTESIAN_POINT('',(20.388959102344,13.453484656453,
    89.707309051385));
#5687 = CARTESIAN_POINT('',(20.429548544474,13.459533856755,
    89.678782512374));
#5688 = CARTESIAN_POINT('',(20.469775821512,13.465042764663,
    89.650108859299));
#5689 = CARTESIAN_POINT('',(20.509649359779,13.470030082001,
    89.621296578621));
#5690 = CARTESIAN_POINT('',(20.720377387517,13.493932595631,
    89.466998720988));
#5691 = CARTESIAN_POINT('',(20.88506179805,13.50389871653,
    89.339217990709));
#5692 = CARTESIAN_POINT('',(21.044002895939,13.505869931863,
    89.20957768592));
#5693 = CARTESIAN_POINT('',(21.197668802564,13.500789677507,
    89.078470365465));
#5694 = CARTESIAN_POINT('',(21.346462557663,13.489413976392,
    88.946187555647));
#5695 = CARTESIAN_POINT('',(21.490727215358,13.472317186372,
    88.812920288561));
#5696 = CARTESIAN_POINT('',(21.766836735919,13.42822389634,
    88.548467074455));
#5697 = CARTESIAN_POINT('',(21.898880797689,13.401530861477,
    88.417367240182));
#5698 = CARTESIAN_POINT('',(22.02718119513,13.37029316366,
    88.285605866866));
#5699 = CARTESIAN_POINT('',(22.151933275154,13.334834907858,
    88.153289294867));
#5700 = CARTESIAN_POINT('',(22.273294150006,13.295416702345,
    88.020503000816));
#5701 = CARTESIAN_POINT('',(22.391398045381,13.252254179335,
    87.887314217774));
#5702 = CARTESIAN_POINT('',(22.726213520849,13.116145866509,
    87.498381624764));
#5703 = CARTESIAN_POINT('',(22.934536318936,13.013725946252,
    87.241741433274));
#5704 = CARTESIAN_POINT('',(23.13212921545,12.899484815495,
    86.984199937536));
#5705 = CARTESIAN_POINT('',(23.319400868587,12.77417544733,
    86.726041504766));
#5706 = CARTESIAN_POINT('',(23.496587492245,12.638322309841,
    86.467504202032));
#5707 = CARTESIAN_POINT('',(23.663762331519,12.492231907821,
    86.208780676857));
#5708 = CARTESIAN_POINT('',(23.951531439986,12.206001167583,
    85.734718301811));
#5709 = CARTESIAN_POINT('',(24.075215760785,12.068999032339,
    85.51941921981));
#5710 = CARTESIAN_POINT('',(24.191836357562,11.925053673577,
    85.304219658317));
#5711 = CARTESIAN_POINT('',(24.301237127061,11.774144102364,
    85.089231207281));
#5712 = CARTESIAN_POINT('',(24.403170466796,11.616176862429,
    84.874581174965));
#5713 = CARTESIAN_POINT('',(24.497275638069,11.450966328329,
    84.660414186153));
#5714 = CARTESIAN_POINT('',(24.668238722257,11.106477331609,
    84.23470599433));
#5715 = CARTESIAN_POINT('',(24.745177255483,10.927340003759,
    84.023214769782));
#5716 = CARTESIAN_POINT('',(24.813345808244,10.740409953546,
    83.812530655718));
#5717 = CARTESIAN_POINT('',(24.872051878745,10.54525003574,
    83.602864549303));
#5718 = CARTESIAN_POINT('',(24.920312146504,10.341275199705,
    83.394545378759));
#5719 = CARTESIAN_POINT('',(24.956864858569,10.127761024522,
    83.188016922774));
#5720 = CARTESIAN_POINT('',(24.979608437296,9.903381563534,
    82.983919769437));
#5721 = PCURVE('',#4693,#5722);
#5722 = DEFINITIONAL_REPRESENTATION('',(#5723),#5762);
#5723 = B_SPLINE_CURVE_WITH_KNOTS('',7,(#5724,#5725,#5726,#5727,#5728,
    #5729,#5730,#5731,#5732,#5733,#5734,#5735,#5736,#5737,#5738,#5739,
    #5740,#5741,#5742,#5743,#5744,#5745,#5746,#5747,#5748,#5749,#5750,
    #5751,#5752,#5753,#5754,#5755,#5756,#5757,#5758,#5759,#5760,#5761),
  .UNSPECIFIED.,.F.,.F.,(8,6,6,6,6,6,8),(0.,3.23299155201E-02,
    0.172352250227,0.308365537357,0.568482486127,0.784914864368,1.),
  .UNSPECIFIED.);
#5724 = CARTESIAN_POINT('',(24.210249271748,0.41437300362));
#5725 = CARTESIAN_POINT('',(24.166241973419,0.412890531422));
#5726 = CARTESIAN_POINT('',(24.121953520854,0.4114259501));
#5727 = CARTESIAN_POINT('',(24.077402474028,0.409984966051));
#5728 = CARTESIAN_POINT('',(24.032605244946,0.408555299975));
#5729 = CARTESIAN_POINT('',(23.987576992307,0.407148121335));
#5730 = CARTESIAN_POINT('',(23.942331043002,0.405755384021));
#5731 = CARTESIAN_POINT('',(23.700026272946,0.39841876445));
#5732 = CARTESIAN_POINT('',(23.499363211627,0.392761855161));
#5733 = CARTESIAN_POINT('',(23.295779929761,0.387358008516));
#5734 = CARTESIAN_POINT('',(23.089892890092,0.382177166383));
#5735 = CARTESIAN_POINT('',(22.88215989686,0.377195178764));
#5736 = CARTESIAN_POINT('',(22.672880941193,0.372393251013));
#5737 = CARTESIAN_POINT('',(22.257591473035,0.363250011352));
#5738 = CARTESIAN_POINT('',(22.051716189444,0.358900712448));
#5739 = CARTESIAN_POINT('',(21.844802044599,0.35469372549));
#5740 = CARTESIAN_POINT('',(21.637016032242,0.350619498827));
#5741 = CARTESIAN_POINT('',(21.428492382335,0.346670987438));
#5742 = CARTESIAN_POINT('',(21.219336675679,0.342842822822));
#5743 = CARTESIAN_POINT('',(20.608568490287,0.332032972186));
#5744 = CARTESIAN_POINT('',(20.205548360651,0.32536214202));
#5745 = CARTESIAN_POINT('',(19.80111284961,0.319091841041));
#5746 = CARTESIAN_POINT('',(19.395708518986,0.313219353919));
#5747 = CARTESIAN_POINT('',(18.989709222234,0.307756380646));
#5748 = CARTESIAN_POINT('',(18.583417487292,0.30273020576));
#5749 = CARTESIAN_POINT('',(17.838964022159,0.294410015463));
#5750 = CARTESIAN_POINT('',(17.50086474225,0.290967397687));
#5751 = CARTESIAN_POINT('',(17.162921746388,0.287888406239));
#5752 = CARTESIAN_POINT('',(16.825310272115,0.285211589377));
#5753 = CARTESIAN_POINT('',(16.48823024054,0.282987261087));
#5754 = CARTESIAN_POINT('',(16.151908766131,0.281282603085));
#5755 = CARTESIAN_POINT('',(15.483389273297,0.279106496211));
#5756 = CARTESIAN_POINT('',(15.151269739565,0.278627716545));
#5757 = CARTESIAN_POINT('',(14.820417668152,0.278846341502));
#5758 = CARTESIAN_POINT('',(14.491164245696,0.279879774961));
#5759 = CARTESIAN_POINT('',(14.164026011303,0.28188688648));
#5760 = CARTESIAN_POINT('',(13.839699861834,0.285072281956));
#5761 = CARTESIAN_POINT('',(13.519191757789,0.289759909979));
#5762 = ( GEOMETRIC_REPRESENTATION_CONTEXT(2) 
PARAMETRIC_REPRESENTATION_CONTEXT() REPRESENTATION_CONTEXT('2D SPACE',''
  ) );
#5763 = PCURVE('',#5764,#5769);
#5764 = CYLINDRICAL_SURFACE('',#5765,4.);
#5765 = AXIS2_PLACEMENT_3D('',#5766,#5767,#5768);
#5766 = CARTESIAN_POINT('',(21.,9.5,74.375));
#5767 = DIRECTION('',(0.,0.,1.));
#5768 = DIRECTION('',(1.,0.,0.));
#5769 = DEFINITIONAL_REPRESENTATION('',(#5770),#5840);
#5770 = B_SPLINE_CURVE_WITH_KNOTS('',3,(#5771,#5772,#5773,#5774,#5775,
    #5776,#5777,#5778,#5779,#5780,#5781,#5782,#5783,#5784,#5785,#5786,
    #5787,#5788,#5789,#5790,#5791,#5792,#5793,#5794,#5795,#5796,#5797,
    #5798,#5799,#5800,#5801,#5802,#5803,#5804,#5805,#5806,#5807,#5808,
    #5809,#5810,#5811,#5812,#5813,#5814,#5815,#5816,#5817,#5818,#5819,
    #5820,#5821,#5822,#5823,#5824,#5825,#5826,#5827,#5828,#5829,#5830,
    #5831,#5832,#5833,#5834,#5835,#5836,#5837,#5838,#5839),
  .UNSPECIFIED.,.F.,.F.,(4,1,1,1,1,1,1,1,1,1,1,1,1,1,1,1,1,1,1,1,1,1,1,1
    ,1,1,1,1,1,1,1,1,1,1,1,1,1,1,1,1,1,1,1,1,1,1,1,1,1,1,1,1,1,1,1,1,1,1
    ,1,1,1,1,1,1,1,1,4),(3.926139677062E-05,1.519018167864E-02,
    3.03411019605E-02,4.549202224237E-02,6.064294252424E-02,
    7.579386280611E-02,9.094478308797E-02,0.10609570337,0.121246623652,
    0.136397543934,0.151548464215,0.166699384497,0.181850304779,
    0.197001225061,0.212152145343,0.227303065625,0.242453985907,
    0.257604906189,0.27275582647,0.287906746752,0.303057667034,
    0.318208587316,0.333359507598,0.34851042788,0.363661348162,
    0.378812268443,0.393963188725,0.409114109007,0.424265029289,
    0.439415949571,0.454566869853,0.469717790135,0.484868710417,
    0.500019630698,0.51517055098,0.530321471262,0.545472391544,
    0.560623311826,0.575774232108,0.59092515239,0.606076072671,
    0.621226992953,0.636377913235,0.651528833517,0.666679753799,
    0.681830674081,0.696981594363,0.712132514645,0.727283434926,
    0.742434355208,0.75758527549,0.772736195772,0.787887116054,
    0.803038036336,0.818188956618,0.833339876899,0.848490797181,
    0.863641717463,0.878792637745,0.893943558027,0.909094478309,
    0.924245398591,0.939396318873,0.954547239154,0.969698159436,
    0.984849079718,1.),.QUASI_UNIFORM_KNOTS.);
#5771 = CARTESIAN_POINT('',(8.038711198898,15.416666666829));
#5772 = CARTESIAN_POINT('',(8.027107119726,15.386019152739));
#5773 = CARTESIAN_POINT('',(8.004275590734,15.324185465922));
#5774 = CARTESIAN_POINT('',(7.971062213191,15.230009589311));
#5775 = CARTESIAN_POINT('',(7.938782320102,15.134613377323));
#5776 = CARTESIAN_POINT('',(7.907351087812,15.038151505765));
#5777 = CARTESIAN_POINT('',(7.876689392261,14.940746712788));
#5778 = CARTESIAN_POINT('',(7.846730365928,14.842509404015));
#5779 = CARTESIAN_POINT('',(7.817414748932,14.743534710663));
#5780 = CARTESIAN_POINT('',(7.788689841042,14.643904869747));
#5781 = CARTESIAN_POINT('',(7.760508025621,14.543689826192));
#5782 = CARTESIAN_POINT('',(7.732825762958,14.44294785832));
#5783 = CARTESIAN_POINT('',(7.705602879289,14.341726572922));
#5784 = CARTESIAN_POINT('',(7.678801427331,14.240061535537));
#5785 = CARTESIAN_POINT('',(7.652393405895,14.138008817312));
#5786 = CARTESIAN_POINT('',(7.626348268832,14.03560025313));
#5787 = CARTESIAN_POINT('',(7.60063909246,13.932868308476));
#5788 = CARTESIAN_POINT('',(7.575240936556,13.829841619909));
#5789 = CARTESIAN_POINT('',(7.550130840649,13.72654637849));
#5790 = CARTESIAN_POINT('',(7.525287446084,13.623006114282));
#5791 = CARTESIAN_POINT('',(7.500690782458,13.519241902017));
#5792 = CARTESIAN_POINT('',(7.476322039799,13.415272349363));
#5793 = CARTESIAN_POINT('',(7.452163466026,13.311113902022));
#5794 = CARTESIAN_POINT('',(7.428199730208,13.206787676097));
#5795 = CARTESIAN_POINT('',(7.40441472027,13.102306211782));
#5796 = CARTESIAN_POINT('',(7.380793628863,12.997683021733));
#5797 = CARTESIAN_POINT('',(7.357322376867,12.892930654815));
#5798 = CARTESIAN_POINT('',(7.333987630159,12.788061241533));
#5799 = CARTESIAN_POINT('',(7.3107766723,12.683086371279));
#5800 = CARTESIAN_POINT('',(7.287677328797,12.578017145658));
#5801 = CARTESIAN_POINT('',(7.264677888715,12.47286418198));
#5802 = CARTESIAN_POINT('',(7.241767036454,12.367637627655));
#5803 = CARTESIAN_POINT('',(7.218933788729,12.262347169697));
#5804 = CARTESIAN_POINT('',(7.196167436488,12.157002043102));
#5805 = CARTESIAN_POINT('',(7.173457491161,12.051611040146));
#5806 = CARTESIAN_POINT('',(7.150793632056,11.946182509903));
#5807 = CARTESIAN_POINT('',(7.128165663134,11.840724390067));
#5808 = CARTESIAN_POINT('',(7.105563445101,11.735244114739));
#5809 = CARTESIAN_POINT('',(7.082976927392,11.629748982726));
#5810 = CARTESIAN_POINT('',(7.060395813206,11.524244805808));
#5811 = CARTESIAN_POINT('',(7.037811495108,11.418745164346));
#5812 = CARTESIAN_POINT('',(7.015213871619,11.313256731303));
#5813 = CARTESIAN_POINT('',(6.992592995237,11.207787179959));
#5814 = CARTESIAN_POINT('',(6.969938842245,11.102344323219));
#5815 = CARTESIAN_POINT('',(6.947241316826,10.996936347075));
#5816 = CARTESIAN_POINT('',(6.924490191419,10.891571752069));
#5817 = CARTESIAN_POINT('',(6.901675062285,10.786259374821));
#5818 = CARTESIAN_POINT('',(6.878785297542,10.681008387577));
#5819 = CARTESIAN_POINT('',(6.85580998474,10.575828311834));
#5820 = CARTESIAN_POINT('',(6.832737867713,10.47072900392));
#5821 = CARTESIAN_POINT('',(6.80955730197,10.3657207449));
#5822 = CARTESIAN_POINT('',(6.786256117408,10.26081394751));
#5823 = CARTESIAN_POINT('',(6.762821799708,10.15602029689));
#5824 = CARTESIAN_POINT('',(6.739240452169,10.051348545329));
#5825 = CARTESIAN_POINT('',(6.715500585554,9.94682163062));
#5826 = CARTESIAN_POINT('',(6.691587385148,9.842451717542));
#5827 = CARTESIAN_POINT('',(6.667484712508,9.738249740998));
#5828 = CARTESIAN_POINT('',(6.643175970025,9.634229795905));
#5829 = CARTESIAN_POINT('',(6.61864370375,9.53040803052));
#5830 = CARTESIAN_POINT('',(6.593869525577,9.426803014817));
#5831 = CARTESIAN_POINT('',(6.568833926443,9.32343572135));
#5832 = CARTESIAN_POINT('',(6.543516087331,9.220329624372));
#5833 = CARTESIAN_POINT('',(6.517893654488,9.11751078383));
#5834 = CARTESIAN_POINT('',(6.491942462559,9.015007969093));
#5835 = CARTESIAN_POINT('',(6.46563625201,8.912852763537));
#5836 = CARTESIAN_POINT('',(6.438946151043,8.811079857723));
#5837 = CARTESIAN_POINT('',(6.411840726917,8.709726786253));
#5838 = CARTESIAN_POINT('',(6.39346927062,8.64246620031));
#5839 = CARTESIAN_POINT('',(6.38420241453,8.608919769437));
#5840 = ( GEOMETRIC_REPRESENTATION_CONTEXT(2) 
PARAMETRIC_REPRESENTATION_CONTEXT() REPRESENTATION_CONTEXT('2D SPACE',''
  ) );
#5841 = ORIENTED_EDGE('',*,*,#5842,.T.);
#5842 = EDGE_CURVE('',#5679,#5843,#5845,.T.);
#5843 = VERTEX_POINT('',#5844);
#5844 = CARTESIAN_POINT('',(25.,9.5,82.633928571429));
#5845 = SURFACE_CURVE('',#5846,(#5855,#5867),.PCURVE_S1.);
#5846 = B_SPLINE_CURVE_WITH_KNOTS('',4,(#5847,#5848,#5849,#5850,#5851,
    #5852,#5853,#5854),.UNSPECIFIED.,.F.,.F.,(5,3,5),(0.,0.527187874197,
    1.),.UNSPECIFIED.);
#5847 = CARTESIAN_POINT('',(24.979608437296,9.903381563534,
    82.983919769437));
#5848 = CARTESIAN_POINT('',(24.984762290483,9.852535616471,
    82.937669934409));
#5849 = CARTESIAN_POINT('',(24.989121490947,9.800895040369,
    82.891420118942));
#5850 = CARTESIAN_POINT('',(24.992636942838,9.74841073625,
    82.845170320452));
#5851 = CARTESIAN_POINT('',(24.99758064563,9.64713103145,82.75744116686)
  );
#5852 = CARTESIAN_POINT('',(24.999178408821,9.598686694152,
    82.71611175351));
#5853 = CARTESIAN_POINT('',(25.000000017041,9.549642442654,
    82.674927896154));
#5854 = CARTESIAN_POINT('',(25.,9.5,82.633928571429));
#5855 = PCURVE('',#4693,#5856);
#5856 = DEFINITIONAL_REPRESENTATION('',(#5857),#5866);
#5857 = B_SPLINE_CURVE_WITH_KNOTS('',4,(#5858,#5859,#5860,#5861,#5862,
    #5863,#5864,#5865),.UNSPECIFIED.,.F.,.F.,(5,3,5),(0.,0.527187874197,
    1.),.UNSPECIFIED.);
#5858 = CARTESIAN_POINT('',(13.519191757789,0.289759909979));
#5859 = CARTESIAN_POINT('',(13.446562391359,0.290822159105));
#5860 = CARTESIAN_POINT('',(13.373933055645,0.291975864411));
#5861 = CARTESIAN_POINT('',(13.301303746592,0.293228658676));
#5862 = CARTESIAN_POINT('',(13.163536491011,0.295811922408));
#5863 = CARTESIAN_POINT('',(13.098615499448,0.29711529096));
#5864 = CARTESIAN_POINT('',(13.033974993371,0.298511800175));
#5865 = CARTESIAN_POINT('',(12.969590872279,0.30000107829));
#5866 = ( GEOMETRIC_REPRESENTATION_CONTEXT(2) 
PARAMETRIC_REPRESENTATION_CONTEXT() REPRESENTATION_CONTEXT('2D SPACE',''
  ) );
#5867 = PCURVE('',#5764,#5868);
#5868 = DEFINITIONAL_REPRESENTATION('',(#5869),#5895);
#5869 = B_SPLINE_CURVE_WITH_KNOTS('',3,(#5870,#5871,#5872,#5873,#5874,
    #5875,#5876,#5877,#5878,#5879,#5880,#5881,#5882,#5883,#5884,#5885,
    #5886,#5887,#5888,#5889,#5890,#5891,#5892,#5893,#5894),
  .UNSPECIFIED.,.F.,.F.,(4,1,1,1,1,1,1,1,1,1,1,1,1,1,1,1,1,1,1,1,1,1,4),
  (0.,4.545454545455E-02,9.090909090909E-02,0.136363636364,
    0.181818181818,0.227272727273,0.272727272727,0.318181818182,
    0.363636363636,0.409090909091,0.454545454545,0.5,0.545454545455,
    0.590909090909,0.636363636364,0.681818181818,0.727272727273,
    0.772727272727,0.818181818182,0.863636363636,0.909090909091,
    0.954545454545,1.),.QUASI_UNIFORM_KNOTS.);
#5870 = CARTESIAN_POINT('',(6.38420241453,8.608919769437));
#5871 = CARTESIAN_POINT('',(6.382733600517,8.603602840806));
#5872 = CARTESIAN_POINT('',(6.379790693186,8.592968984109));
#5873 = CARTESIAN_POINT('',(6.375360229139,8.577018200798));
#5874 = CARTESIAN_POINT('',(6.370913399575,8.561067419262));
#5875 = CARTESIAN_POINT('',(6.366449932679,8.545116639514));
#5876 = CARTESIAN_POINT('',(6.361969550531,8.529165861986));
#5877 = CARTESIAN_POINT('',(6.357471967649,8.513215085754));
#5878 = CARTESIAN_POINT('',(6.352956893079,8.497264315214));
#5879 = CARTESIAN_POINT('',(6.348424023007,8.481313535135));
#5880 = CARTESIAN_POINT('',(6.34387306775,8.465362803774));
#5881 = CARTESIAN_POINT('',(6.339303650698,8.44941190537));
#5882 = CARTESIAN_POINT('',(6.334715685122,8.433461647053));
#5883 = CARTESIAN_POINT('',(6.330107967551,8.417509018709));
#5884 = CARTESIAN_POINT('',(6.325485758165,8.401573308436));
#5885 = CARTESIAN_POINT('',(6.320848652342,8.385654094933));
#5886 = CARTESIAN_POINT('',(6.316196407994,8.369751561862));
#5887 = CARTESIAN_POINT('',(6.311528765507,8.353865843648));
#5888 = CARTESIAN_POINT('',(6.306845495922,8.337997200718));
#5889 = CARTESIAN_POINT('',(6.302146388008,8.322145972746));
#5890 = CARTESIAN_POINT('',(6.297431251489,8.306312590433));
#5891 = CARTESIAN_POINT('',(6.292699916728,8.290497575152));
#5892 = CARTESIAN_POINT('',(6.287952232367,8.274701528572));
#5893 = CARTESIAN_POINT('',(6.284776127237,8.264183959204));
#5894 = CARTESIAN_POINT('',(6.28318530718,8.258928571429));
#5895 = ( GEOMETRIC_REPRESENTATION_CONTEXT(2) 
PARAMETRIC_REPRESENTATION_CONTEXT() REPRESENTATION_CONTEXT('2D SPACE',''
  ) );
#5896 = ORIENTED_EDGE('',*,*,#5897,.T.);
#5897 = EDGE_CURVE('',#5843,#5898,#5900,.T.);
#5898 = VERTEX_POINT('',#5899);
#5899 = CARTESIAN_POINT('',(17.068056158896,10.234722825562,
    89.791666666667));
#5900 = SURFACE_CURVE('',#5901,(#6037,#6176),.PCURVE_S1.);
#5901 = B_SPLINE_CURVE_WITH_KNOTS('',8,(#5902,#5903,#5904,#5905,#5906,
    #5907,#5908,#5909,#5910,#5911,#5912,#5913,#5914,#5915,#5916,#5917,
    #5918,#5919,#5920,#5921,#5922,#5923,#5924,#5925,#5926,#5927,#5928,
    #5929,#5930,#5931,#5932,#5933,#5934,#5935,#5936,#5937,#5938,#5939,
    #5940,#5941,#5942,#5943,#5944,#5945,#5946,#5947,#5948,#5949,#5950,
    #5951,#5952,#5953,#5954,#5955,#5956,#5957,#5958,#5959,#5960,#5961,
    #5962,#5963,#5964,#5965,#5966,#5967,#5968,#5969,#5970,#5971,#5972,
    #5973,#5974,#5975,#5976,#5977,#5978,#5979,#5980,#5981,#5982,#5983,
    #5984,#5985,#5986,#5987,#5988,#5989,#5990,#5991,#5992,#5993,#5994,
    #5995,#5996,#5997,#5998,#5999,#6000,#6001,#6002,#6003,#6004,#6005,
    #6006,#6007,#6008,#6009,#6010,#6011,#6012,#6013,#6014,#6015,#6016,
    #6017,#6018,#6019,#6020,#6021,#6022,#6023,#6024,#6025,#6026,#6027,
    #6028,#6029,#6030,#6031,#6032,#6033,#6034,#6035,#6036),
  .UNSPECIFIED.,.F.,.F.,(9,7,7,7,7,7,7,7,7,7,7,7,7,7,7,7,7,7,7,9),(0.,
    6.557459694465E-02,0.1044137959,0.138865338981,0.151907701612,
    0.159507693277,0.174992013376,0.194896861026,0.205748921697,
    0.228458458696,0.267795281702,0.314772950821,0.453580117843,
    0.581681827517,0.647200815782,0.788827680234,0.936360497762,
    0.969274041015,0.984310171271,1.),.UNSPECIFIED.);
#5902 = CARTESIAN_POINT('',(24.999999999994,9.499999999994,
    82.633928571429));
#5903 = CARTESIAN_POINT('',(24.999999999994,9.395370837562,
    82.547516093527));
#5904 = CARTESIAN_POINT('',(24.996872319236,9.28845067517,82.46179462432
    ));
#5905 = CARTESIAN_POINT('',(24.990376610288,9.179080951815,
    82.376831710636));
#5906 = CARTESIAN_POINT('',(24.98022723159,9.067104458311,
    82.292733423854));
#5907 = CARTESIAN_POINT('',(24.966079536901,8.952356606365,
    82.209648472548));
#5908 = CARTESIAN_POINT('',(24.947523000331,8.834660889144,
    82.127770131386));
#5909 = CARTESIAN_POINT('',(24.924053869574,8.713810681572,
    82.047343795624));
#5910 = CARTESIAN_POINT('',(24.877791737918,8.515903081899,
    81.92210088677));
#5911 = CARTESIAN_POINT('',(24.858629156889,8.441100907202,
    81.876148543785));
#5912 = CARTESIAN_POINT('',(24.837373548395,8.365049085367,
    81.830892742588));
#5913 = CARTESIAN_POINT('',(24.813868076558,8.287692418257,
    81.786417425064));
#5914 = CARTESIAN_POINT('',(24.787937955755,8.208984468359,
    81.742828592999));
#5915 = CARTESIAN_POINT('',(24.759387032243,8.128885758155,
    81.700255644168));
#5916 = CARTESIAN_POINT('',(24.727990809737,8.047360129207,
    81.658854125455));
#5917 = CARTESIAN_POINT('',(24.66287903815,7.8907538531,81.583289467705)
  );
#5918 = CARTESIAN_POINT('',(24.629839697494,7.816018044353,
    81.54885265254));
#5919 = CARTESIAN_POINT('',(24.594180406529,7.74012045537,
    81.515620129623));
#5920 = CARTESIAN_POINT('',(24.555705737602,7.663061286134,
    81.483753466422));
#5921 = CARTESIAN_POINT('',(24.514214986242,7.584883469086,
    81.45345388092));
#5922 = CARTESIAN_POINT('',(24.469508196733,7.505674847156,
    81.424959063965));
#5923 = CARTESIAN_POINT('',(24.421395552846,7.425571376732,
    81.398538068834));
#5924 = CARTESIAN_POINT('',(24.350143521673,7.314169007387,
    81.365378191326));
#5925 = CARTESIAN_POINT('',(24.33006792985,7.283480181711,
    81.356612797296));
#5926 = CARTESIAN_POINT('',(24.309476201159,7.252707581819,
    81.348204488492));
#5927 = CARTESIAN_POINT('',(24.288362534823,7.22186610928,
    81.340170362833));
#5928 = CARTESIAN_POINT('',(24.266722848779,7.190972892421,
    81.33252793783));
#5929 = CARTESIAN_POINT('',(24.244555142045,7.160047314818,
    81.325294874835));
#5930 = CARTESIAN_POINT('',(24.2218598571,7.129111043782,81.318488703286
    ));
#5931 = CARTESIAN_POINT('',(24.185109804224,7.080168744837,
    81.308419214345));
#5932 = CARTESIAN_POINT('',(24.171401377331,7.062153962864,
    81.304862626444));
#5933 = CARTESIAN_POINT('',(24.1575156114,7.044148535362,81.301460227379
    ));
#5934 = CARTESIAN_POINT('',(24.143453529421,7.02615751912,
    81.298215348635));
#5935 = CARTESIAN_POINT('',(24.129216527551,7.008186205288,
    81.29513120706));
#5936 = CARTESIAN_POINT('',(24.114806375108,6.990240119374,
    81.292210904863));
#5937 = CARTESIAN_POINT('',(24.100225214574,6.972325021246,
    81.289457429618));
#5938 = CARTESIAN_POINT('',(24.055424430206,6.918021802985,
    81.281609437339));
#5939 = CARTESIAN_POINT('',(24.024671844976,6.881747597579,
    81.277049170677));
#5940 = CARTESIAN_POINT('',(23.993241986152,6.845678053298,
    81.273217287598));
#5941 = CARTESIAN_POINT('',(23.961164122361,6.809867540848,
    81.270134519732));
#5942 = CARTESIAN_POINT('',(23.928473093435,6.774370769253,
    81.267817276904));
#5943 = CARTESIAN_POINT('',(23.895209793232,6.73924251786,
    81.266277027037));
#5944 = CARTESIAN_POINT('',(23.861421652468,6.704537368335,
    81.265519676051));
#5945 = CARTESIAN_POINT('',(23.783124323922,6.626309973917,
    81.265577434147));
#5946 = CARTESIAN_POINT('',(23.738299194498,6.583090131705,
    81.26690322939));
#5947 = CARTESIAN_POINT('',(23.692806103498,6.540768435256,
    81.269522461497));
#5948 = CARTESIAN_POINT('',(23.64676274037,6.499441912264,
    81.273418066073));
#5949 = CARTESIAN_POINT('',(23.600285139376,6.45918820625,
    81.278558336481));
#5950 = CARTESIAN_POINT('',(23.553486705196,6.420067689931,81.284899474)
  );
#5951 = CARTESIAN_POINT('',(23.506477238538,6.382125578592,
    81.292388137991));
#5952 = CARTESIAN_POINT('',(23.433674860226,6.325368125391,
    81.305639527034));
#5953 = CARTESIAN_POINT('',(23.40795383986,6.305700101331,
    81.310638653447));
#5954 = CARTESIAN_POINT('',(23.382214332442,6.286394002016,
    81.315951959247));
#5955 = CARTESIAN_POINT('',(23.356470657284,6.267452282615,
    81.321569645921));
#5956 = CARTESIAN_POINT('',(23.330736022599,6.248875987072,
    81.327481667087));
#5957 = CARTESIAN_POINT('',(23.305022526876,6.230664912466,
    81.333677863099));
#5958 = CARTESIAN_POINT('',(23.279341160263,6.212817773368,
    81.340148095645));
#5959 = CARTESIAN_POINT('',(23.200047676722,6.158741573623,
    81.360974870209));
#5960 = CARTESIAN_POINT('',(23.146582446508,6.123738386568,
    81.376222539781));
#5961 = CARTESIAN_POINT('',(23.093389791472,6.090296680907,
    81.392534707792));
#5962 = CARTESIAN_POINT('',(23.040537813792,6.058378305106,
    81.409823620059));
#5963 = CARTESIAN_POINT('',(22.988079668422,6.027935811576,
    81.428006189659));
#5964 = CARTESIAN_POINT('',(22.936054189865,5.998915188033,
    81.447005735094));
#5965 = CARTESIAN_POINT('',(22.88448651894,5.971258588852,
    81.466753718455));
#5966 = CARTESIAN_POINT('',(22.744878572033,5.89926169842,
    81.522593207061));
#5967 = CARTESIAN_POINT('',(22.657817253853,5.857551608758,
    81.560048462756));
#5968 = CARTESIAN_POINT('',(22.572242238438,5.819450191437,
    81.599256568325));
#5969 = CARTESIAN_POINT('',(22.488171918968,5.784668255525,
    81.639963492246));
#5970 = CARTESIAN_POINT('',(22.405601781458,5.752945076819,
    81.681957632329));
#5971 = CARTESIAN_POINT('',(22.324502091499,5.724042975736,
    81.725067248142));
#5972 = CARTESIAN_POINT('',(22.244817104658,5.697745421454,
    81.769159547354));
#5973 = CARTESIAN_POINT('',(22.072895416376,5.645332101597,
    81.867860655205));
#5974 = CARTESIAN_POINT('',(21.981274245627,5.620257922681,
    81.922821340423));
#5975 = CARTESIAN_POINT('',(21.891495135834,5.598310572574,
    81.978843106236));
#5976 = CARTESIAN_POINT('',(21.80347022819,5.579223563273,
    82.035778424064));
#5977 = CARTESIAN_POINT('',(21.717120308343,5.562771845089,
    82.093506849544));
#5978 = CARTESIAN_POINT('',(21.632367682971,5.548760054074,
    82.151931199348));
#5979 = CARTESIAN_POINT('',(21.549132582118,5.537016633524,
    82.210975667456));
#5980 = CARTESIAN_POINT('',(21.225636205524,5.498960870149,
    82.446719031052));
#5981 = CARTESIAN_POINT('',(20.99676264042,5.489073638474,
    82.627578279643));
#5982 = CARTESIAN_POINT('',(20.778499383833,5.4938297409,82.811768375257
    ));
#5983 = CARTESIAN_POINT('',(20.569848718124,5.511176258218,
    82.998417834451));
#5984 = CARTESIAN_POINT('',(20.369911155135,5.539413816246,
    83.186866037078));
#5985 = CARTESIAN_POINT('',(20.178030560687,5.577398404362,
    83.376710049464));
#5986 = CARTESIAN_POINT('',(19.993563794351,5.624219887547,
    83.567729362683));
#5987 = CARTESIAN_POINT('',(19.651991000523,5.730075861244,
    83.937257585863));
#5988 = CARTESIAN_POINT('',(19.494017263321,5.787843488092,
    84.115436837422));
#5989 = CARTESIAN_POINT('',(19.341654559915,5.852032421686,
    84.294285287623));
#5990 = CARTESIAN_POINT('',(19.194654146422,5.922235014224,
    84.473671698854));
#5991 = CARTESIAN_POINT('',(19.052834459451,5.998136717589,
    84.65348623998));
#5992 = CARTESIAN_POINT('',(18.91605827983,6.079490113076,
    84.833637897993));
#5993 = CARTESIAN_POINT('',(18.784222684111,6.166103447078,85.0140533087
    ));
#5994 = CARTESIAN_POINT('',(18.592326274749,6.304765191415,
    85.287058926711));
#5995 = CARTESIAN_POINT('',(18.528668046957,6.353026155928,
    85.379492188212));
#5996 = CARTESIAN_POINT('',(18.466279168786,6.402607622027,
    85.471967695757));
#5997 = CARTESIAN_POINT('',(18.405154431315,6.453493653629,
    85.564476589858));
#5998 = CARTESIAN_POINT('',(18.345291253058,6.505671217741,
    85.657010238689));
#5999 = CARTESIAN_POINT('',(18.286689584612,6.55913007941,
    85.749560230079));
#6000 = CARTESIAN_POINT('',(18.229351813322,6.613862696677,
    85.842118363485));
#6001 = CARTESIAN_POINT('',(18.052082730873,6.790917653841,
    86.134752056916));
#6002 = CARTESIAN_POINT('',(17.936817413668,6.917893511919,
    86.334817313287));
#6003 = CARTESIAN_POINT('',(17.827526415394,7.050746922952,
    86.534802651332));
#6004 = CARTESIAN_POINT('',(17.724316353356,7.189486590875,
    86.734627205093));
#6005 = CARTESIAN_POINT('',(17.627354067893,7.334168205343,
    86.934199176019));
#6006 = CARTESIAN_POINT('',(17.536872444654,7.484899585465,
    87.133415272545));
#6007 = CARTESIAN_POINT('',(17.453188754367,7.641857452279,
    87.332159415686));
#6008 = CARTESIAN_POINT('',(17.297094104609,7.975590552251,
    87.736704655419));
#6009 = CARTESIAN_POINT('',(17.225336791567,8.152839685647,
    87.942357300913));
#6010 = CARTESIAN_POINT('',(17.161907020419,8.337430154525,
    88.147195445583));
#6011 = CARTESIAN_POINT('',(17.107448056423,8.529798604281,
    88.351048443537));
#6012 = CARTESIAN_POINT('',(17.06279290051,8.730444026682,
    88.553640439031));
#6013 = CARTESIAN_POINT('',(17.029102689909,8.940036086119,
    88.754565528118));
#6014 = CARTESIAN_POINT('',(17.007851480774,9.159404170816,
    88.953291284187));
#6015 = CARTESIAN_POINT('',(17.000095701839,9.441552165324,
    89.192720739931));
#6016 = CARTESIAN_POINT('',(16.999423233639,9.493574899957,
    89.236241331557));
#6017 = CARTESIAN_POINT('',(16.999520351472,9.546171949115,
    89.279600649839));
#6018 = CARTESIAN_POINT('',(17.000416678374,9.599359470183,
    89.322787573592));
#6019 = CARTESIAN_POINT('',(17.002144530909,9.653154537395,
    89.365789514285));
#6020 = CARTESIAN_POINT('',(17.004739384356,9.707575474043,
    89.408592306215));
#6021 = CARTESIAN_POINT('',(17.0082403379,9.762642184689,89.451180096678
    ));
#6022 = CARTESIAN_POINT('',(17.014723615779,9.843837988986,
    89.512884638586));
#6023 = CARTESIAN_POINT('',(17.016940249069,9.869256897829,
    89.532047232235));
#6024 = CARTESIAN_POINT('',(17.019339707259,9.894632447479,
    89.551023022056));
#6025 = CARTESIAN_POINT('',(17.021921231063,9.919963863725,
    89.569811995726));
#6026 = CARTESIAN_POINT('',(17.024684074333,9.945250364563,
    89.588414123628));
#6027 = CARTESIAN_POINT('',(17.02762750406,9.970491160195,
    89.606829358861));
#6028 = CARTESIAN_POINT('',(17.030750800377,9.995685453027,
    89.625057637234));
#6029 = CARTESIAN_POINT('',(17.037499287604,10.047072692006,
    89.661924463457));
#6030 = CARTESIAN_POINT('',(17.041166870663,10.073462589331,
    89.680690660507));
#6031 = CARTESIAN_POINT('',(17.045060939717,10.100004406446,
    89.699395273861));
#6032 = CARTESIAN_POINT('',(17.049186731619,10.126700500198,
    89.718035924942));
#6033 = CARTESIAN_POINT('',(17.053549786082,10.153553307484,
    89.736610051158));
#6034 = CARTESIAN_POINT('',(17.058155945681,10.180565345248,
    89.755114905893));
#6035 = CARTESIAN_POINT('',(17.063011355854,10.207739210486,
    89.773547558513));
#6036 = CARTESIAN_POINT('',(17.0681224649,10.235077580242,
    89.791904894367));
#6037 = PCURVE('',#4693,#6038);
#6038 = DEFINITIONAL_REPRESENTATION('',(#6039),#6175);
#6039 = B_SPLINE_CURVE_WITH_KNOTS('',8,(#6040,#6041,#6042,#6043,#6044,
    #6045,#6046,#6047,#6048,#6049,#6050,#6051,#6052,#6053,#6054,#6055,
    #6056,#6057,#6058,#6059,#6060,#6061,#6062,#6063,#6064,#6065,#6066,
    #6067,#6068,#6069,#6070,#6071,#6072,#6073,#6074,#6075,#6076,#6077,
    #6078,#6079,#6080,#6081,#6082,#6083,#6084,#6085,#6086,#6087,#6088,
    #6089,#6090,#6091,#6092,#6093,#6094,#6095,#6096,#6097,#6098,#6099,
    #6100,#6101,#6102,#6103,#6104,#6105,#6106,#6107,#6108,#6109,#6110,
    #6111,#6112,#6113,#6114,#6115,#6116,#6117,#6118,#6119,#6120,#6121,
    #6122,#6123,#6124,#6125,#6126,#6127,#6128,#6129,#6130,#6131,#6132,
    #6133,#6134,#6135,#6136,#6137,#6138,#6139,#6140,#6141,#6142,#6143,
    #6144,#6145,#6146,#6147,#6148,#6149,#6150,#6151,#6152,#6153,#6154,
    #6155,#6156,#6157,#6158,#6159,#6160,#6161,#6162,#6163,#6164,#6165,
    #6166,#6167,#6168,#6169,#6170,#6171,#6172,#6173,#6174),
  .UNSPECIFIED.,.F.,.F.,(9,7,7,7,7,7,7,7,7,7,7,7,7,7,7,7,7,7,7,9),(0.,
    6.557459694465E-02,0.1044137959,0.138865338981,0.151907701612,
    0.159507693277,0.174992013376,0.194896861026,0.205748921697,
    0.228458458696,0.267795281702,0.314772950821,0.453580117843,
    0.581681827517,0.647200815782,0.788827680234,0.936360497762,
    0.969274041015,0.984310171271,1.),.UNSPECIFIED.);
#6040 = CARTESIAN_POINT('',(12.969575981811,0.300000000001));
#6041 = CARTESIAN_POINT('',(12.833876394604,0.303138874874));
#6042 = CARTESIAN_POINT('',(12.699261946913,0.306640483506));
#6043 = CARTESIAN_POINT('',(12.565838712273,0.310540542788));
#6044 = CARTESIAN_POINT('',(12.433773262024,0.314879766625));
#6045 = CARTESIAN_POINT('',(12.303299123691,0.319705361787));
#6046 = CARTESIAN_POINT('',(12.17471981007,0.325071783891));
#6047 = CARTESIAN_POINT('',(12.048420682576,0.33104333282));
#6048 = CARTESIAN_POINT('',(11.851742940601,0.341644537513));
#6049 = CARTESIAN_POINT('',(11.779580746833,0.345827524386));
#6050 = CARTESIAN_POINT('',(11.708512381589,0.350267037178));
#6051 = CARTESIAN_POINT('',(11.638669664708,0.354981187088));
#6052 = CARTESIAN_POINT('',(11.570219058249,0.359989167103));
#6053 = CARTESIAN_POINT('',(11.503363764628,0.365311341177));
#6054 = CARTESIAN_POINT('',(11.438348050052,0.370969542303));
#6055 = CARTESIAN_POINT('',(11.319683557224,0.382325760314));
#6056 = CARTESIAN_POINT('',(11.265605006115,0.387944714581));
#6057 = CARTESIAN_POINT('',(11.213417639762,0.393861836771));
#6058 = CARTESIAN_POINT('',(11.163375178915,0.400092840677));
#6059 = CARTESIAN_POINT('',(11.115793610315,0.4066508725));
#6060 = CARTESIAN_POINT('',(11.071046196606,0.413545221771));
#6061 = CARTESIAN_POINT('',(11.029555451056,0.420779630089));
#6062 = CARTESIAN_POINT('',(10.977482164895,0.431216196683));
#6063 = CARTESIAN_POINT('',(10.963717250609,0.434129924807));
#6064 = CARTESIAN_POINT('',(10.950513092349,0.437090915189));
#6065 = CARTESIAN_POINT('',(10.937896540179,0.440098421997));
#6066 = CARTESIAN_POINT('',(10.925895103079,0.44315138932));
#6067 = CARTESIAN_POINT('',(10.914536515911,0.44624842005));
#6068 = CARTESIAN_POINT('',(10.903848306384,0.449387744764));
#6069 = CARTESIAN_POINT('',(10.888035480205,0.454419904156));
#6070 = CARTESIAN_POINT('',(10.882450320264,0.456286237198));
#6071 = CARTESIAN_POINT('',(10.877107293888,0.458165755107));
#6072 = CARTESIAN_POINT('',(10.872011632743,0.460057976068));
#6073 = CARTESIAN_POINT('',(10.86716838847,0.461962371085));
#6074 = CARTESIAN_POINT('',(10.862582432688,0.463878363976));
#6075 = CARTESIAN_POINT('',(10.858258456994,0.465805331374));
#6076 = CARTESIAN_POINT('',(10.845934203154,0.471689624139));
#6077 = CARTESIAN_POINT('',(10.838772895913,0.475679691871));
#6078 = CARTESIAN_POINT('',(10.832755420607,0.479706795674));
#6079 = CARTESIAN_POINT('',(10.827914333566,0.483764383388));
#6080 = CARTESIAN_POINT('',(10.824275404295,0.487845394957));
#6081 = CARTESIAN_POINT('',(10.821856641678,0.491942296447));
#6082 = CARTESIAN_POINT('',(10.820667320197,0.49604711406));
#6083 = CARTESIAN_POINT('',(10.820758021796,0.505427550161));
#6084 = CARTESIAN_POINT('',(10.822840011243,0.510703963472));
#6085 = CARTESIAN_POINT('',(10.826953175503,0.515962504212));
#6086 = CARTESIAN_POINT('',(10.833070717156,0.521186377116));
#6087 = CARTESIAN_POINT('',(10.841142845041,0.526360265416));
#6088 = CARTESIAN_POINT('',(10.85110077895,0.53147040074));
#6089 = CARTESIAN_POINT('',(10.862860754325,0.536504633002));
#6090 = CARTESIAN_POINT('',(10.883670341861,0.544150062076));
#6091 = CARTESIAN_POINT('',(10.891520821411,0.546822208671));
#6092 = CARTESIAN_POINT('',(10.899864678933,0.549467399457));
#6093 = CARTESIAN_POINT('',(10.908686527135,0.552084301709));
#6094 = CARTESIAN_POINT('',(10.917970589476,0.554671778732));
#6095 = CARTESIAN_POINT('',(10.927700911548,0.557228877988));
#6096 = CARTESIAN_POINT('',(10.937861572449,0.559754819226));
#6097 = CARTESIAN_POINT('',(10.970567320274,0.567468387229));
#6098 = CARTESIAN_POINT('',(10.994511807426,0.572548143368));
#6099 = CARTESIAN_POINT('',(11.02012795129,0.577483310668));
#6100 = CARTESIAN_POINT('',(11.047277945304,0.582271338028));
#6101 = CARTESIAN_POINT('',(11.075831312237,0.586911716177));
#6102 = CARTESIAN_POINT('',(11.105667633743,0.591405630245));
#6103 = CARTESIAN_POINT('',(11.136679279922,0.595755612335));
#6104 = CARTESIAN_POINT('',(11.224367953338,0.607256913547));
#6105 = CARTESIAN_POINT('',(11.283186573751,0.614124194913));
#6106 = CARTESIAN_POINT('',(11.344757817512,0.620588093752));
#6107 = CARTESIAN_POINT('',(11.40868276107,0.626670586624));
#6108 = CARTESIAN_POINT('',(11.474629110634,0.632394242768));
#6109 = CARTESIAN_POINT('',(11.542327170134,0.637781845737));
#6110 = CARTESIAN_POINT('',(11.611568406439,0.642855965005));
#6111 = CARTESIAN_POINT('',(11.766565692915,0.653349952771));
#6112 = CARTESIAN_POINT('',(11.852874319607,0.65864267538));
#6113 = CARTESIAN_POINT('',(11.94084923573,0.663552534345));
#6114 = CARTESIAN_POINT('',(12.03025876679,0.668110406754));
#6115 = CARTESIAN_POINT('',(12.120913770535,0.672343548447));
#6116 = CARTESIAN_POINT('',(12.212661633156,0.676276519844));
#6117 = CARTESIAN_POINT('',(12.305383311132,0.679931646918));
#6118 = CARTESIAN_POINT('',(12.675587683276,0.6933673903));
#6119 = CARTESIAN_POINT('',(12.959603672315,0.701143561904));
#6120 = CARTESIAN_POINT('',(13.24885032453,0.707187484664));
#6121 = CARTESIAN_POINT('',(13.541959088219,0.711808027672));
#6122 = CARTESIAN_POINT('',(13.837892545141,0.715257709968));
#6123 = CARTESIAN_POINT('',(14.136017940224,0.717716744515));
#6124 = CARTESIAN_POINT('',(14.43598899281,0.719332441419));
#6125 = CARTESIAN_POINT('',(15.016285132497,0.721033261852));
#6126 = CARTESIAN_POINT('',(15.296092533843,0.72122622685));
#6127 = CARTESIAN_POINT('',(15.576950824849,0.720885542417));
#6128 = CARTESIAN_POINT('',(15.858653913869,0.720080031622));
#6129 = CARTESIAN_POINT('',(16.141029325352,0.718863963404));
#6130 = CARTESIAN_POINT('',(16.423934135176,0.717281403298));
#6131 = CARTESIAN_POINT('',(16.707253134392,0.715368605427));
#6132 = CARTESIAN_POINT('',(17.135973043473,0.712021990146));
#6133 = CARTESIAN_POINT('',(17.281127490314,0.710810754638));
#6134 = CARTESIAN_POINT('',(17.426348279088,0.709524653019));
#6135 = CARTESIAN_POINT('',(17.571621497115,0.708167165672));
#6136 = CARTESIAN_POINT('',(17.716933589236,0.706741375632));
#6137 = CARTESIAN_POINT('',(17.862271345225,0.705250004626));
#6138 = CARTESIAN_POINT('',(18.007621887195,0.703695449115));
#6139 = CARTESIAN_POINT('',(18.467165142589,0.698587439386));
#6140 = CARTESIAN_POINT('',(18.781341675465,0.694809847503));
#6141 = CARTESIAN_POINT('',(19.095392706973,0.690768127875));
#6142 = CARTESIAN_POINT('',(19.409191247623,0.686476914813));
#6143 = CARTESIAN_POINT('',(19.722593139693,0.681945642136));
#6144 = CARTESIAN_POINT('',(20.035436177182,0.677178971744));
#6145 = CARTESIAN_POINT('',(20.347538073102,0.672176398394));
#6146 = CARTESIAN_POINT('',(20.982823894916,0.661466926941));
#6147 = CARTESIAN_POINT('',(21.305774697619,0.655741904809));
#6148 = CARTESIAN_POINT('',(21.627446432423,0.649746435074));
#6149 = CARTESIAN_POINT('',(21.947571122126,0.643464613352));
#6150 = CARTESIAN_POINT('',(22.265715571011,0.636874783223));
#6151 = CARTESIAN_POINT('',(22.581242359639,0.629943337989));
#6152 = CARTESIAN_POINT('',(22.893315381043,0.622625203933));
#6153 = CARTESIAN_POINT('',(23.269308282751,0.613094728297));
#6154 = CARTESIAN_POINT('',(23.337651726453,0.611332923645));
#6155 = CARTESIAN_POINT('',(23.40574191129,0.609546760853));
#6156 = CARTESIAN_POINT('',(23.473561372881,0.607735259693));
#6157 = CARTESIAN_POINT('',(23.541090342572,0.60589735742));
#6158 = CARTESIAN_POINT('',(23.608306574964,0.604031887521));
#6159 = CARTESIAN_POINT('',(23.675185175443,0.602137558476));
#6160 = CARTESIAN_POINT('',(23.772084154261,0.599333691813));
#6161 = CARTESIAN_POINT('',(23.802176521834,0.598454410076));
#6162 = CARTESIAN_POINT('',(23.831975538229,0.597575086072));
#6163 = CARTESIAN_POINT('',(23.86148118409,0.596695718528));
#6164 = CARTESIAN_POINT('',(23.890693412913,0.595816306126));
#6165 = CARTESIAN_POINT('',(23.919612151041,0.594936847503));
#6166 = CARTESIAN_POINT('',(23.948237297672,0.594057341252));
#6167 = CARTESIAN_POINT('',(24.006131865929,0.592259991761));
#6168 = CARTESIAN_POINT('',(24.035601744065,0.591335493003));
#6169 = CARTESIAN_POINT('',(24.064974912994,0.590403640771));
#6170 = CARTESIAN_POINT('',(24.094247637472,0.589463992667));
#6171 = CARTESIAN_POINT('',(24.123415893277,0.588516312768));
#6172 = CARTESIAN_POINT('',(24.152475367207,0.587560571625));
#6173 = CARTESIAN_POINT('',(24.181421457084,0.586596946265));
#6174 = CARTESIAN_POINT('',(24.210249271748,0.585625820191));
#6175 = ( GEOMETRIC_REPRESENTATION_CONTEXT(2) 
PARAMETRIC_REPRESENTATION_CONTEXT() REPRESENTATION_CONTEXT('2D SPACE',''
  ) );
#6176 = PCURVE('',#5764,#6177);
#6177 = DEFINITIONAL_REPRESENTATION('',(#6178),#6358);
#6178 = B_SPLINE_CURVE_WITH_KNOTS('',3,(#6179,#6180,#6181,#6182,#6183,
    #6184,#6185,#6186,#6187,#6188,#6189,#6190,#6191,#6192,#6193,#6194,
    #6195,#6196,#6197,#6198,#6199,#6200,#6201,#6202,#6203,#6204,#6205,
    #6206,#6207,#6208,#6209,#6210,#6211,#6212,#6213,#6214,#6215,#6216,
    #6217,#6218,#6219,#6220,#6221,#6222,#6223,#6224,#6225,#6226,#6227,
    #6228,#6229,#6230,#6231,#6232,#6233,#6234,#6235,#6236,#6237,#6238,
    #6239,#6240,#6241,#6242,#6243,#6244,#6245,#6246,#6247,#6248,#6249,
    #6250,#6251,#6252,#6253,#6254,#6255,#6256,#6257,#6258,#6259,#6260,
    #6261,#6262,#6263,#6264,#6265,#6266,#6267,#6268,#6269,#6270,#6271,
    #6272,#6273,#6274,#6275,#6276,#6277,#6278,#6279,#6280,#6281,#6282,
    #6283,#6284,#6285,#6286,#6287,#6288,#6289,#6290,#6291,#6292,#6293,
    #6294,#6295,#6296,#6297,#6298,#6299,#6300,#6301,#6302,#6303,#6304,
    #6305,#6306,#6307,#6308,#6309,#6310,#6311,#6312,#6313,#6314,#6315,
    #6316,#6317,#6318,#6319,#6320,#6321,#6322,#6323,#6324,#6325,#6326,
    #6327,#6328,#6329,#6330,#6331,#6332,#6333,#6334,#6335,#6336,#6337,
    #6338,#6339,#6340,#6341,#6342,#6343,#6344,#6345,#6346,#6347,#6348,
    #6349,#6350,#6351,#6352,#6353,#6354,#6355,#6356,#6357),
  .UNSPECIFIED.,.F.,.F.,(4,1,1,1,1,1,1,1,1,1,1,1,1,1,1,1,1,1,1,1,1,1,1,1
    ,1,1,1,1,1,1,1,1,1,1,1,1,1,1,1,1,1,1,1,1,1,1,1,1,1,1,1,1,1,1,1,1,1,1
    ,1,1,1,1,1,1,1,1,1,1,1,1,1,1,1,1,1,1,1,1,1,1,1,1,1,1,1,1,1,1,1,1,1,1
    ,1,1,1,1,1,1,1,1,1,1,1,1,1,1,1,1,1,1,1,1,1,1,1,1,1,1,1,1,1,1,1,1,1,1
    ,1,1,1,1,1,1,1,1,1,1,1,1,1,1,1,1,1,1,1,1,1,1,1,1,1,1,1,1,1,1,1,1,1,1
    ,1,1,1,1,1,1,1,1,1,1,1,1,1,1,1,1,4),(0.,5.681673575811E-03,
    1.136334715162E-02,1.704502072743E-02,2.272669430325E-02,
    2.840836787906E-02,3.409004145487E-02,3.977171503068E-02,
    4.545338860649E-02,5.11350621823E-02,5.681673575811E-02,
    6.249840933392E-02,6.818008290974E-02,7.386175648555E-02,
    7.954343006136E-02,8.522510363717E-02,9.090677721298E-02,
    9.658845078879E-02,0.102270124365,0.10795179794,0.113633471516,
    0.119315145092,0.124996818668,0.130678492244,0.136360165819,
    0.142041839395,0.147723512971,0.153405186547,0.159086860123,
    0.164768533699,0.170450207274,0.17613188085,0.181813554426,
    0.187495228002,0.193176901578,0.198858575153,0.204540248729,
    0.210221922305,0.215903595881,0.221585269457,0.227266943032,
    0.232948616608,0.238630290184,0.24431196376,0.249993637336,
    0.255675310912,0.261356984487,0.267038658063,0.272720331639,
    0.278402005215,0.284083678791,0.289765352366,0.295447025942,
    0.301128699518,0.306810373094,0.31249204667,0.318173720245,
    0.323855393821,0.329537067397,0.335218740973,0.340900414549,
    0.346582088124,0.3522637617,0.357945435276,0.363627108852,
    0.369308782428,0.374990456004,0.380672129579,0.386353803155,
    0.392035476731,0.397717150307,0.403398823883,0.409080497458,
    0.414762171034,0.42044384461,0.426125518186,0.431807191762,
    0.437488865337,0.443170538913,0.448852212489,0.454533886065,
    0.460215559641,0.465897233217,0.471578906792,0.477260580368,
    0.482942253944,0.48862392752,0.494305601096,0.499987274671,
    0.505668948247,0.511350621823,0.517032295399,0.522713968975,
    0.52839564255,0.534077316126,0.539758989702,0.545440663278,
    0.551122336854,0.55680401043,0.562485684005,0.568167357581,
    0.573849031157,0.579530704733,0.585212378309,0.590894051884,
    0.59657572546,0.602257399036,0.607939072612,0.613620746188,
    0.619302419763,0.624984093339,0.630665766915,0.636347440491,
    0.642029114067,0.647710787642,0.653392461218,0.659074134794,
    0.66475580837,0.670437481946,0.676119155522,0.681800829097,
    0.687482502673,0.693164176249,0.698845849825,0.704527523401,
    0.710209196976,0.715890870552,0.721572544128,0.727254217704,
    0.73293589128,0.738617564855,0.744299238431,0.749980912007,
    0.755662585583,0.761344259159,0.767025932735,0.77270760631,
    0.778389279886,0.784070953462,0.789752627038,0.795434300614,
    0.801115974189,0.806797647765,0.812479321341,0.818160994917,
    0.823842668493,0.829524342068,0.835206015644,0.84088768922,
    0.846569362796,0.852251036372,0.857932709948,0.863614383523,
    0.869296057099,0.874977730675,0.880659404251,0.886341077827,
    0.892022751402,0.897704424978,0.903386098554,0.90906777213,
    0.914749445706,0.920431119281,0.926112792857,0.931794466433,
    0.937476140009,0.943157813585,0.94883948716,0.954521160736,
    0.960202834312,0.965884507888,0.971566181464,0.97724785504,
    0.982929528615,0.988611202191,0.994292875767,0.999974549343),
  .QUASI_UNIFORM_KNOTS.);
#6179 = CARTESIAN_POINT('',(6.28318530718,8.258928571429));
#6180 = CARTESIAN_POINT('',(6.277141567425,8.238963128294));
#6181 = CARTESIAN_POINT('',(6.264974012856,8.199127877981));
#6182 = CARTESIAN_POINT('',(6.24646693282,8.139682682954));
#6183 = CARTESIAN_POINT('',(6.227688850326,8.080564422664));
#6184 = CARTESIAN_POINT('',(6.208623570542,8.021797665387));
#6185 = CARTESIAN_POINT('',(6.189254093212,7.963410620216));
#6186 = CARTESIAN_POINT('',(6.169562361552,7.905435758672));
#6187 = CARTESIAN_POINT('',(6.149529080432,7.847909858626));
#6188 = CARTESIAN_POINT('',(6.129133458067,7.790874229496));
#6189 = CARTESIAN_POINT('',(6.108352937036,7.734375024542));
#6190 = CARTESIAN_POINT('',(6.087162728166,7.678463327294));
#6191 = CARTESIAN_POINT('',(6.065535751759,7.623196427397));
#6192 = CARTESIAN_POINT('',(6.043440673203,7.568635006953));
#6193 = CARTESIAN_POINT('',(6.020850676083,7.514865980212));
#6194 = CARTESIAN_POINT('',(5.997728907514,7.46196874063));
#6195 = CARTESIAN_POINT('',(5.974038326699,7.410042444931));
#6196 = CARTESIAN_POINT('',(5.949740014067,7.359203355874));
#6197 = CARTESIAN_POINT('',(5.924792774964,7.309586574663));
#6198 = CARTESIAN_POINT('',(5.899151995231,7.261346519713));
#6199 = CARTESIAN_POINT('',(5.872769000041,7.214659710165));
#6200 = CARTESIAN_POINT('',(5.845602623683,7.169746751262));
#6201 = CARTESIAN_POINT('',(5.817598845207,7.126840069881));
#6202 = CARTESIAN_POINT('',(5.788715503242,7.086227563557));
#6203 = CARTESIAN_POINT('',(5.758917269051,7.048240381661));
#6204 = CARTESIAN_POINT('',(5.728179167588,7.013253108653));
#6205 = CARTESIAN_POINT('',(5.696481291622,6.981674438702));
#6206 = CARTESIAN_POINT('',(5.663850585209,6.953975567053));
#6207 = CARTESIAN_POINT('',(5.630340278399,6.930640236906));
#6208 = CARTESIAN_POINT('',(5.596049202934,6.912151517235));
#6209 = CARTESIAN_POINT('',(5.561123508233,6.898950277602));
#6210 = CARTESIAN_POINT('',(5.525762716913,6.891391460825));
#6211 = CARTESIAN_POINT('',(5.490201926752,6.88969321109));
#6212 = CARTESIAN_POINT('',(5.454693964428,6.893907138594));
#6213 = CARTESIAN_POINT('',(5.419492544002,6.903907213484));
#6214 = CARTESIAN_POINT('',(5.384812886348,6.919414330531));
#6215 = CARTESIAN_POINT('',(5.350841239616,6.940026568903));
#6216 = CARTESIAN_POINT('',(5.317697271062,6.965282160296));
#6217 = CARTESIAN_POINT('',(5.285462255452,6.994691789538));
#6218 = CARTESIAN_POINT('',(5.254172443924,7.027778619655));
#6219 = CARTESIAN_POINT('',(5.223832183175,7.064100317387));
#6220 = CARTESIAN_POINT('',(5.19442577635,7.103253879992));
#6221 = CARTESIAN_POINT('',(5.16592224897,7.144883535527));
#6222 = CARTESIAN_POINT('',(5.138282974193,7.188676038473));
#6223 = CARTESIAN_POINT('',(5.111456250796,7.234374003495));
#6224 = CARTESIAN_POINT('',(5.085396450596,7.281745907108));
#6225 = CARTESIAN_POINT('',(5.060057907538,7.33059216958));
#6226 = CARTESIAN_POINT('',(5.035395775859,7.380741750479));
#6227 = CARTESIAN_POINT('',(5.011363694127,7.432054961452));
#6228 = CARTESIAN_POINT('',(4.987918338902,7.484412712857));
#6229 = CARTESIAN_POINT('',(4.96502714695,7.537694362348));
#6230 = CARTESIAN_POINT('',(4.94265171549,7.591812419947));
#6231 = CARTESIAN_POINT('',(4.920759767464,7.646683915051));
#6232 = CARTESIAN_POINT('',(4.89932116781,7.702236826141));
#6233 = CARTESIAN_POINT('',(4.8783082273,7.75840756076));
#6234 = CARTESIAN_POINT('',(4.85769498005,7.815141065255));
#6235 = CARTESIAN_POINT('',(4.837456930328,7.872390099432));
#6236 = CARTESIAN_POINT('',(4.817570545512,7.93011595602));
#6237 = CARTESIAN_POINT('',(4.798021097252,7.988263342245));
#6238 = CARTESIAN_POINT('',(4.778786648267,8.046806357027));
#6239 = CARTESIAN_POINT('',(4.759848891603,8.105716576404));
#6240 = CARTESIAN_POINT('',(4.741190793598,8.164968768663));
#6241 = CARTESIAN_POINT('',(4.722796923799,8.224539162361));
#6242 = CARTESIAN_POINT('',(4.704653108661,8.284405738641));
#6243 = CARTESIAN_POINT('',(4.686746304184,8.344548006329));
#6244 = CARTESIAN_POINT('',(4.669064442143,8.404946937453));
#6245 = CARTESIAN_POINT('',(4.651596310799,8.465584878505));
#6246 = CARTESIAN_POINT('',(4.634331449436,8.526445484138));
#6247 = CARTESIAN_POINT('',(4.617260058501,8.587513658253));
#6248 = CARTESIAN_POINT('',(4.600372921622,8.648775504271));
#6249 = CARTESIAN_POINT('',(4.583661337748,8.710218282131));
#6250 = CARTESIAN_POINT('',(4.56711706157,8.771830371016));
#6251 = CARTESIAN_POINT('',(4.550732250864,8.833601236597));
#6252 = CARTESIAN_POINT('',(4.534499419524,8.895521402266));
#6253 = CARTESIAN_POINT('',(4.518411395699,8.957582422675));
#6254 = CARTESIAN_POINT('',(4.502461283401,9.019776863138));
#6255 = CARTESIAN_POINT('',(4.486642430663,9.082098269976));
#6256 = CARTESIAN_POINT('',(4.470948390692,9.144541186924));
#6257 = CARTESIAN_POINT('',(4.455372925146,9.207101012292));
#6258 = CARTESIAN_POINT('',(4.439909865201,9.269774464668));
#6259 = CARTESIAN_POINT('',(4.424553517681,9.33255779424));
#6260 = CARTESIAN_POINT('',(4.409297050691,9.395453427915));
#6261 = CARTESIAN_POINT('',(4.394138792214,9.458443670199));
#6262 = CARTESIAN_POINT('',(4.379075421423,9.521518441716));
#6263 = CARTESIAN_POINT('',(4.364102129561,9.584674919151));
#6264 = CARTESIAN_POINT('',(4.349214760299,9.647908533509));
#6265 = CARTESIAN_POINT('',(4.334409216544,9.711215376944));
#6266 = CARTESIAN_POINT('',(4.319681600919,9.774591552943));
#6267 = CARTESIAN_POINT('',(4.305028160857,9.838033345815));
#6268 = CARTESIAN_POINT('',(4.290445287192,9.901537170926));
#6269 = CARTESIAN_POINT('',(4.275929499523,9.965099583948));
#6270 = CARTESIAN_POINT('',(4.261477436174,10.028717274586));
#6271 = CARTESIAN_POINT('',(4.24708584391,10.09238706473));
#6272 = CARTESIAN_POINT('',(4.232751568665,10.156105905704));
#6273 = CARTESIAN_POINT('',(4.218471546862,10.219870876025));
#6274 = CARTESIAN_POINT('',(4.20424279739,10.283679179311));
#6275 = CARTESIAN_POINT('',(4.19006241414,10.347528142419));
#6276 = CARTESIAN_POINT('',(4.175927559064,10.411415213795));
#6277 = CARTESIAN_POINT('',(4.161835455691,10.475337962069));
#6278 = CARTESIAN_POINT('',(4.147783383069,10.539294074755));
#6279 = CARTESIAN_POINT('',(4.133768669959,10.60328135759));
#6280 = CARTESIAN_POINT('',(4.119788689644,10.667297732543));
#6281 = CARTESIAN_POINT('',(4.105840853762,10.731341241777));
#6282 = CARTESIAN_POINT('',(4.091922610752,10.795410030453));
#6283 = CARTESIAN_POINT('',(4.078031427825,10.859502409528));
#6284 = CARTESIAN_POINT('',(4.064165183467,10.923614995302));
#6285 = CARTESIAN_POINT('',(4.05032144557,10.987746045865));
#6286 = CARTESIAN_POINT('',(4.036497877962,11.051893554719));
#6287 = CARTESIAN_POINT('',(4.022692157968,11.116055613822));
#6288 = CARTESIAN_POINT('',(4.008901993315,11.180230316088));
#6289 = CARTESIAN_POINT('',(3.99512511259,11.244415780759));
#6290 = CARTESIAN_POINT('',(3.981359262449,11.308610147824));
#6291 = CARTESIAN_POINT('',(3.967602204654,11.372811573394));
#6292 = CARTESIAN_POINT('',(3.953851707402,11.437018252195));
#6293 = CARTESIAN_POINT('',(3.940105560143,11.501228330636));
#6294 = CARTESIAN_POINT('',(3.92636150062,11.565440230463));
#6295 = CARTESIAN_POINT('',(3.912617475075,11.629651416053));
#6296 = CARTESIAN_POINT('',(3.898871307339,11.693859922956));
#6297 = CARTESIAN_POINT('',(3.885120713361,11.758064274357));
#6298 = CARTESIAN_POINT('',(3.87136344267,11.822262801646));
#6299 = CARTESIAN_POINT('',(3.857597235575,11.88645382644));
#6300 = CARTESIAN_POINT('',(3.843819829785,11.950635611696));
#6301 = CARTESIAN_POINT('',(3.830028953805,12.014806374627));
#6302 = CARTESIAN_POINT('',(3.816222323853,12.078964282971));
#6303 = CARTESIAN_POINT('',(3.802397639773,12.143107455645));
#6304 = CARTESIAN_POINT('',(3.788552581137,12.207233962149));
#6305 = CARTESIAN_POINT('',(3.774684803164,12.271341822221));
#6306 = CARTESIAN_POINT('',(3.760791932533,12.335429005353));
#6307 = CARTESIAN_POINT('',(3.746871563028,12.399493430258));
#6308 = CARTESIAN_POINT('',(3.732921251011,12.463532964281));
#6309 = CARTESIAN_POINT('',(3.718938510673,12.527545422743));
#6310 = CARTESIAN_POINT('',(3.704920809063,12.591528568209));
#6311 = CARTESIAN_POINT('',(3.690865560838,12.655480109781));
#6312 = CARTESIAN_POINT('',(3.676770122809,12.719397701973));
#6313 = CARTESIAN_POINT('',(3.662631787872,12.783278944877));
#6314 = CARTESIAN_POINT('',(3.648447779766,12.847121379224));
#6315 = CARTESIAN_POINT('',(3.6342152432,12.910922500176));
#6316 = CARTESIAN_POINT('',(3.619931249561,12.974679700958));
#6317 = CARTESIAN_POINT('',(3.605592742718,13.038390478002));
#6318 = CARTESIAN_POINT('',(3.591196706552,13.102051659856));
#6319 = CARTESIAN_POINT('',(3.576739503042,13.165662279135));
#6320 = CARTESIAN_POINT('',(3.562219448011,13.229212213787));
#6321 = CARTESIAN_POINT('',(3.547633318097,13.292697599325));
#6322 = CARTESIAN_POINT('',(3.532977131809,13.356117203184));
#6323 = CARTESIAN_POINT('',(3.518247015833,13.419468583258));
#6324 = CARTESIAN_POINT('',(3.503438960066,13.482749114276));
#6325 = CARTESIAN_POINT('',(3.488548869297,13.545955708418));
#6326 = CARTESIAN_POINT('',(3.473572534166,13.609084884562));
#6327 = CARTESIAN_POINT('',(3.4585056224,13.672132743025));
#6328 = CARTESIAN_POINT('',(3.443343663135,13.735094964604));
#6329 = CARTESIAN_POINT('',(3.42808203148,13.797966802144));
#6330 = CARTESIAN_POINT('',(3.412715931237,13.860743073124));
#6331 = CARTESIAN_POINT('',(3.397240376137,13.92341815094));
#6332 = CARTESIAN_POINT('',(3.381650169246,13.98598595539));
#6333 = CARTESIAN_POINT('',(3.365939880316,14.048439942085));
#6334 = CARTESIAN_POINT('',(3.350103820784,14.110773090645));
#6335 = CARTESIAN_POINT('',(3.334136016021,14.172977891474));
#6336 = CARTESIAN_POINT('',(3.318030174422,14.235046330846));
#6337 = CARTESIAN_POINT('',(3.301779652758,14.296969874121));
#6338 = CARTESIAN_POINT('',(3.285377417323,14.358739446364));
#6339 = CARTESIAN_POINT('',(3.26881599971,14.420345411535));
#6340 = CARTESIAN_POINT('',(3.252087448136,14.481777544124));
#6341 = CARTESIAN_POINT('',(3.235183267034,14.543025014175));
#6342 = CARTESIAN_POINT('',(3.218094367696,14.604076305428));
#6343 = CARTESIAN_POINT('',(3.200810940132,14.664919363858));
#6344 = CARTESIAN_POINT('',(3.183322576001,14.725540864654));
#6345 = CARTESIAN_POINT('',(3.165617405673,14.78592874491));
#6346 = CARTESIAN_POINT('',(3.14768507969,14.846061776985));
#6347 = CARTESIAN_POINT('',(3.129513296834,14.905920903742));
#6348 = CARTESIAN_POINT('',(3.111089928624,14.965482404539));
#6349 = CARTESIAN_POINT('',(3.092396096014,15.02473729197));
#6350 = CARTESIAN_POINT('',(3.073434182675,15.083608667289));
#6351 = CARTESIAN_POINT('',(3.054121783175,15.14226222319));
#6352 = CARTESIAN_POINT('',(3.034866013361,15.199408463593));
#6353 = CARTESIAN_POINT('',(3.015673539854,15.255025909775));
#6354 = CARTESIAN_POINT('',(2.996477277277,15.309300562435));
#6355 = CARTESIAN_POINT('',(2.976872887078,15.363310037143));
#6356 = CARTESIAN_POINT('',(2.963577872617,15.398934864981));
#6357 = CARTESIAN_POINT('',(2.956863088794,15.416666667602));
#6358 = ( GEOMETRIC_REPRESENTATION_CONTEXT(2) 
PARAMETRIC_REPRESENTATION_CONTEXT() REPRESENTATION_CONTEXT('2D SPACE',''
  ) );
#6359 = ORIENTED_EDGE('',*,*,#6360,.F.);
#6360 = EDGE_CURVE('',#5677,#5898,#6361,.T.);
#6361 = SURFACE_CURVE('',#6362,(#6365,#6371),.PCURVE_S1.);
#6362 = B_SPLINE_CURVE_WITH_KNOTS('',1,(#6363,#6364),.UNSPECIFIED.,.F.,
  .F.,(2,2),(0.,1.),.PIECEWISE_BEZIER_KNOTS.);
#6363 = CARTESIAN_POINT('',(20.333333333333,13.5,89.791666666667));
#6364 = CARTESIAN_POINT('',(17.,10.166666666667,89.791666666667));
#6365 = PCURVE('',#4693,#6366);
#6366 = DEFINITIONAL_REPRESENTATION('',(#6367),#6370);
#6367 = B_SPLINE_CURVE_WITH_KNOTS('',1,(#6368,#6369),.UNSPECIFIED.,.F.,
  .F.,(2,2),(0.,1.),.PIECEWISE_BEZIER_KNOTS.);
#6368 = CARTESIAN_POINT('',(24.209875166047,0.410714285714));
#6369 = CARTESIAN_POINT('',(24.209875166047,0.589285714286));
#6370 = ( GEOMETRIC_REPRESENTATION_CONTEXT(2) 
PARAMETRIC_REPRESENTATION_CONTEXT() REPRESENTATION_CONTEXT('2D SPACE',''
  ) );
#6371 = PCURVE('',#6372,#6377);
#6372 = PLANE('',#6373);
#6373 = AXIS2_PLACEMENT_3D('',#6374,#6375,#6376);
#6374 = CARTESIAN_POINT('',(21.,9.5,89.791666666667));
#6375 = DIRECTION('',(-0.,-0.,-1.));
#6376 = DIRECTION('',(-1.,-0.,-0.));
#6377 = DEFINITIONAL_REPRESENTATION('',(#6378),#6381);
#6378 = B_SPLINE_CURVE_WITH_KNOTS('',1,(#6379,#6380),.UNSPECIFIED.,.F.,
  .F.,(2,2),(0.,1.),.PIECEWISE_BEZIER_KNOTS.);
#6379 = CARTESIAN_POINT('',(0.666666666667,4.));
#6380 = CARTESIAN_POINT('',(4.,0.666666666667));
#6381 = ( GEOMETRIC_REPRESENTATION_CONTEXT(2) 
PARAMETRIC_REPRESENTATION_CONTEXT() REPRESENTATION_CONTEXT('2D SPACE',''
  ) );
#6382 = ADVANCED_FACE('',(#6383,#6388),#4724,.F.);
#6383 = FACE_BOUND('',#6384,.F.);
#6384 = EDGE_LOOP('',(#6385,#6386,#6387));
#6385 = ORIENTED_EDGE('',*,*,#4761,.F.);
#6386 = ORIENTED_EDGE('',*,*,#4708,.T.);
#6387 = ORIENTED_EDGE('',*,*,#4786,.F.);
#6388 = FACE_BOUND('',#6389,.F.);
#6389 = EDGE_LOOP('',(#6390,#6391));
#6390 = ORIENTED_EDGE('',*,*,#4984,.T.);
#6391 = ORIENTED_EDGE('',*,*,#5319,.T.);
#6392 = ADVANCED_FACE('',(#6393),#5504,.T.);
#6393 = FACE_BOUND('',#6394,.F.);
#6394 = EDGE_LOOP('',(#6395,#6423,#6449,#6450));
#6395 = ORIENTED_EDGE('',*,*,#6396,.F.);
#6396 = EDGE_CURVE('',#6397,#5544,#6399,.T.);
#6397 = VERTEX_POINT('',#6398);
#6398 = CARTESIAN_POINT('',(18.454415587728,9.5,90.191666666667));
#6399 = SURFACE_CURVE('',#6400,(#6404,#6411),.PCURVE_S1.);
#6400 = LINE('',#6401,#6402);
#6401 = CARTESIAN_POINT('',(18.454415587728,9.5,90.191666666667));
#6402 = VECTOR('',#6403,1.);
#6403 = DIRECTION('',(0.707106781187,0.707106781187,0.));
#6404 = PCURVE('',#5504,#6405);
#6405 = DEFINITIONAL_REPRESENTATION('',(#6406),#6410);
#6406 = LINE('',#6407,#6408);
#6407 = CARTESIAN_POINT('',(2.545584412272,8.881784197001E-15));
#6408 = VECTOR('',#6409,1.);
#6409 = DIRECTION('',(-0.707106781187,0.707106781187));
#6410 = ( GEOMETRIC_REPRESENTATION_CONTEXT(2) 
PARAMETRIC_REPRESENTATION_CONTEXT() REPRESENTATION_CONTEXT('2D SPACE',''
  ) );
#6411 = PCURVE('',#6412,#6417);
#6412 = PLANE('',#6413);
#6413 = AXIS2_PLACEMENT_3D('',#6414,#6415,#6416);
#6414 = CARTESIAN_POINT('',(19.727207793864,10.772792206136,
    89.944687330502));
#6415 = DIRECTION('',(0.707106781187,-0.707106781187,-1.189784530201E-14
    ));
#6416 = DIRECTION('',(0.707106781187,0.707106781187,7.88860905221E-31));
#6417 = DEFINITIONAL_REPRESENTATION('',(#6418),#6422);
#6418 = LINE('',#6419,#6420);
#6419 = CARTESIAN_POINT('',(-1.8,0.246979336165));
#6420 = VECTOR('',#6421,1.);
#6421 = DIRECTION('',(1.,7.797159263296E-30));
#6422 = ( GEOMETRIC_REPRESENTATION_CONTEXT(2) 
PARAMETRIC_REPRESENTATION_CONTEXT() REPRESENTATION_CONTEXT('2D SPACE',''
  ) );
#6423 = ORIENTED_EDGE('',*,*,#6424,.T.);
#6424 = EDGE_CURVE('',#6397,#5488,#6425,.T.);
#6425 = SURFACE_CURVE('',#6426,(#6430,#6437),.PCURVE_S1.);
#6426 = LINE('',#6427,#6428);
#6427 = CARTESIAN_POINT('',(18.454415587728,9.5,90.191666666667));
#6428 = VECTOR('',#6429,1.);
#6429 = DIRECTION('',(0.707106781187,-0.707106781187,0.));
#6430 = PCURVE('',#5504,#6431);
#6431 = DEFINITIONAL_REPRESENTATION('',(#6432),#6436);
#6432 = LINE('',#6433,#6434);
#6433 = CARTESIAN_POINT('',(2.545584412272,8.881784197001E-15));
#6434 = VECTOR('',#6435,1.);
#6435 = DIRECTION('',(-0.707106781187,-0.707106781187));
#6436 = ( GEOMETRIC_REPRESENTATION_CONTEXT(2) 
PARAMETRIC_REPRESENTATION_CONTEXT() REPRESENTATION_CONTEXT('2D SPACE',''
  ) );
#6437 = PCURVE('',#6438,#6443);
#6438 = PLANE('',#6439);
#6439 = AXIS2_PLACEMENT_3D('',#6440,#6441,#6442);
#6440 = CARTESIAN_POINT('',(19.727207793864,8.227207793864,
    90.091666666667));
#6441 = DIRECTION('',(0.707106781187,0.707106781187,0.));
#6442 = DIRECTION('',(0.707106781187,-0.707106781187,0.));
#6443 = DEFINITIONAL_REPRESENTATION('',(#6444),#6448);
#6444 = LINE('',#6445,#6446);
#6445 = CARTESIAN_POINT('',(-1.8,-9.999999999999E-02));
#6446 = VECTOR('',#6447,1.);
#6447 = DIRECTION('',(1.,0.));
#6448 = ( GEOMETRIC_REPRESENTATION_CONTEXT(2) 
PARAMETRIC_REPRESENTATION_CONTEXT() REPRESENTATION_CONTEXT('2D SPACE',''
  ) );
#6449 = ORIENTED_EDGE('',*,*,#5485,.F.);
#6450 = ORIENTED_EDGE('',*,*,#5543,.F.);
#6451 = ADVANCED_FACE('',(#6452),#5652,.T.);
#6452 = FACE_BOUND('',#6453,.F.);
#6453 = EDGE_LOOP('',(#6454,#6455,#6478));
#6454 = ORIENTED_EDGE('',*,*,#5637,.F.);
#6455 = ORIENTED_EDGE('',*,*,#6456,.T.);
#6456 = EDGE_CURVE('',#5488,#6457,#6459,.T.);
#6457 = VERTEX_POINT('',#6458);
#6458 = CARTESIAN_POINT('',(21.,6.954415587728,90.191666666667));
#6459 = SURFACE_CURVE('',#6460,(#6464,#6471),.PCURVE_S1.);
#6460 = LINE('',#6461,#6462);
#6461 = CARTESIAN_POINT('',(18.454415587728,9.5,90.191666666667));
#6462 = VECTOR('',#6463,1.);
#6463 = DIRECTION('',(0.707106781187,-0.707106781187,0.));
#6464 = PCURVE('',#5652,#6465);
#6465 = DEFINITIONAL_REPRESENTATION('',(#6466),#6470);
#6466 = LINE('',#6467,#6468);
#6467 = CARTESIAN_POINT('',(2.545584412272,8.881784197001E-15));
#6468 = VECTOR('',#6469,1.);
#6469 = DIRECTION('',(-0.707106781187,-0.707106781187));
#6470 = ( GEOMETRIC_REPRESENTATION_CONTEXT(2) 
PARAMETRIC_REPRESENTATION_CONTEXT() REPRESENTATION_CONTEXT('2D SPACE',''
  ) );
#6471 = PCURVE('',#6438,#6472);
#6472 = DEFINITIONAL_REPRESENTATION('',(#6473),#6477);
#6473 = LINE('',#6474,#6475);
#6474 = CARTESIAN_POINT('',(-1.8,-9.999999999999E-02));
#6475 = VECTOR('',#6476,1.);
#6476 = DIRECTION('',(1.,0.));
#6477 = ( GEOMETRIC_REPRESENTATION_CONTEXT(2) 
PARAMETRIC_REPRESENTATION_CONTEXT() REPRESENTATION_CONTEXT('2D SPACE',''
  ) );
#6478 = ORIENTED_EDGE('',*,*,#6479,.F.);
#6479 = EDGE_CURVE('',#5605,#6457,#6480,.T.);
#6480 = SURFACE_CURVE('',#6481,(#6485,#6492),.PCURVE_S1.);
#6481 = LINE('',#6482,#6483);
#6482 = CARTESIAN_POINT('',(23.545584412272,9.5,90.191666666667));
#6483 = VECTOR('',#6484,1.);
#6484 = DIRECTION('',(-0.707106781187,-0.707106781187,-0.));
#6485 = PCURVE('',#5652,#6486);
#6486 = DEFINITIONAL_REPRESENTATION('',(#6487),#6491);
#6487 = LINE('',#6488,#6489);
#6488 = CARTESIAN_POINT('',(-2.545584412272,-1.42108547152E-14));
#6489 = VECTOR('',#6490,1.);
#6490 = DIRECTION('',(0.707106781187,-0.707106781187));
#6491 = ( GEOMETRIC_REPRESENTATION_CONTEXT(2) 
PARAMETRIC_REPRESENTATION_CONTEXT() REPRESENTATION_CONTEXT('2D SPACE',''
  ) );
#6492 = PCURVE('',#6493,#6498);
#6493 = PLANE('',#6494);
#6494 = AXIS2_PLACEMENT_3D('',#6495,#6496,#6497);
#6495 = CARTESIAN_POINT('',(22.272792206136,8.227207793864,
    89.944687330502));
#6496 = DIRECTION('',(-0.707106781187,0.707106781187,-9.242076249199E-15
    ));
#6497 = DIRECTION('',(0.707106781187,0.707106781187,0.));
#6498 = DEFINITIONAL_REPRESENTATION('',(#6499),#6503);
#6499 = LINE('',#6500,#6501);
#6500 = CARTESIAN_POINT('',(1.8,-0.246979336165));
#6501 = VECTOR('',#6502,1.);
#6502 = DIRECTION('',(-1.,-2.667799120273E-29));
#6503 = ( GEOMETRIC_REPRESENTATION_CONTEXT(2) 
PARAMETRIC_REPRESENTATION_CONTEXT() REPRESENTATION_CONTEXT('2D SPACE',''
  ) );
#6504 = ADVANCED_FACE('',(#6505),#5621,.T.);
#6505 = FACE_BOUND('',#6506,.F.);
#6506 = EDGE_LOOP('',(#6507,#6535,#6536));
#6507 = ORIENTED_EDGE('',*,*,#6508,.F.);
#6508 = EDGE_CURVE('',#5572,#6509,#6511,.T.);
#6509 = VERTEX_POINT('',#6510);
#6510 = CARTESIAN_POINT('',(23.545584412272,9.5,90.191666666667));
#6511 = SURFACE_CURVE('',#6512,(#6516,#6523),.PCURVE_S1.);
#6512 = LINE('',#6513,#6514);
#6513 = CARTESIAN_POINT('',(21.,12.045584412272,90.191666666667));
#6514 = VECTOR('',#6515,1.);
#6515 = DIRECTION('',(0.707106781187,-0.707106781187,0.));
#6516 = PCURVE('',#5621,#6517);
#6517 = DEFINITIONAL_REPRESENTATION('',(#6518),#6522);
#6518 = LINE('',#6519,#6520);
#6519 = CARTESIAN_POINT('',(1.06581410364E-14,2.545584412272));
#6520 = VECTOR('',#6521,1.);
#6521 = DIRECTION('',(-0.707106781187,-0.707106781187));
#6522 = ( GEOMETRIC_REPRESENTATION_CONTEXT(2) 
PARAMETRIC_REPRESENTATION_CONTEXT() REPRESENTATION_CONTEXT('2D SPACE',''
  ) );
#6523 = PCURVE('',#6524,#6529);
#6524 = PLANE('',#6525);
#6525 = AXIS2_PLACEMENT_3D('',#6526,#6527,#6528);
#6526 = CARTESIAN_POINT('',(22.272792206136,10.772792206136,
    90.091666666667));
#6527 = DIRECTION('',(-0.707106781187,-0.707106781187,
    -5.113130046369E-16));
#6528 = DIRECTION('',(0.707106781187,-0.707106781187,0.));
#6529 = DEFINITIONAL_REPRESENTATION('',(#6530),#6534);
#6530 = LINE('',#6531,#6532);
#6531 = CARTESIAN_POINT('',(-1.8,9.999999999999E-02));
#6532 = VECTOR('',#6533,1.);
#6533 = DIRECTION('',(1.,1.135342941076E-31));
#6534 = ( GEOMETRIC_REPRESENTATION_CONTEXT(2) 
PARAMETRIC_REPRESENTATION_CONTEXT() REPRESENTATION_CONTEXT('2D SPACE',''
  ) );
#6535 = ORIENTED_EDGE('',*,*,#5604,.F.);
#6536 = ORIENTED_EDGE('',*,*,#6537,.F.);
#6537 = EDGE_CURVE('',#6509,#5605,#6538,.T.);
#6538 = SURFACE_CURVE('',#6539,(#6543,#6550),.PCURVE_S1.);
#6539 = LINE('',#6540,#6541);
#6540 = CARTESIAN_POINT('',(23.545584412272,9.5,90.191666666667));
#6541 = VECTOR('',#6542,1.);
#6542 = DIRECTION('',(-0.707106781187,-0.707106781187,-0.));
#6543 = PCURVE('',#5621,#6544);
#6544 = DEFINITIONAL_REPRESENTATION('',(#6545),#6549);
#6545 = LINE('',#6546,#6547);
#6546 = CARTESIAN_POINT('',(-2.545584412272,-1.42108547152E-14));
#6547 = VECTOR('',#6548,1.);
#6548 = DIRECTION('',(0.707106781187,-0.707106781187));
#6549 = ( GEOMETRIC_REPRESENTATION_CONTEXT(2) 
PARAMETRIC_REPRESENTATION_CONTEXT() REPRESENTATION_CONTEXT('2D SPACE',''
  ) );
#6550 = PCURVE('',#6493,#6551);
#6551 = DEFINITIONAL_REPRESENTATION('',(#6552),#6556);
#6552 = LINE('',#6553,#6554);
#6553 = CARTESIAN_POINT('',(1.8,-0.246979336165));
#6554 = VECTOR('',#6555,1.);
#6555 = DIRECTION('',(-1.,-2.667799120273E-29));
#6556 = ( GEOMETRIC_REPRESENTATION_CONTEXT(2) 
PARAMETRIC_REPRESENTATION_CONTEXT() REPRESENTATION_CONTEXT('2D SPACE',''
  ) );
#6557 = ADVANCED_FACE('',(#6558),#5588,.T.);
#6558 = FACE_BOUND('',#6559,.F.);
#6559 = EDGE_LOOP('',(#6560,#6583,#6584));
#6560 = ORIENTED_EDGE('',*,*,#6561,.F.);
#6561 = EDGE_CURVE('',#5544,#6562,#6564,.T.);
#6562 = VERTEX_POINT('',#6563);
#6563 = CARTESIAN_POINT('',(21.,12.045584412272,90.191666666667));
#6564 = SURFACE_CURVE('',#6565,(#6569,#6576),.PCURVE_S1.);
#6565 = LINE('',#6566,#6567);
#6566 = CARTESIAN_POINT('',(18.454415587728,9.5,90.191666666667));
#6567 = VECTOR('',#6568,1.);
#6568 = DIRECTION('',(0.707106781187,0.707106781187,0.));
#6569 = PCURVE('',#5588,#6570);
#6570 = DEFINITIONAL_REPRESENTATION('',(#6571),#6575);
#6571 = LINE('',#6572,#6573);
#6572 = CARTESIAN_POINT('',(2.545584412272,8.881784197001E-15));
#6573 = VECTOR('',#6574,1.);
#6574 = DIRECTION('',(-0.707106781187,0.707106781187));
#6575 = ( GEOMETRIC_REPRESENTATION_CONTEXT(2) 
PARAMETRIC_REPRESENTATION_CONTEXT() REPRESENTATION_CONTEXT('2D SPACE',''
  ) );
#6576 = PCURVE('',#6412,#6577);
#6577 = DEFINITIONAL_REPRESENTATION('',(#6578),#6582);
#6578 = LINE('',#6579,#6580);
#6579 = CARTESIAN_POINT('',(-1.8,0.246979336165));
#6580 = VECTOR('',#6581,1.);
#6581 = DIRECTION('',(1.,7.797159263296E-30));
#6582 = ( GEOMETRIC_REPRESENTATION_CONTEXT(2) 
PARAMETRIC_REPRESENTATION_CONTEXT() REPRESENTATION_CONTEXT('2D SPACE',''
  ) );
#6583 = ORIENTED_EDGE('',*,*,#5571,.F.);
#6584 = ORIENTED_EDGE('',*,*,#6585,.F.);
#6585 = EDGE_CURVE('',#6562,#5572,#6586,.T.);
#6586 = SURFACE_CURVE('',#6587,(#6591,#6598),.PCURVE_S1.);
#6587 = LINE('',#6588,#6589);
#6588 = CARTESIAN_POINT('',(21.,12.045584412272,90.191666666667));
#6589 = VECTOR('',#6590,1.);
#6590 = DIRECTION('',(0.707106781187,-0.707106781187,0.));
#6591 = PCURVE('',#5588,#6592);
#6592 = DEFINITIONAL_REPRESENTATION('',(#6593),#6597);
#6593 = LINE('',#6594,#6595);
#6594 = CARTESIAN_POINT('',(1.06581410364E-14,2.545584412272));
#6595 = VECTOR('',#6596,1.);
#6596 = DIRECTION('',(-0.707106781187,-0.707106781187));
#6597 = ( GEOMETRIC_REPRESENTATION_CONTEXT(2) 
PARAMETRIC_REPRESENTATION_CONTEXT() REPRESENTATION_CONTEXT('2D SPACE',''
  ) );
#6598 = PCURVE('',#6524,#6599);
#6599 = DEFINITIONAL_REPRESENTATION('',(#6600),#6604);
#6600 = LINE('',#6601,#6602);
#6601 = CARTESIAN_POINT('',(-1.8,9.999999999999E-02));
#6602 = VECTOR('',#6603,1.);
#6603 = DIRECTION('',(1.,1.135342941076E-31));
#6604 = ( GEOMETRIC_REPRESENTATION_CONTEXT(2) 
PARAMETRIC_REPRESENTATION_CONTEXT() REPRESENTATION_CONTEXT('2D SPACE',''
  ) );
#6605 = ADVANCED_FACE('',(#6606),#5764,.F.);
#6606 = FACE_BOUND('',#6607,.F.);
#6607 = EDGE_LOOP('',(#6608,#6633,#6666,#6694,#6717,#6750,#6773,#6799,
    #6800,#6801,#6802,#6830,#6853));
#6608 = ORIENTED_EDGE('',*,*,#6609,.F.);
#6609 = EDGE_CURVE('',#6610,#6612,#6614,.T.);
#6610 = VERTEX_POINT('',#6611);
#6611 = CARTESIAN_POINT('',(24.798658394199,10.753073981927,
    89.791666666667));
#6612 = VERTEX_POINT('',#6613);
#6613 = CARTESIAN_POINT('',(24.798658394199,10.753073981927,
    89.991666666667));
#6614 = SURFACE_CURVE('',#6615,(#6619,#6626),.PCURVE_S1.);
#6615 = LINE('',#6616,#6617);
#6616 = CARTESIAN_POINT('',(24.798658394199,10.753073981927,
    89.791666666667));
#6617 = VECTOR('',#6618,1.);
#6618 = DIRECTION('',(0.,0.,1.));
#6619 = PCURVE('',#5764,#6620);
#6620 = DEFINITIONAL_REPRESENTATION('',(#6621),#6625);
#6621 = LINE('',#6622,#6623);
#6622 = CARTESIAN_POINT('',(6.60181813153,15.416666666667));
#6623 = VECTOR('',#6624,1.);
#6624 = DIRECTION('',(0.,1.));
#6625 = ( GEOMETRIC_REPRESENTATION_CONTEXT(2) 
PARAMETRIC_REPRESENTATION_CONTEXT() REPRESENTATION_CONTEXT('2D SPACE',''
  ) );
#6626 = PCURVE('',#6493,#6627);
#6627 = DEFINITIONAL_REPRESENTATION('',(#6628),#6632);
#6628 = LINE('',#6629,#6630);
#6629 = CARTESIAN_POINT('',(3.572114219898,0.153020663835));
#6630 = VECTOR('',#6631,1.);
#6631 = DIRECTION('',(0.,-1.));
#6632 = ( GEOMETRIC_REPRESENTATION_CONTEXT(2) 
PARAMETRIC_REPRESENTATION_CONTEXT() REPRESENTATION_CONTEXT('2D SPACE',''
  ) );
#6633 = ORIENTED_EDGE('',*,*,#6634,.F.);
#6634 = EDGE_CURVE('',#6635,#6610,#6637,.T.);
#6635 = VERTEX_POINT('',#6636);
#6636 = CARTESIAN_POINT('',(25.,9.5,89.791666666667));
#6637 = SURFACE_CURVE('',#6638,(#6643,#6650),.PCURVE_S1.);
#6638 = CIRCLE('',#6639,4.);
#6639 = AXIS2_PLACEMENT_3D('',#6640,#6641,#6642);
#6640 = CARTESIAN_POINT('',(21.,9.5,89.791666666667));
#6641 = DIRECTION('',(0.,0.,1.));
#6642 = DIRECTION('',(1.,0.,0.));
#6643 = PCURVE('',#5764,#6644);
#6644 = DEFINITIONAL_REPRESENTATION('',(#6645),#6649);
#6645 = LINE('',#6646,#6647);
#6646 = CARTESIAN_POINT('',(6.28318530718,15.416666666667));
#6647 = VECTOR('',#6648,1.);
#6648 = DIRECTION('',(1.,0.));
#6649 = ( GEOMETRIC_REPRESENTATION_CONTEXT(2) 
PARAMETRIC_REPRESENTATION_CONTEXT() REPRESENTATION_CONTEXT('2D SPACE',''
  ) );
#6650 = PCURVE('',#6651,#6656);
#6651 = PLANE('',#6652);
#6652 = AXIS2_PLACEMENT_3D('',#6653,#6654,#6655);
#6653 = CARTESIAN_POINT('',(21.,9.5,89.791666666667));
#6654 = DIRECTION('',(-0.,-0.,-1.));
#6655 = DIRECTION('',(-1.,-0.,-0.));
#6656 = DEFINITIONAL_REPRESENTATION('',(#6657),#6665);
#6657 = ( BOUNDED_CURVE() B_SPLINE_CURVE(2,(#6658,#6659,#6660,#6661,
#6662,#6663,#6664),.UNSPECIFIED.,.T.,.F.) B_SPLINE_CURVE_WITH_KNOTS((1,2
    ,2,2,2,1),(-2.094395102393,0.,2.094395102393,4.188790204786,
6.28318530718,8.377580409573),.UNSPECIFIED.) CURVE() 
GEOMETRIC_REPRESENTATION_ITEM() RATIONAL_B_SPLINE_CURVE((1.,0.5,1.,0.5,
1.,0.5,1.)) REPRESENTATION_ITEM('') );
#6658 = CARTESIAN_POINT('',(-4.,0.));
#6659 = CARTESIAN_POINT('',(-4.,6.928203230276));
#6660 = CARTESIAN_POINT('',(2.,3.464101615138));
#6661 = CARTESIAN_POINT('',(8.,9.797174393179E-16));
#6662 = CARTESIAN_POINT('',(2.,-3.464101615138));
#6663 = CARTESIAN_POINT('',(-4.,-6.928203230276));
#6664 = CARTESIAN_POINT('',(-4.,0.));
#6665 = ( GEOMETRIC_REPRESENTATION_CONTEXT(2) 
PARAMETRIC_REPRESENTATION_CONTEXT() REPRESENTATION_CONTEXT('2D SPACE',''
  ) );
#6666 = ORIENTED_EDGE('',*,*,#6667,.F.);
#6667 = EDGE_CURVE('',#6668,#6635,#6670,.T.);
#6668 = VERTEX_POINT('',#6669);
#6669 = CARTESIAN_POINT('',(19.746926018073,5.701341605801,
    89.791666666667));
#6670 = SURFACE_CURVE('',#6671,(#6676,#6683),.PCURVE_S1.);
#6671 = CIRCLE('',#6672,4.);
#6672 = AXIS2_PLACEMENT_3D('',#6673,#6674,#6675);
#6673 = CARTESIAN_POINT('',(21.,9.5,89.791666666667));
#6674 = DIRECTION('',(0.,0.,1.));
#6675 = DIRECTION('',(1.,0.,0.));
#6676 = PCURVE('',#5764,#6677);
#6677 = DEFINITIONAL_REPRESENTATION('',(#6678),#6682);
#6678 = LINE('',#6679,#6680);
#6679 = CARTESIAN_POINT('',(-8.881784197001E-16,15.416666666667));
#6680 = VECTOR('',#6681,1.);
#6681 = DIRECTION('',(1.,0.));
#6682 = ( GEOMETRIC_REPRESENTATION_CONTEXT(2) 
PARAMETRIC_REPRESENTATION_CONTEXT() REPRESENTATION_CONTEXT('2D SPACE',''
  ) );
#6683 = PCURVE('',#6651,#6684);
#6684 = DEFINITIONAL_REPRESENTATION('',(#6685),#6693);
#6685 = ( BOUNDED_CURVE() B_SPLINE_CURVE(2,(#6686,#6687,#6688,#6689,
#6690,#6691,#6692),.UNSPECIFIED.,.T.,.F.) B_SPLINE_CURVE_WITH_KNOTS((1,2
    ,2,2,2,1),(-2.094395102393,0.,2.094395102393,4.188790204786,
6.28318530718,8.377580409573),.UNSPECIFIED.) CURVE() 
GEOMETRIC_REPRESENTATION_ITEM() RATIONAL_B_SPLINE_CURVE((1.,0.5,1.,0.5,
1.,0.5,1.)) REPRESENTATION_ITEM('') );
#6686 = CARTESIAN_POINT('',(-4.,0.));
#6687 = CARTESIAN_POINT('',(-4.,6.928203230276));
#6688 = CARTESIAN_POINT('',(2.,3.464101615138));
#6689 = CARTESIAN_POINT('',(8.,9.797174393179E-16));
#6690 = CARTESIAN_POINT('',(2.,-3.464101615138));
#6691 = CARTESIAN_POINT('',(-4.,-6.928203230276));
#6692 = CARTESIAN_POINT('',(-4.,0.));
#6693 = ( GEOMETRIC_REPRESENTATION_CONTEXT(2) 
PARAMETRIC_REPRESENTATION_CONTEXT() REPRESENTATION_CONTEXT('2D SPACE',''
  ) );
#6694 = ORIENTED_EDGE('',*,*,#6695,.T.);
#6695 = EDGE_CURVE('',#6668,#6696,#6698,.T.);
#6696 = VERTEX_POINT('',#6697);
#6697 = CARTESIAN_POINT('',(19.746926018073,5.701341605801,
    89.991666666667));
#6698 = SURFACE_CURVE('',#6699,(#6703,#6710),.PCURVE_S1.);
#6699 = LINE('',#6700,#6701);
#6700 = CARTESIAN_POINT('',(19.746926018073,5.701341605801,
    89.791666666667));
#6701 = VECTOR('',#6702,1.);
#6702 = DIRECTION('',(0.,0.,1.));
#6703 = PCURVE('',#5764,#6704);
#6704 = DEFINITIONAL_REPRESENTATION('',(#6705),#6709);
#6705 = LINE('',#6706,#6707);
#6706 = CARTESIAN_POINT('',(4.393756156035,15.416666666667));
#6707 = VECTOR('',#6708,1.);
#6708 = DIRECTION('',(0.,1.));
#6709 = ( GEOMETRIC_REPRESENTATION_CONTEXT(2) 
PARAMETRIC_REPRESENTATION_CONTEXT() REPRESENTATION_CONTEXT('2D SPACE',''
  ) );
#6710 = PCURVE('',#6493,#6711);
#6711 = DEFINITIONAL_REPRESENTATION('',(#6712),#6716);
#6712 = LINE('',#6713,#6714);
#6713 = CARTESIAN_POINT('',(-3.572114219898,0.153020663835));
#6714 = VECTOR('',#6715,1.);
#6715 = DIRECTION('',(0.,-1.));
#6716 = ( GEOMETRIC_REPRESENTATION_CONTEXT(2) 
PARAMETRIC_REPRESENTATION_CONTEXT() REPRESENTATION_CONTEXT('2D SPACE',''
  ) );
#6717 = ORIENTED_EDGE('',*,*,#6718,.F.);
#6718 = EDGE_CURVE('',#6719,#6696,#6721,.T.);
#6719 = VERTEX_POINT('',#6720);
#6720 = CARTESIAN_POINT('',(17.201341605801,8.246926018073,
    89.991666666667));
#6721 = SURFACE_CURVE('',#6722,(#6727,#6734),.PCURVE_S1.);
#6722 = CIRCLE('',#6723,4.);
#6723 = AXIS2_PLACEMENT_3D('',#6724,#6725,#6726);
#6724 = CARTESIAN_POINT('',(21.,9.5,89.991666666667));
#6725 = DIRECTION('',(0.,0.,1.));
#6726 = DIRECTION('',(1.,0.,0.));
#6727 = PCURVE('',#5764,#6728);
#6728 = DEFINITIONAL_REPRESENTATION('',(#6729),#6733);
#6729 = LINE('',#6730,#6731);
#6730 = CARTESIAN_POINT('',(0.,15.616666666667));
#6731 = VECTOR('',#6732,1.);
#6732 = DIRECTION('',(1.,0.));
#6733 = ( GEOMETRIC_REPRESENTATION_CONTEXT(2) 
PARAMETRIC_REPRESENTATION_CONTEXT() REPRESENTATION_CONTEXT('2D SPACE',''
  ) );
#6734 = PCURVE('',#6735,#6740);
#6735 = PLANE('',#6736);
#6736 = AXIS2_PLACEMENT_3D('',#6737,#6738,#6739);
#6737 = CARTESIAN_POINT('',(21.,9.5,89.991666666667));
#6738 = DIRECTION('',(-0.,-0.,-1.));
#6739 = DIRECTION('',(-1.,-0.,-0.));
#6740 = DEFINITIONAL_REPRESENTATION('',(#6741),#6749);
#6741 = ( BOUNDED_CURVE() B_SPLINE_CURVE(2,(#6742,#6743,#6744,#6745,
#6746,#6747,#6748),.UNSPECIFIED.,.T.,.F.) B_SPLINE_CURVE_WITH_KNOTS((1,2
    ,2,2,2,1),(-2.094395102393,0.,2.094395102393,4.188790204786,
6.28318530718,8.377580409573),.UNSPECIFIED.) CURVE() 
GEOMETRIC_REPRESENTATION_ITEM() RATIONAL_B_SPLINE_CURVE((1.,0.5,1.,0.5,
1.,0.5,1.)) REPRESENTATION_ITEM('') );
#6742 = CARTESIAN_POINT('',(-4.,-1.7763568394E-15));
#6743 = CARTESIAN_POINT('',(-4.,6.928203230276));
#6744 = CARTESIAN_POINT('',(2.,3.464101615138));
#6745 = CARTESIAN_POINT('',(8.,-7.966394000824E-16));
#6746 = CARTESIAN_POINT('',(2.,-3.464101615138));
#6747 = CARTESIAN_POINT('',(-4.,-6.928203230276));
#6748 = CARTESIAN_POINT('',(-4.,-1.7763568394E-15));
#6749 = ( GEOMETRIC_REPRESENTATION_CONTEXT(2) 
PARAMETRIC_REPRESENTATION_CONTEXT() REPRESENTATION_CONTEXT('2D SPACE',''
  ) );
#6750 = ORIENTED_EDGE('',*,*,#6751,.F.);
#6751 = EDGE_CURVE('',#6752,#6719,#6754,.T.);
#6752 = VERTEX_POINT('',#6753);
#6753 = CARTESIAN_POINT('',(17.201341605801,8.246926018073,
    89.791666666667));
#6754 = SURFACE_CURVE('',#6755,(#6759,#6766),.PCURVE_S1.);
#6755 = LINE('',#6756,#6757);
#6756 = CARTESIAN_POINT('',(17.201341605801,8.246926018073,
    89.791666666667));
#6757 = VECTOR('',#6758,1.);
#6758 = DIRECTION('',(0.,0.,1.));
#6759 = PCURVE('',#5764,#6760);
#6760 = DEFINITIONAL_REPRESENTATION('',(#6761),#6765);
#6761 = LINE('',#6762,#6763);
#6762 = CARTESIAN_POINT('',(3.46022547794,15.416666666667));
#6763 = VECTOR('',#6764,1.);
#6764 = DIRECTION('',(0.,1.));
#6765 = ( GEOMETRIC_REPRESENTATION_CONTEXT(2) 
PARAMETRIC_REPRESENTATION_CONTEXT() REPRESENTATION_CONTEXT('2D SPACE',''
  ) );
#6766 = PCURVE('',#6412,#6767);
#6767 = DEFINITIONAL_REPRESENTATION('',(#6768),#6772);
#6768 = LINE('',#6769,#6770);
#6769 = CARTESIAN_POINT('',(-3.572114219898,-0.153020663835));
#6770 = VECTOR('',#6771,1.);
#6771 = DIRECTION('',(0.,1.));
#6772 = ( GEOMETRIC_REPRESENTATION_CONTEXT(2) 
PARAMETRIC_REPRESENTATION_CONTEXT() REPRESENTATION_CONTEXT('2D SPACE',''
  ) );
#6773 = ORIENTED_EDGE('',*,*,#6774,.F.);
#6774 = EDGE_CURVE('',#5898,#6752,#6775,.T.);
#6775 = SURFACE_CURVE('',#6776,(#6781,#6788),.PCURVE_S1.);
#6776 = CIRCLE('',#6777,4.);
#6777 = AXIS2_PLACEMENT_3D('',#6778,#6779,#6780);
#6778 = CARTESIAN_POINT('',(21.,9.5,89.791666666667));
#6779 = DIRECTION('',(0.,0.,1.));
#6780 = DIRECTION('',(1.,0.,0.));
#6781 = PCURVE('',#5764,#6782);
#6782 = DEFINITIONAL_REPRESENTATION('',(#6783),#6787);
#6783 = LINE('',#6784,#6785);
#6784 = CARTESIAN_POINT('',(0.,15.416666666667));
#6785 = VECTOR('',#6786,1.);
#6786 = DIRECTION('',(1.,0.));
#6787 = ( GEOMETRIC_REPRESENTATION_CONTEXT(2) 
PARAMETRIC_REPRESENTATION_CONTEXT() REPRESENTATION_CONTEXT('2D SPACE',''
  ) );
#6788 = PCURVE('',#6372,#6789);
#6789 = DEFINITIONAL_REPRESENTATION('',(#6790),#6798);
#6790 = ( BOUNDED_CURVE() B_SPLINE_CURVE(2,(#6791,#6792,#6793,#6794,
#6795,#6796,#6797),.UNSPECIFIED.,.T.,.F.) B_SPLINE_CURVE_WITH_KNOTS((1,2
    ,2,2,2,1),(-2.094395102393,0.,2.094395102393,4.188790204786,
6.28318530718,8.377580409573),.UNSPECIFIED.) CURVE() 
GEOMETRIC_REPRESENTATION_ITEM() RATIONAL_B_SPLINE_CURVE((1.,0.5,1.,0.5,
1.,0.5,1.)) REPRESENTATION_ITEM('') );
#6791 = CARTESIAN_POINT('',(-4.,0.));
#6792 = CARTESIAN_POINT('',(-4.,6.928203230276));
#6793 = CARTESIAN_POINT('',(2.,3.464101615138));
#6794 = CARTESIAN_POINT('',(8.,9.797174393179E-16));
#6795 = CARTESIAN_POINT('',(2.,-3.464101615138));
#6796 = CARTESIAN_POINT('',(-4.,-6.928203230276));
#6797 = CARTESIAN_POINT('',(-4.,0.));
#6798 = ( GEOMETRIC_REPRESENTATION_CONTEXT(2) 
PARAMETRIC_REPRESENTATION_CONTEXT() REPRESENTATION_CONTEXT('2D SPACE',''
  ) );
#6799 = ORIENTED_EDGE('',*,*,#5897,.F.);
#6800 = ORIENTED_EDGE('',*,*,#5842,.F.);
#6801 = ORIENTED_EDGE('',*,*,#5676,.F.);
#6802 = ORIENTED_EDGE('',*,*,#6803,.F.);
#6803 = EDGE_CURVE('',#6804,#5677,#6806,.T.);
#6804 = VERTEX_POINT('',#6805);
#6805 = CARTESIAN_POINT('',(22.253073981927,13.298658394199,
    89.791666666667));
#6806 = SURFACE_CURVE('',#6807,(#6812,#6819),.PCURVE_S1.);
#6807 = CIRCLE('',#6808,4.);
#6808 = AXIS2_PLACEMENT_3D('',#6809,#6810,#6811);
#6809 = CARTESIAN_POINT('',(21.,9.5,89.791666666667));
#6810 = DIRECTION('',(0.,0.,1.));
#6811 = DIRECTION('',(1.,0.,0.));
#6812 = PCURVE('',#5764,#6813);
#6813 = DEFINITIONAL_REPRESENTATION('',(#6814),#6818);
#6814 = LINE('',#6815,#6816);
#6815 = CARTESIAN_POINT('',(6.28318530718,15.416666666667));
#6816 = VECTOR('',#6817,1.);
#6817 = DIRECTION('',(1.,0.));
#6818 = ( GEOMETRIC_REPRESENTATION_CONTEXT(2) 
PARAMETRIC_REPRESENTATION_CONTEXT() REPRESENTATION_CONTEXT('2D SPACE',''
  ) );
#6819 = PCURVE('',#6372,#6820);
#6820 = DEFINITIONAL_REPRESENTATION('',(#6821),#6829);
#6821 = ( BOUNDED_CURVE() B_SPLINE_CURVE(2,(#6822,#6823,#6824,#6825,
#6826,#6827,#6828),.UNSPECIFIED.,.T.,.F.) B_SPLINE_CURVE_WITH_KNOTS((1,2
    ,2,2,2,1),(-2.094395102393,0.,2.094395102393,4.188790204786,
6.28318530718,8.377580409573),.UNSPECIFIED.) CURVE() 
GEOMETRIC_REPRESENTATION_ITEM() RATIONAL_B_SPLINE_CURVE((1.,0.5,1.,0.5,
1.,0.5,1.)) REPRESENTATION_ITEM('') );
#6822 = CARTESIAN_POINT('',(-4.,0.));
#6823 = CARTESIAN_POINT('',(-4.,6.928203230276));
#6824 = CARTESIAN_POINT('',(2.,3.464101615138));
#6825 = CARTESIAN_POINT('',(8.,9.797174393179E-16));
#6826 = CARTESIAN_POINT('',(2.,-3.464101615138));
#6827 = CARTESIAN_POINT('',(-4.,-6.928203230276));
#6828 = CARTESIAN_POINT('',(-4.,0.));
#6829 = ( GEOMETRIC_REPRESENTATION_CONTEXT(2) 
PARAMETRIC_REPRESENTATION_CONTEXT() REPRESENTATION_CONTEXT('2D SPACE',''
  ) );
#6830 = ORIENTED_EDGE('',*,*,#6831,.T.);
#6831 = EDGE_CURVE('',#6804,#6832,#6834,.T.);
#6832 = VERTEX_POINT('',#6833);
#6833 = CARTESIAN_POINT('',(22.253073981927,13.298658394199,
    89.991666666667));
#6834 = SURFACE_CURVE('',#6835,(#6839,#6846),.PCURVE_S1.);
#6835 = LINE('',#6836,#6837);
#6836 = CARTESIAN_POINT('',(22.253073981927,13.298658394199,
    89.791666666667));
#6837 = VECTOR('',#6838,1.);
#6838 = DIRECTION('',(0.,0.,1.));
#6839 = PCURVE('',#5764,#6840);
#6840 = DEFINITIONAL_REPRESENTATION('',(#6841),#6845);
#6841 = LINE('',#6842,#6843);
#6842 = CARTESIAN_POINT('',(7.535348809624,15.416666666667));
#6843 = VECTOR('',#6844,1.);
#6844 = DIRECTION('',(0.,1.));
#6845 = ( GEOMETRIC_REPRESENTATION_CONTEXT(2) 
PARAMETRIC_REPRESENTATION_CONTEXT() REPRESENTATION_CONTEXT('2D SPACE',''
  ) );
#6846 = PCURVE('',#6412,#6847);
#6847 = DEFINITIONAL_REPRESENTATION('',(#6848),#6852);
#6848 = LINE('',#6849,#6850);
#6849 = CARTESIAN_POINT('',(3.572114219898,-0.153020663835));
#6850 = VECTOR('',#6851,1.);
#6851 = DIRECTION('',(0.,1.));
#6852 = ( GEOMETRIC_REPRESENTATION_CONTEXT(2) 
PARAMETRIC_REPRESENTATION_CONTEXT() REPRESENTATION_CONTEXT('2D SPACE',''
  ) );
#6853 = ORIENTED_EDGE('',*,*,#6854,.F.);
#6854 = EDGE_CURVE('',#6612,#6832,#6855,.T.);
#6855 = SURFACE_CURVE('',#6856,(#6861,#6868),.PCURVE_S1.);
#6856 = CIRCLE('',#6857,4.);
#6857 = AXIS2_PLACEMENT_3D('',#6858,#6859,#6860);
#6858 = CARTESIAN_POINT('',(21.,9.5,89.991666666667));
#6859 = DIRECTION('',(0.,0.,1.));
#6860 = DIRECTION('',(1.,0.,0.));
#6861 = PCURVE('',#5764,#6862);
#6862 = DEFINITIONAL_REPRESENTATION('',(#6863),#6867);
#6863 = LINE('',#6864,#6865);
#6864 = CARTESIAN_POINT('',(6.28318530718,15.616666666667));
#6865 = VECTOR('',#6866,1.);
#6866 = DIRECTION('',(1.,0.));
#6867 = ( GEOMETRIC_REPRESENTATION_CONTEXT(2) 
PARAMETRIC_REPRESENTATION_CONTEXT() REPRESENTATION_CONTEXT('2D SPACE',''
  ) );
#6868 = PCURVE('',#6869,#6874);
#6869 = PLANE('',#6870);
#6870 = AXIS2_PLACEMENT_3D('',#6871,#6872,#6873);
#6871 = CARTESIAN_POINT('',(21.,9.5,89.991666666667));
#6872 = DIRECTION('',(-0.,-0.,-1.));
#6873 = DIRECTION('',(-1.,-0.,-0.));
#6874 = DEFINITIONAL_REPRESENTATION('',(#6875),#6883);
#6875 = ( BOUNDED_CURVE() B_SPLINE_CURVE(2,(#6876,#6877,#6878,#6879,
#6880,#6881,#6882),.UNSPECIFIED.,.T.,.F.) B_SPLINE_CURVE_WITH_KNOTS((1,2
    ,2,2,2,1),(-2.094395102393,0.,2.094395102393,4.188790204786,
6.28318530718,8.377580409573),.UNSPECIFIED.) CURVE() 
GEOMETRIC_REPRESENTATION_ITEM() RATIONAL_B_SPLINE_CURVE((1.,0.5,1.,0.5,
1.,0.5,1.)) REPRESENTATION_ITEM('') );
#6876 = CARTESIAN_POINT('',(-4.,-1.7763568394E-15));
#6877 = CARTESIAN_POINT('',(-4.,6.928203230276));
#6878 = CARTESIAN_POINT('',(2.,3.464101615138));
#6879 = CARTESIAN_POINT('',(8.,-7.966394000824E-16));
#6880 = CARTESIAN_POINT('',(2.,-3.464101615138));
#6881 = CARTESIAN_POINT('',(-4.,-6.928203230276));
#6882 = CARTESIAN_POINT('',(-4.,-1.7763568394E-15));
#6883 = ( GEOMETRIC_REPRESENTATION_CONTEXT(2) 
PARAMETRIC_REPRESENTATION_CONTEXT() REPRESENTATION_CONTEXT('2D SPACE',''
  ) );
#6884 = ADVANCED_FACE('',(#6885),#6372,.T.);
#6885 = FACE_BOUND('',#6886,.F.);
#6886 = EDGE_LOOP('',(#6887,#6888,#6889,#6910));
#6887 = ORIENTED_EDGE('',*,*,#6360,.T.);
#6888 = ORIENTED_EDGE('',*,*,#6774,.T.);
#6889 = ORIENTED_EDGE('',*,*,#6890,.T.);
#6890 = EDGE_CURVE('',#6752,#6804,#6891,.T.);
#6891 = SURFACE_CURVE('',#6892,(#6896,#6903),.PCURVE_S1.);
#6892 = LINE('',#6893,#6894);
#6893 = CARTESIAN_POINT('',(17.201341605801,8.246926018073,
    89.791666666667));
#6894 = VECTOR('',#6895,1.);
#6895 = DIRECTION('',(0.707106781187,0.707106781187,0.));
#6896 = PCURVE('',#6372,#6897);
#6897 = DEFINITIONAL_REPRESENTATION('',(#6898),#6902);
#6898 = LINE('',#6899,#6900);
#6899 = CARTESIAN_POINT('',(3.798658394199,-1.253073981927));
#6900 = VECTOR('',#6901,1.);
#6901 = DIRECTION('',(-0.707106781187,0.707106781187));
#6902 = ( GEOMETRIC_REPRESENTATION_CONTEXT(2) 
PARAMETRIC_REPRESENTATION_CONTEXT() REPRESENTATION_CONTEXT('2D SPACE',''
  ) );
#6903 = PCURVE('',#6412,#6904);
#6904 = DEFINITIONAL_REPRESENTATION('',(#6905),#6909);
#6905 = LINE('',#6906,#6907);
#6906 = CARTESIAN_POINT('',(-3.572114219898,-0.153020663835));
#6907 = VECTOR('',#6908,1.);
#6908 = DIRECTION('',(1.,-3.430713264765E-30));
#6909 = ( GEOMETRIC_REPRESENTATION_CONTEXT(2) 
PARAMETRIC_REPRESENTATION_CONTEXT() REPRESENTATION_CONTEXT('2D SPACE',''
  ) );
#6910 = ORIENTED_EDGE('',*,*,#6803,.T.);
#6911 = ADVANCED_FACE('',(#6912),#6412,.T.);
#6912 = FACE_BOUND('',#6913,.T.);
#6913 = EDGE_LOOP('',(#6914,#6915,#6916,#6939,#6960,#6961,#6962,#6985,
    #7006));
#6914 = ORIENTED_EDGE('',*,*,#6890,.T.);
#6915 = ORIENTED_EDGE('',*,*,#6831,.T.);
#6916 = ORIENTED_EDGE('',*,*,#6917,.F.);
#6917 = EDGE_CURVE('',#6918,#6832,#6920,.T.);
#6918 = VERTEX_POINT('',#6919);
#6919 = CARTESIAN_POINT('',(21.,12.045584412272,89.991666666667));
#6920 = SURFACE_CURVE('',#6921,(#6925,#6932),.PCURVE_S1.);
#6921 = LINE('',#6922,#6923);
#6922 = CARTESIAN_POINT('',(17.201341605801,8.246926018073,
    89.991666666667));
#6923 = VECTOR('',#6924,1.);
#6924 = DIRECTION('',(0.707106781187,0.707106781187,0.));
#6925 = PCURVE('',#6412,#6926);
#6926 = DEFINITIONAL_REPRESENTATION('',(#6927),#6931);
#6927 = LINE('',#6928,#6929);
#6928 = CARTESIAN_POINT('',(-3.572114219898,4.697933616511E-02));
#6929 = VECTOR('',#6930,1.);
#6930 = DIRECTION('',(1.,-3.430713264765E-30));
#6931 = ( GEOMETRIC_REPRESENTATION_CONTEXT(2) 
PARAMETRIC_REPRESENTATION_CONTEXT() REPRESENTATION_CONTEXT('2D SPACE',''
  ) );
#6932 = PCURVE('',#6869,#6933);
#6933 = DEFINITIONAL_REPRESENTATION('',(#6934),#6938);
#6934 = LINE('',#6935,#6936);
#6935 = CARTESIAN_POINT('',(3.798658394199,-1.253073981927));
#6936 = VECTOR('',#6937,1.);
#6937 = DIRECTION('',(-0.707106781187,0.707106781187));
#6938 = ( GEOMETRIC_REPRESENTATION_CONTEXT(2) 
PARAMETRIC_REPRESENTATION_CONTEXT() REPRESENTATION_CONTEXT('2D SPACE',''
  ) );
#6939 = ORIENTED_EDGE('',*,*,#6940,.T.);
#6940 = EDGE_CURVE('',#6918,#6562,#6941,.T.);
#6941 = SURFACE_CURVE('',#6942,(#6946,#6953),.PCURVE_S1.);
#6942 = LINE('',#6943,#6944);
#6943 = CARTESIAN_POINT('',(21.,12.045584412272,89.991666666667));
#6944 = VECTOR('',#6945,1.);
#6945 = DIRECTION('',(0.,0.,1.));
#6946 = PCURVE('',#6412,#6947);
#6947 = DEFINITIONAL_REPRESENTATION('',(#6948),#6952);
#6948 = LINE('',#6949,#6950);
#6949 = CARTESIAN_POINT('',(1.8,4.697933616511E-02));
#6950 = VECTOR('',#6951,1.);
#6951 = DIRECTION('',(0.,1.));
#6952 = ( GEOMETRIC_REPRESENTATION_CONTEXT(2) 
PARAMETRIC_REPRESENTATION_CONTEXT() REPRESENTATION_CONTEXT('2D SPACE',''
  ) );
#6953 = PCURVE('',#6524,#6954);
#6954 = DEFINITIONAL_REPRESENTATION('',(#6955),#6959);
#6955 = LINE('',#6956,#6957);
#6956 = CARTESIAN_POINT('',(-1.8,-0.1));
#6957 = VECTOR('',#6958,1.);
#6958 = DIRECTION('',(0.,1.));
#6959 = ( GEOMETRIC_REPRESENTATION_CONTEXT(2) 
PARAMETRIC_REPRESENTATION_CONTEXT() REPRESENTATION_CONTEXT('2D SPACE',''
  ) );
#6960 = ORIENTED_EDGE('',*,*,#6561,.F.);
#6961 = ORIENTED_EDGE('',*,*,#6396,.F.);
#6962 = ORIENTED_EDGE('',*,*,#6963,.F.);
#6963 = EDGE_CURVE('',#6964,#6397,#6966,.T.);
#6964 = VERTEX_POINT('',#6965);
#6965 = CARTESIAN_POINT('',(18.454415587728,9.5,89.991666666667));
#6966 = SURFACE_CURVE('',#6967,(#6971,#6978),.PCURVE_S1.);
#6967 = LINE('',#6968,#6969);
#6968 = CARTESIAN_POINT('',(18.454415587728,9.5,89.991666666667));
#6969 = VECTOR('',#6970,1.);
#6970 = DIRECTION('',(0.,0.,1.));
#6971 = PCURVE('',#6412,#6972);
#6972 = DEFINITIONAL_REPRESENTATION('',(#6973),#6977);
#6973 = LINE('',#6974,#6975);
#6974 = CARTESIAN_POINT('',(-1.8,4.697933616511E-02));
#6975 = VECTOR('',#6976,1.);
#6976 = DIRECTION('',(0.,1.));
#6977 = ( GEOMETRIC_REPRESENTATION_CONTEXT(2) 
PARAMETRIC_REPRESENTATION_CONTEXT() REPRESENTATION_CONTEXT('2D SPACE',''
  ) );
#6978 = PCURVE('',#6438,#6979);
#6979 = DEFINITIONAL_REPRESENTATION('',(#6980),#6984);
#6980 = LINE('',#6981,#6982);
#6981 = CARTESIAN_POINT('',(-1.8,0.1));
#6982 = VECTOR('',#6983,1.);
#6983 = DIRECTION('',(0.,-1.));
#6984 = ( GEOMETRIC_REPRESENTATION_CONTEXT(2) 
PARAMETRIC_REPRESENTATION_CONTEXT() REPRESENTATION_CONTEXT('2D SPACE',''
  ) );
#6985 = ORIENTED_EDGE('',*,*,#6986,.F.);
#6986 = EDGE_CURVE('',#6719,#6964,#6987,.T.);
#6987 = SURFACE_CURVE('',#6988,(#6992,#6999),.PCURVE_S1.);
#6988 = LINE('',#6989,#6990);
#6989 = CARTESIAN_POINT('',(17.201341605801,8.246926018073,
    89.991666666667));
#6990 = VECTOR('',#6991,1.);
#6991 = DIRECTION('',(0.707106781187,0.707106781187,0.));
#6992 = PCURVE('',#6412,#6993);
#6993 = DEFINITIONAL_REPRESENTATION('',(#6994),#6998);
#6994 = LINE('',#6995,#6996);
#6995 = CARTESIAN_POINT('',(-3.572114219898,4.697933616511E-02));
#6996 = VECTOR('',#6997,1.);
#6997 = DIRECTION('',(1.,-3.430713264765E-30));
#6998 = ( GEOMETRIC_REPRESENTATION_CONTEXT(2) 
PARAMETRIC_REPRESENTATION_CONTEXT() REPRESENTATION_CONTEXT('2D SPACE',''
  ) );
#6999 = PCURVE('',#6735,#7000);
#7000 = DEFINITIONAL_REPRESENTATION('',(#7001),#7005);
#7001 = LINE('',#7002,#7003);
#7002 = CARTESIAN_POINT('',(3.798658394199,-1.253073981927));
#7003 = VECTOR('',#7004,1.);
#7004 = DIRECTION('',(-0.707106781187,0.707106781187));
#7005 = ( GEOMETRIC_REPRESENTATION_CONTEXT(2) 
PARAMETRIC_REPRESENTATION_CONTEXT() REPRESENTATION_CONTEXT('2D SPACE',''
  ) );
#7006 = ORIENTED_EDGE('',*,*,#6751,.F.);
#7007 = ADVANCED_FACE('',(#7008),#6438,.T.);
#7008 = FACE_BOUND('',#7009,.T.);
#7009 = EDGE_LOOP('',(#7010,#7033,#7034,#7035,#7036));
#7010 = ORIENTED_EDGE('',*,*,#7011,.F.);
#7011 = EDGE_CURVE('',#6964,#7012,#7014,.T.);
#7012 = VERTEX_POINT('',#7013);
#7013 = CARTESIAN_POINT('',(21.,6.954415587728,89.991666666667));
#7014 = SURFACE_CURVE('',#7015,(#7019,#7026),.PCURVE_S1.);
#7015 = LINE('',#7016,#7017);
#7016 = CARTESIAN_POINT('',(18.454415587728,9.5,89.991666666667));
#7017 = VECTOR('',#7018,1.);
#7018 = DIRECTION('',(0.707106781187,-0.707106781187,0.));
#7019 = PCURVE('',#6438,#7020);
#7020 = DEFINITIONAL_REPRESENTATION('',(#7021),#7025);
#7021 = LINE('',#7022,#7023);
#7022 = CARTESIAN_POINT('',(-1.8,0.1));
#7023 = VECTOR('',#7024,1.);
#7024 = DIRECTION('',(1.,0.));
#7025 = ( GEOMETRIC_REPRESENTATION_CONTEXT(2) 
PARAMETRIC_REPRESENTATION_CONTEXT() REPRESENTATION_CONTEXT('2D SPACE',''
  ) );
#7026 = PCURVE('',#6735,#7027);
#7027 = DEFINITIONAL_REPRESENTATION('',(#7028),#7032);
#7028 = LINE('',#7029,#7030);
#7029 = CARTESIAN_POINT('',(2.545584412272,1.06581410364E-14));
#7030 = VECTOR('',#7031,1.);
#7031 = DIRECTION('',(-0.707106781187,-0.707106781187));
#7032 = ( GEOMETRIC_REPRESENTATION_CONTEXT(2) 
PARAMETRIC_REPRESENTATION_CONTEXT() REPRESENTATION_CONTEXT('2D SPACE',''
  ) );
#7033 = ORIENTED_EDGE('',*,*,#6963,.T.);
#7034 = ORIENTED_EDGE('',*,*,#6424,.T.);
#7035 = ORIENTED_EDGE('',*,*,#6456,.T.);
#7036 = ORIENTED_EDGE('',*,*,#7037,.F.);
#7037 = EDGE_CURVE('',#7012,#6457,#7038,.T.);
#7038 = SURFACE_CURVE('',#7039,(#7043,#7050),.PCURVE_S1.);
#7039 = LINE('',#7040,#7041);
#7040 = CARTESIAN_POINT('',(21.,6.954415587728,89.991666666667));
#7041 = VECTOR('',#7042,1.);
#7042 = DIRECTION('',(0.,0.,1.));
#7043 = PCURVE('',#6438,#7044);
#7044 = DEFINITIONAL_REPRESENTATION('',(#7045),#7049);
#7045 = LINE('',#7046,#7047);
#7046 = CARTESIAN_POINT('',(1.8,0.1));
#7047 = VECTOR('',#7048,1.);
#7048 = DIRECTION('',(0.,-1.));
#7049 = ( GEOMETRIC_REPRESENTATION_CONTEXT(2) 
PARAMETRIC_REPRESENTATION_CONTEXT() REPRESENTATION_CONTEXT('2D SPACE',''
  ) );
#7050 = PCURVE('',#6493,#7051);
#7051 = DEFINITIONAL_REPRESENTATION('',(#7052),#7056);
#7052 = LINE('',#7053,#7054);
#7053 = CARTESIAN_POINT('',(-1.8,-4.697933616511E-02));
#7054 = VECTOR('',#7055,1.);
#7055 = DIRECTION('',(0.,-1.));
#7056 = ( GEOMETRIC_REPRESENTATION_CONTEXT(2) 
PARAMETRIC_REPRESENTATION_CONTEXT() REPRESENTATION_CONTEXT('2D SPACE',''
  ) );
#7057 = ADVANCED_FACE('',(#7058),#6493,.T.);
#7058 = FACE_BOUND('',#7059,.T.);
#7059 = EDGE_LOOP('',(#7060,#7061,#7062,#7063,#7086,#7107,#7108,#7129,
    #7130));
#7060 = ORIENTED_EDGE('',*,*,#7037,.T.);
#7061 = ORIENTED_EDGE('',*,*,#6479,.F.);
#7062 = ORIENTED_EDGE('',*,*,#6537,.F.);
#7063 = ORIENTED_EDGE('',*,*,#7064,.F.);
#7064 = EDGE_CURVE('',#7065,#6509,#7067,.T.);
#7065 = VERTEX_POINT('',#7066);
#7066 = CARTESIAN_POINT('',(23.545584412272,9.5,89.991666666667));
#7067 = SURFACE_CURVE('',#7068,(#7072,#7079),.PCURVE_S1.);
#7068 = LINE('',#7069,#7070);
#7069 = CARTESIAN_POINT('',(23.545584412272,9.5,89.991666666667));
#7070 = VECTOR('',#7071,1.);
#7071 = DIRECTION('',(0.,0.,1.));
#7072 = PCURVE('',#6493,#7073);
#7073 = DEFINITIONAL_REPRESENTATION('',(#7074),#7078);
#7074 = LINE('',#7075,#7076);
#7075 = CARTESIAN_POINT('',(1.8,-4.697933616511E-02));
#7076 = VECTOR('',#7077,1.);
#7077 = DIRECTION('',(0.,-1.));
#7078 = ( GEOMETRIC_REPRESENTATION_CONTEXT(2) 
PARAMETRIC_REPRESENTATION_CONTEXT() REPRESENTATION_CONTEXT('2D SPACE',''
  ) );
#7079 = PCURVE('',#6524,#7080);
#7080 = DEFINITIONAL_REPRESENTATION('',(#7081),#7085);
#7081 = LINE('',#7082,#7083);
#7082 = CARTESIAN_POINT('',(1.8,-0.1));
#7083 = VECTOR('',#7084,1.);
#7084 = DIRECTION('',(0.,1.));
#7085 = ( GEOMETRIC_REPRESENTATION_CONTEXT(2) 
PARAMETRIC_REPRESENTATION_CONTEXT() REPRESENTATION_CONTEXT('2D SPACE',''
  ) );
#7086 = ORIENTED_EDGE('',*,*,#7087,.F.);
#7087 = EDGE_CURVE('',#6612,#7065,#7088,.T.);
#7088 = SURFACE_CURVE('',#7089,(#7093,#7100),.PCURVE_S1.);
#7089 = LINE('',#7090,#7091);
#7090 = CARTESIAN_POINT('',(24.798658394199,10.753073981927,
    89.991666666667));
#7091 = VECTOR('',#7092,1.);
#7092 = DIRECTION('',(-0.707106781187,-0.707106781187,-0.));
#7093 = PCURVE('',#6493,#7094);
#7094 = DEFINITIONAL_REPRESENTATION('',(#7095),#7099);
#7095 = LINE('',#7096,#7097);
#7096 = CARTESIAN_POINT('',(3.572114219898,-4.697933616511E-02));
#7097 = VECTOR('',#7098,1.);
#7098 = DIRECTION('',(-1.,2.05215316944E-30));
#7099 = ( GEOMETRIC_REPRESENTATION_CONTEXT(2) 
PARAMETRIC_REPRESENTATION_CONTEXT() REPRESENTATION_CONTEXT('2D SPACE',''
  ) );
#7100 = PCURVE('',#6869,#7101);
#7101 = DEFINITIONAL_REPRESENTATION('',(#7102),#7106);
#7102 = LINE('',#7103,#7104);
#7103 = CARTESIAN_POINT('',(-3.798658394199,1.253073981927));
#7104 = VECTOR('',#7105,1.);
#7105 = DIRECTION('',(0.707106781187,-0.707106781187));
#7106 = ( GEOMETRIC_REPRESENTATION_CONTEXT(2) 
PARAMETRIC_REPRESENTATION_CONTEXT() REPRESENTATION_CONTEXT('2D SPACE',''
  ) );
#7107 = ORIENTED_EDGE('',*,*,#6609,.F.);
#7108 = ORIENTED_EDGE('',*,*,#7109,.T.);
#7109 = EDGE_CURVE('',#6610,#6668,#7110,.T.);
#7110 = SURFACE_CURVE('',#7111,(#7115,#7122),.PCURVE_S1.);
#7111 = LINE('',#7112,#7113);
#7112 = CARTESIAN_POINT('',(24.798658394199,10.753073981927,
    89.791666666667));
#7113 = VECTOR('',#7114,1.);
#7114 = DIRECTION('',(-0.707106781187,-0.707106781187,-0.));
#7115 = PCURVE('',#6493,#7116);
#7116 = DEFINITIONAL_REPRESENTATION('',(#7117),#7121);
#7117 = LINE('',#7118,#7119);
#7118 = CARTESIAN_POINT('',(3.572114219898,0.153020663835));
#7119 = VECTOR('',#7120,1.);
#7120 = DIRECTION('',(-1.,2.05215316944E-30));
#7121 = ( GEOMETRIC_REPRESENTATION_CONTEXT(2) 
PARAMETRIC_REPRESENTATION_CONTEXT() REPRESENTATION_CONTEXT('2D SPACE',''
  ) );
#7122 = PCURVE('',#6651,#7123);
#7123 = DEFINITIONAL_REPRESENTATION('',(#7124),#7128);
#7124 = LINE('',#7125,#7126);
#7125 = CARTESIAN_POINT('',(-3.798658394199,1.253073981927));
#7126 = VECTOR('',#7127,1.);
#7127 = DIRECTION('',(0.707106781187,-0.707106781187));
#7128 = ( GEOMETRIC_REPRESENTATION_CONTEXT(2) 
PARAMETRIC_REPRESENTATION_CONTEXT() REPRESENTATION_CONTEXT('2D SPACE',''
  ) );
#7129 = ORIENTED_EDGE('',*,*,#6695,.T.);
#7130 = ORIENTED_EDGE('',*,*,#7131,.F.);
#7131 = EDGE_CURVE('',#7012,#6696,#7132,.T.);
#7132 = SURFACE_CURVE('',#7133,(#7137,#7144),.PCURVE_S1.);
#7133 = LINE('',#7134,#7135);
#7134 = CARTESIAN_POINT('',(24.798658394199,10.753073981927,
    89.991666666667));
#7135 = VECTOR('',#7136,1.);
#7136 = DIRECTION('',(-0.707106781187,-0.707106781187,-0.));
#7137 = PCURVE('',#6493,#7138);
#7138 = DEFINITIONAL_REPRESENTATION('',(#7139),#7143);
#7139 = LINE('',#7140,#7141);
#7140 = CARTESIAN_POINT('',(3.572114219898,-4.697933616511E-02));
#7141 = VECTOR('',#7142,1.);
#7142 = DIRECTION('',(-1.,2.05215316944E-30));
#7143 = ( GEOMETRIC_REPRESENTATION_CONTEXT(2) 
PARAMETRIC_REPRESENTATION_CONTEXT() REPRESENTATION_CONTEXT('2D SPACE',''
  ) );
#7144 = PCURVE('',#6735,#7145);
#7145 = DEFINITIONAL_REPRESENTATION('',(#7146),#7150);
#7146 = LINE('',#7147,#7148);
#7147 = CARTESIAN_POINT('',(-3.798658394199,1.253073981927));
#7148 = VECTOR('',#7149,1.);
#7149 = DIRECTION('',(0.707106781187,-0.707106781187));
#7150 = ( GEOMETRIC_REPRESENTATION_CONTEXT(2) 
PARAMETRIC_REPRESENTATION_CONTEXT() REPRESENTATION_CONTEXT('2D SPACE',''
  ) );
#7151 = ADVANCED_FACE('',(#7152),#6524,.T.);
#7152 = FACE_BOUND('',#7153,.T.);
#7153 = EDGE_LOOP('',(#7154,#7175,#7176,#7177,#7178));
#7154 = ORIENTED_EDGE('',*,*,#7155,.T.);
#7155 = EDGE_CURVE('',#6918,#7065,#7156,.T.);
#7156 = SURFACE_CURVE('',#7157,(#7161,#7168),.PCURVE_S1.);
#7157 = LINE('',#7158,#7159);
#7158 = CARTESIAN_POINT('',(21.,12.045584412272,89.991666666667));
#7159 = VECTOR('',#7160,1.);
#7160 = DIRECTION('',(0.707106781187,-0.707106781187,0.));
#7161 = PCURVE('',#6524,#7162);
#7162 = DEFINITIONAL_REPRESENTATION('',(#7163),#7167);
#7163 = LINE('',#7164,#7165);
#7164 = CARTESIAN_POINT('',(-1.8,-0.1));
#7165 = VECTOR('',#7166,1.);
#7166 = DIRECTION('',(1.,1.135342941076E-31));
#7167 = ( GEOMETRIC_REPRESENTATION_CONTEXT(2) 
PARAMETRIC_REPRESENTATION_CONTEXT() REPRESENTATION_CONTEXT('2D SPACE',''
  ) );
#7168 = PCURVE('',#6869,#7169);
#7169 = DEFINITIONAL_REPRESENTATION('',(#7170),#7174);
#7170 = LINE('',#7171,#7172);
#7171 = CARTESIAN_POINT('',(1.06581410364E-14,2.545584412272));
#7172 = VECTOR('',#7173,1.);
#7173 = DIRECTION('',(-0.707106781187,-0.707106781187));
#7174 = ( GEOMETRIC_REPRESENTATION_CONTEXT(2) 
PARAMETRIC_REPRESENTATION_CONTEXT() REPRESENTATION_CONTEXT('2D SPACE',''
  ) );
#7175 = ORIENTED_EDGE('',*,*,#7064,.T.);
#7176 = ORIENTED_EDGE('',*,*,#6508,.F.);
#7177 = ORIENTED_EDGE('',*,*,#6585,.F.);
#7178 = ORIENTED_EDGE('',*,*,#6940,.F.);
#7179 = ADVANCED_FACE('',(#7180),#6651,.T.);
#7180 = FACE_BOUND('',#7181,.F.);
#7181 = EDGE_LOOP('',(#7182,#7183,#7184));
#7182 = ORIENTED_EDGE('',*,*,#7109,.T.);
#7183 = ORIENTED_EDGE('',*,*,#6667,.T.);
#7184 = ORIENTED_EDGE('',*,*,#6634,.T.);
#7185 = ADVANCED_FACE('',(#7186),#6735,.T.);
#7186 = FACE_BOUND('',#7187,.F.);
#7187 = EDGE_LOOP('',(#7188,#7189,#7190,#7191));
#7188 = ORIENTED_EDGE('',*,*,#6986,.F.);
#7189 = ORIENTED_EDGE('',*,*,#6718,.T.);
#7190 = ORIENTED_EDGE('',*,*,#7131,.F.);
#7191 = ORIENTED_EDGE('',*,*,#7011,.F.);
#7192 = ADVANCED_FACE('',(#7193),#6869,.T.);
#7193 = FACE_BOUND('',#7194,.F.);
#7194 = EDGE_LOOP('',(#7195,#7196,#7197,#7198));
#7195 = ORIENTED_EDGE('',*,*,#6917,.F.);
#7196 = ORIENTED_EDGE('',*,*,#7155,.T.);
#7197 = ORIENTED_EDGE('',*,*,#7087,.F.);
#7198 = ORIENTED_EDGE('',*,*,#6854,.T.);
#7199 = ( GEOMETRIC_REPRESENTATION_CONTEXT(3) 
GLOBAL_UNCERTAINTY_ASSIGNED_CONTEXT((#7203)) 
GLOBAL_UNIT_ASSIGNED_CONTEXT((#7200,#7201,#7202)) REPRESENTATION_CONTEXT
('Context #1','3D Context with UNIT and UNCERTAINTY') );
#7200 = ( LENGTH_UNIT() NAMED_UNIT(*) SI_UNIT(.MILLI.,.METRE.) );
#7201 = ( NAMED_UNIT(*) PLANE_ANGLE_UNIT() SI_UNIT($,.RADIAN.) );
#7202 = ( NAMED_UNIT(*) SI_UNIT($,.STERADIAN.) SOLID_ANGLE_UNIT() );
#7203 = UNCERTAINTY_MEASURE_WITH_UNIT(LENGTH_MEASURE(2.E-05),#7200,
  'distance_accuracy_value','confusion accuracy');
#7204 = PRODUCT_RELATED_PRODUCT_CATEGORY('part',$,(#7));
#7205 = MECHANICAL_DESIGN_GEOMETRIC_PRESENTATION_REPRESENTATION('',(
    #7206),#7199);
#7206 = STYLED_ITEM('color',(#7207),#15);
#7207 = PRESENTATION_STYLE_ASSIGNMENT((#7208,#7214));
#7208 = SURFACE_STYLE_USAGE(.BOTH.,#7209);
#7209 = SURFACE_SIDE_STYLE('',(#7210));
#7210 = SURFACE_STYLE_FILL_AREA(#7211);
#7211 = FILL_AREA_STYLE('',(#7212));
#7212 = FILL_AREA_STYLE_COLOUR('',#7213);
#7213 = COLOUR_RGB('',0.447058818107,0.474509808674,0.501960817233);
#7214 = CURVE_STYLE('',#7215,POSITIVE_LENGTH_MEASURE(0.1),#7216);
#7215 = DRAUGHTING_PRE_DEFINED_CURVE_FONT('continuous');
#7216 = COLOUR_RGB('',9.803921802644E-02,9.803921802644E-02,
  9.803921802644E-02);
ENDSEC;
END-ISO-10303-21;
